{"voice":"P4-1","diatonic":"2D;2D;2D; N 2D;2D;2D; N 2D;2D;4A; N 2D;4A;2D; N 4A;2D;2D; N 2D;2D;2A; N 2D;2A;3D; N 2A;3D;5A; N 3D;5A;2D; N 5A;2D;4A; N 2D;4A;3A; N 4A;3A;2D; N 3A;2D;2D; N 2D;2D;2D; N 2D;2D;2D; N 2D;2D;7A; N 2D;7A;2D; N 7A;2D;3D; N 2D;3D;4A; N 3D;4A;3D; N 4A;3D;3D; N 3D;3D;2A; N 3D;2A;4A; N 2A;4A;5D; N 4A;5D;2A; N 5D;2A;2A; N 2A;2A;2A; N 2A;2A;2A; N 2A;2A;2A; N 2A;2A;2A; N 2A;2A;2A; N 2A;2A;2A; N 2A;2A;2D; N 2A;2D;2D; N 2D;2D;3D; N 2D;3D;2A; N 3D;2A;5D; N 2A;5D;4A; N 5D;4A;2D; N 4A;2D;2D; N 2D;2D;2D; N 2D;2D;2D; N 2D;2D;2A; N 2D;2A;2A; N 2A;2A;2A; N 2A;2A;3D; N 2A;3D;2A; N 3D;2A;2A; N 2A;2A;2A; N 2A;2A;2D; N 2A;2D;2D; N 2D;2D;2D; N 2D;2D;2D; N 2D;2D;2D; N 2D;2D;2A; N 2D;2A;3D; N 2A;3D;4A; N 3D;4A;2D; N 4A;2D;2D; N 2D;2D;3D; N 2D;3D;4A; N 3D;4A;4D; N ","ref":"all:composers:bach:bach:chorals:bwv248.28","melody":"2D;1D;2D; N 1D;2D;2D; N 2D;2D;5A; N 2D;5A;1D; N 5A;1D;2D; N 1D;2D;2A; N 2D;2A;4D; N 2A;4D;7A; N 4D;7A;12D; N 7A;12D;5A; N 12D;5A;4A; N 5A;4A;2D; N 4A;2D;2D; N 2D;2D;1D; N 2D;1D;2D; N 1D;2D;10A; N 2D;10A;1D; N 10A;1D;4D; N 1D;4D;5A; N 4D;5A;3D; N 5A;3D;4D; N 3D;4D;2A; N 4D;2A;5A; N 2A;5A;7D; N 5A;7D;2A; N 7D;2A;2A; N 2A;2A;2A; N 2A;2A;1A; N 2A;1A;2A; N 1A;2A;2A; N 2A;2A;1A; N 2A;1A;2A; N 1A;2A;1D; N 2A;1D;2D; N 1D;2D;4D; N 2D;4D;2A; N 4D;2A;7D; N 2A;7D;5A; N 7D;5A;1D; N 5A;1D;2D; N 1D;2D;2D; N 2D;2D;1D; N 2D;1D;1A; N 1D;1A;2A; N 1A;2A;1A; N 2A;1A;3D; N 1A;3D;2A; N 3D;2A;2A; N 2A;2A;1A; N 2A;1A;1D; N 1A;1D;2D; N 1D;2D;2D; N 2D;2D;2D; N 2D;2D;1D; N 2D;1D;2A; N 1D;2A;4D; N 2A;4D;5A; N 4D;5A;2D; N 5A;2D;1D; N 2D;1D;4D; N 1D;4D;5A; N 4D;5A;5D; N ","notes":"(2D|1)(1D|1)(2D|1) N (1D|1)(2D|1)(2D|2) N (2D|1)(2D|2)(5A|3\/2) N (2D|2)(5A|3\/2)(1D|1\/6) N (5A|3\/2)(1D|1\/6)(2D|1) N (1D|1\/6)(2D|1)(2A|2) N (2D|1)(2A|2)(4D|1) N (2A|2)(4D|1)(7A|1) N (4D|1)(7A|1)(12D|1) N (7A|1)(12D|1)(5A|4) N (12D|1)(5A|4)(4A|1\/4) N (5A|4)(4A|1\/4)(2D|1) N (4A|1\/4)(2D|1)(2D|1) N (2D|1)(2D|1)(1D|1) N (2D|1)(1D|1)(2D|1) N (1D|1)(2D|1)(10A|1) N (2D|1)(10A|1)(1D|1) N (10A|1)(1D|1)(4D|1) N (1D|1)(4D|1)(5A|1) N (4D|1)(5A|1)(3D|1) N (5A|1)(3D|1)(4D|1) N (3D|1)(4D|1)(2A|1) N (4D|1)(2A|1)(5A|2) N (2A|1)(5A|2)(7D|1\/2) N (5A|2)(7D|1\/2)(2A|1) N (7D|1\/2)(2A|1)(2A|1) N (2A|1)(2A|1)(2A|1) N (2A|1)(2A|1)(1A|1) N (2A|1)(1A|1)(2A|1) N (1A|1)(2A|1)(2A|1) N (2A|1)(2A|1)(1A|1) N (2A|1)(1A|1)(2A|1) N (1A|1)(2A|1)(1D|1) N (2A|1)(1D|1)(2D|1) N (1D|1)(2D|1)(4D|1) N (2D|1)(4D|1)(2A|1) N (4D|1)(2A|1)(0D|1) N (2A|1)(0D|1)(7D|2) N (0D|1)(7D|2)(5A|1) N (7D|2)(5A|1)(1D|1\/2) N (5A|1)(1D|1\/2)(2D|1) N (1D|1\/2)(2D|1)(2D|1) N (2D|1)(2D|1)(1D|1) N (2D|1)(1D|1)(1A|1) N (1D|1)(1A|1)(2A|1) N (1A|1)(2A|1)(1A|1) N (2A|1)(1A|1)(3D|1) N (1A|1)(3D|1)(2A|1) N (3D|1)(2A|1)(2A|1) N (2A|1)(2A|1)(1A|1) N (2A|1)(1A|1)(1D|1) N (1A|1)(1D|1)(2D|1) N (1D|1)(2D|1)(2D|1) N (2D|1)(2D|1)(2D|1) N (2D|1)(2D|1)(1D|1) N (2D|1)(1D|1)(2A|1) N (1D|1)(2A|1)(4D|1) N (2A|1)(4D|1)(5A|1) N (4D|1)(5A|1)(2D|1) N (5A|1)(2D|1)(1D|1) N (2D|1)(1D|1)(4D|1) N (1D|1)(4D|1)(5A|2) N (4D|1)(5A|2)(5D|3) N ","lyricist":"","composer":"","corpus_ref":"all:composers:bach:bach:chorals","id":"all:composers:bach:bach:chorals:bwv248.28:P4-1","title":"score.xml","rhythm":"(1)(1)(1) N (1)(1)(2) N (1)(2)(3\/2) N (2)(3\/2)(1\/6) N (3\/2)(1\/6)(1) N (1\/6)(1)(2) N (1)(2)(1) N (2)(1)(1) N (1)(1)(1) N (1)(1)(4) N (1)(4)(1\/4) N (4)(1\/4)(1) N (1\/4)(1)(1) N (1)(1)(1) N (1)(1)(1) N (1)(1)(1) N (1)(1)(1) N (1)(1)(1) N (1)(1)(1) N (1)(1)(1) N (1)(1)(1) N (1)(1)(1) N (1)(1)(2) N (1)(2)(1\/2) N (2)(1\/2)(1) N (1\/2)(1)(1) N (1)(1)(1) N (1)(1)(1) N (1)(1)(1) N (1)(1)(1) N (1)(1)(1) N (1)(1)(1) N (1)(1)(1) N (1)(1)(1) N (1)(1)(1) N (1)(1)(1) N (1)(1)(1) N (1)(1)(2) N (1)(2)(1) N (2)(1)(1\/2) N (1)(1\/2)(1) N (1\/2)(1)(1) N (1)(1)(1) N (1)(1)(1) N (1)(1)(1) N (1)(1)(1) N (1)(1)(1) N (1)(1)(1) N (1)(1)(1) N (1)(1)(1) N (1)(1)(1) N (1)(1)(1) N (1)(1)(1) N (1)(1)(1) N (1)(1)(1) N (1)(1)(1) N (1)(1)(1) N (1)(1)(1) N (1)(1)(1) N (1)(1)(1) N (1)(1)(1) N (1)(1)(2) N (1)(2)(3) N "}