{"voice":"P2-1","diatonic":"2A;2A;2A; N 2A;2A;2A; N 2A;2A;2D; N 2A;2D;2D; N 2D;2D;4D; N 2D;4D;2A; N 4D;2A;2A; N 2A;2A;2A; N 2A;2A;2D; N 2A;2D;2D; N 2D;2D;2D; N 2D;2D;2A; N 2D;2A;2A; N 2A;2A;2D; N 2A;2D;2A; N 2D;2A;2A; N 2A;2A;2A; N 2A;2A;2A; N 2A;2A;2D; N 2A;2D;2D; N 2D;2D;4D; N 2D;4D;2A; N 4D;2A;2A; N 2A;2A;2A; N 2A;2A;2D; N 2A;2D;2D; N 2D;2D;2D; N 2D;2D;2A; N 2D;2A;2A; N 2A;2A;2D; N 2A;2D;3A; N 2D;3A;4A; N 3A;4A;2D; N 4A;2D;2D; N 2D;2D;2D; N 2D;2D;4A; N 2D;4A;2D; N 4A;2D;2D; N 2D;2D;2D; N 2D;2D;3A; N 2D;3A;2A; N 3A;2A;2A; N 2A;2A;5D; N 2A;5D;2D; N 5D;2D;2A; N 2D;2A;2A; N 2A;2A;2A; N 2A;2A;2D; N 2A;2D;2D; N 2D;2D;2D; N ","ref":"all:composers:bach:bach:chorals:bwv88.7","melody":"2A;2A;1A; N 2A;1A;2A; N 1A;2A;2D; N 2A;2D;1D; N 2D;1D;5D; N 1D;5D;1A; N 5D;1A;2A; N 1A;2A;2A; N 2A;2A;2D; N 2A;2D;2D; N 2D;2D;1D; N 2D;1D;1A; N 1D;1A;2A; N 1A;2A;2D; N 2A;2D;2A; N 2D;2A;2A; N 2A;2A;1A; N 2A;1A;2A; N 1A;2A;2D; N 2A;2D;1D; N 2D;1D;5D; N 1D;5D;1A; N 5D;1A;2A; N 1A;2A;2A; N 2A;2A;2D; N 2A;2D;2D; N 2D;2D;1D; N 2D;1D;1A; N 1D;1A;2A; N 1A;2A;2D; N 2A;2D;4A; N 2D;4A;5A; N 4A;5A;2D; N 5A;2D;2D; N 2D;2D;1D; N 2D;1D;5A; N 1D;5A;2D; N 5A;2D;2D; N 2D;2D;1D; N 2D;1D;3A; N 1D;3A;1A; N 3A;1A;1A; N 1A;1A;7D; N 1A;7D;1D; N 7D;1D;1A; N 1D;1A;2A; N 1A;2A;1A; N 2A;1A;1D; N 1A;1D;2D; N 1D;2D;1D; N ","notes":"(2A|1)(2A|2)(0D|1) N (2A|2)(0D|1)(0D|1\/2) N (0D|1)(0D|1\/2)(1A|1) N (0D|1\/2)(1A|1)(2A|2) N (1A|1)(2A|2)(2D|1) N (2A|2)(2D|1)(0D|1) N (2D|1)(0D|1)(1D|2) N (0D|1)(1D|2)(5D|1\/2) N (1D|2)(5D|1\/2)(0D|1\/2) N (5D|1\/2)(0D|1\/2)(1A|1) N (0D|1\/2)(1A|1)(2A|2) N (1A|1)(2A|2)(0D|1) N (2A|2)(0D|1)(2A|1\/2) N (0D|1)(2A|1\/2)(2D|1) N (2A|1\/2)(2D|1)(2D|2) N (2D|1)(2D|2)(1D|1\/2) N (2D|2)(1D|1\/2)(1A|1) N (1D|1\/2)(1A|1)(2A|2) N (1A|1)(2A|2)(2D|3) N (2A|2)(2D|3)(0D|1\/6) N (2D|3)(0D|1\/6)(2A|1) N (0D|1\/6)(2A|1)(2A|2) N (2A|1)(2A|2)(0D|1) N (2A|2)(0D|1)(0D|1\/2) N (0D|1)(0D|1\/2)(1A|1) N (0D|1\/2)(1A|1)(2A|2) N (1A|1)(2A|2)(2D|1) N (2A|2)(2D|1)(0D|1) N (2D|1)(0D|1)(1D|2) N (0D|1)(1D|2)(5D|1\/2) N (1D|2)(5D|1\/2)(0D|1\/2) N (5D|1\/2)(0D|1\/2)(1A|1) N (0D|1\/2)(1A|1)(2A|2) N (1A|1)(2A|2)(0D|1) N (2A|2)(0D|1)(2A|1\/2) N (0D|1)(2A|1\/2)(2D|1) N (2A|1\/2)(2D|1)(2D|2) N (2D|1)(2D|2)(1D|1\/2) N (2D|2)(1D|1\/2)(1A|1) N (1D|1\/2)(1A|1)(2A|2) N (1A|1)(2A|2)(2D|3) N (2A|2)(2D|3)(4A|1\/3) N (2D|3)(4A|1\/3)(0D|1\/2) N (4A|1\/3)(0D|1\/2)(5A|1) N (0D|1\/2)(5A|1)(2D|1) N (5A|1)(2D|1)(2D|1) N (2D|1)(2D|1)(1D|2) N (2D|1)(1D|2)(5A|1) N (1D|2)(5A|1)(0D|1) N (5A|1)(0D|1)(2D|1\/2) N (0D|1)(2D|1\/2)(2D|1) N (2D|1\/2)(2D|1)(1D|2) N (2D|1)(1D|2)(3A|1) N (1D|2)(3A|1)(1A|1) N (3A|1)(1A|1)(1A|1) N (1A|1)(1A|1)(7D|1\/2) N (1A|1)(7D|1\/2)(1D|1) N (7D|1\/2)(1D|1)(1A|2) N (1D|1)(1A|2)(2A|1\/2) N (1A|2)(2A|1\/2)(1A|1) N (2A|1\/2)(1A|1)(1D|1) N (1A|1)(1D|1)(2D|1) N (1D|1)(2D|1)(1D|2) N ","lyricist":"","composer":"","corpus_ref":"all:composers:bach:bach:chorals","id":"all:composers:bach:bach:chorals:bwv88.7:P2-1","title":"Wer nur den lieben Gott läßt walten","rhythm":"(1)(2)(1) N (2)(1)(1\/2) N (1)(1\/2)(1) N (1\/2)(1)(2) N (1)(2)(1) N (2)(1)(1) N (1)(1)(2) N (1)(2)(1\/2) N (2)(1\/2)(1\/2) N (1\/2)(1\/2)(1) N (1\/2)(1)(2) N (1)(2)(1) N (2)(1)(1\/2) N (1)(1\/2)(1) N (1\/2)(1)(2) N (1)(2)(1\/2) N (2)(1\/2)(1) N (1\/2)(1)(2) N (1)(2)(3) N (2)(3)(1\/6) N (3)(1\/6)(1) N (1\/6)(1)(2) N (1)(2)(1) N (2)(1)(1\/2) N (1)(1\/2)(1) N (1\/2)(1)(2) N (1)(2)(1) N (2)(1)(1) N (1)(1)(2) N (1)(2)(1\/2) N (2)(1\/2)(1\/2) N (1\/2)(1\/2)(1) N (1\/2)(1)(2) N (1)(2)(1) N (2)(1)(1\/2) N (1)(1\/2)(1) N (1\/2)(1)(2) N (1)(2)(1\/2) N (2)(1\/2)(1) N (1\/2)(1)(2) N (1)(2)(3) N (2)(3)(1\/3) N (3)(1\/3)(1\/2) N (1\/3)(1\/2)(1) N (1\/2)(1)(1) N (1)(1)(1) N (1)(1)(2) N (1)(2)(1) N (2)(1)(1) N (1)(1)(1\/2) N (1)(1\/2)(1) N (1\/2)(1)(2) N (1)(2)(1) N (2)(1)(1) N (1)(1)(1) N (1)(1)(1\/2) N (1)(1\/2)(1) N (1\/2)(1)(2) N (1)(2)(1\/2) N (2)(1\/2)(1) N (1\/2)(1)(1) N (1)(1)(1) N (1)(1)(2) N "}