{"voice":"P4-1","diatonic":"2A;2D;2A; N 2D;2A;2D; N 2A;2D;2D; N 2D;2D;2A; N 2D;2A;4D; N 2A;4D;2A; N 4D;2A;3D; N 2A;3D;4A; N 3D;4A;2A; N 4A;2A;2A; N 2A;2A;2A; N 2A;2A;2A; N 2A;2A;4D; N 2A;4D;2D; N 4D;2D;2D; N 2D;2D;2D; N 2D;2D;2D; N 2D;2D;7A; N 2D;7A;2D; N 7A;2D;2D; N 2D;2D;2D; N 2D;2D;2A; N 2D;2A;2A; N 2A;2A;2D; N 2A;2D;4D; N 2D;4D;2A; N 4D;2A;2A; N 2A;2A;2A; N 2A;2A;2A; N 2A;2A;2A; N 2A;2A;4A; N 2A;4A;2D; N 4A;2D;2D; N 2D;2D;2A; N 2D;2A;2A; N 2A;2A;2D; N 2A;2D;4A; N 2D;4A;5A; N 4A;5A;2A; N 5A;2A;2A; N 2A;2A;2A; N 2A;2A;2D; N 2A;2D;2D; N 2D;2D;2D; N 2D;2D;2D; N 2D;2D;2D; N 2D;2D;2A; N 2D;2A;3D; N 2A;3D;4A; N 3D;4A;2D; N 4A;2D;2D; N 2D;2D;2D; N 2D;2D;2A; N 2D;2A;3D; N 2A;3D;4A; N 3D;4A;2A; N 4A;2A;2D; N 2A;2D;2D; N 2D;2D;2D; N 2D;2D;2A; N 2D;2A;2A; N 2A;2A;2D; N 2A;2D;4D; N 2D;4D;2A; N 4D;2A;4A; N 2A;4A;2D; N 4A;2D;2D; N 2D;2D;2A; N 2D;2A;2D; N 2A;2D;4A; N ","ref":"all:composers:bach:bach:chorals:bwv418","melody":"12A;1D;1A; N 1D;1A;2D; N 1A;2D;1D; N 2D;1D;1A; N 1D;1A;4D; N 1A;4D;1A; N 4D;1A;4D; N 1A;4D;5A; N 4D;5A;1A; N 5A;1A;1A; N 1A;1A;1A; N 1A;1A;1A; N 1A;1A;5D; N 1A;5D;2D; N 5D;2D;2D; N 2D;2D;1D; N 2D;1D;2D; N 1D;2D;10A; N 2D;10A;2D; N 10A;2D;1D; N 2D;1D;2D; N 1D;2D;2A; N 2D;2A;1A; N 2A;1A;1D; N 1A;1D;5D; N 1D;5D;1A; N 5D;1A;1A; N 1A;1A;1A; N 1A;1A;1A; N 1A;1A;1A; N 1A;1A;5A; N 1A;5A;2D; N 5A;2D;2D; N 2D;2D;1A; N 2D;1A;1A; N 1A;1A;12D; N 1A;12D;5A; N 12D;5A;7A; N 5A;7A;2A; N 7A;2A;2A; N 2A;2A;1A; N 2A;1A;1D; N 1A;1D;2D; N 1D;2D;2D; N 2D;2D;1D; N 2D;1D;2D; N 1D;2D;2A; N 2D;2A;4D; N 2A;4D;5A; N 4D;5A;2D; N 5A;2D;1D; N 2D;1D;2D; N 1D;2D;2A; N 2D;2A;4D; N 2A;4D;5A; N 4D;5A;2A; N 5A;2A;2D; N 2A;2D;1D; N 2D;1D;1D; N 1D;1D;1A; N 1D;1A;2A; N 1A;2A;2D; N 2A;2D;5D; N 2D;5D;1A; N 5D;1A;5A; N 1A;5A;1D; N 5A;1D;2D; N 1D;2D;2A; N 2D;2A;12D; N 2A;12D;5A; N ","notes":"(12A|1)(1D|1)(1A|1\/2) N (1D|1)(1A|1\/2)(2D|1) N (1A|1\/2)(2D|1)(1D|2) N (2D|1)(1D|2)(1A|1) N (1D|2)(1A|1)(4D|1) N (1A|1)(4D|1)(1A|1) N (4D|1)(1A|1)(4D|1) N (1A|1)(4D|1)(5A|1) N (4D|1)(5A|1)(1A|1) N (5A|1)(1A|1)(1A|1) N (1A|1)(1A|1)(1A|1) N (1A|1)(1A|1)(1A|3) N (1A|1)(1A|3)(5D|1\/6) N (1A|3)(5D|1\/6)(2D|1) N (5D|1\/6)(2D|1)(2D|2) N (2D|1)(2D|2)(1D|1) N (2D|2)(1D|1)(2D|1\/2) N (1D|1)(2D|1\/2)(10A|1) N (2D|1\/2)(10A|1)(2D|1) N (10A|1)(2D|1)(1D|1) N (2D|1)(1D|1)(2D|1) N (1D|1)(2D|1)(2A|1) N (2D|1)(2A|1)(1A|2) N (2A|1)(1A|2)(1D|1) N (1A|2)(1D|1)(5D|1) N (1D|1)(5D|1)(1A|1) N (5D|1)(1A|1)(1A|1) N (1A|1)(1A|1)(1A|1) N (1A|1)(1A|1)(1A|1) N (1A|1)(1A|1)(1A|3) N (1A|1)(1A|3)(5A|1\/6) N (1A|3)(5A|1\/6)(2D|1) N (5A|1\/6)(2D|1)(2D|2) N (2D|1)(2D|2)(1A|1) N (2D|2)(1A|1)(1A|1) N (1A|1)(1A|1)(12D|1) N (1A|1)(12D|1)(5A|3) N (12D|1)(5A|3)(7A|1\/3) N (5A|3)(7A|1\/3)(2A|1) N (7A|1\/3)(2A|1)(2A|1) N (2A|1)(2A|1)(1A|1\/2) N (2A|1)(1A|1\/2)(1D|1) N (1A|1\/2)(1D|1)(2D|1) N (1D|1)(2D|1)(2D|1) N (2D|1)(2D|1)(1D|1) N (2D|1)(1D|1)(2D|1) N (1D|1)(2D|1)(2A|1) N (2D|1)(2A|1)(4D|1) N (2A|1)(4D|1)(5A|2) N (4D|1)(5A|2)(0D|1\/2) N (5A|2)(0D|1\/2)(2D|1) N (0D|1\/2)(2D|1)(1D|1) N (2D|1)(1D|1)(2D|1) N (1D|1)(2D|1)(2A|1) N (2D|1)(2A|1)(4D|1) N (2A|1)(4D|1)(5A|1) N (4D|1)(5A|1)(2A|1) N (5A|1)(2A|1)(2D|1) N (2A|1)(2D|1)(1D|1) N (2D|1)(1D|1)(1D|1) N (1D|1)(1D|1)(1A|1) N (1D|1)(1A|1)(2A|2) N (1A|1)(2A|2)(2D|1) N (2A|2)(2D|1)(5D|1) N (2D|1)(5D|1)(1A|1) N (5D|1)(1A|1)(5A|1) N (1A|1)(5A|1)(1D|1\/2) N (5A|1)(1D|1\/2)(2D|1) N (1D|1\/2)(2D|1)(2A|1) N (2D|1)(2A|1)(12D|1) N (2A|1)(12D|1)(5A|6) N ","lyricist":"","composer":"","corpus_ref":"all:composers:bach:bach:chorals","id":"all:composers:bach:bach:chorals:bwv418:P4-1","title":"Von Gott will ich nicht lassen","rhythm":"(1)(1)(1\/2) N (1)(1\/2)(1) N (1\/2)(1)(2) N (1)(2)(1) N (2)(1)(1) N (1)(1)(1) N (1)(1)(1) N (1)(1)(1) N (1)(1)(1) N (1)(1)(1) N (1)(1)(1) N (1)(1)(3) N (1)(3)(1\/6) N (3)(1\/6)(1) N (1\/6)(1)(2) N (1)(2)(1) N (2)(1)(1\/2) N (1)(1\/2)(1) N (1\/2)(1)(1) N (1)(1)(1) N (1)(1)(1) N (1)(1)(1) N (1)(1)(2) N (1)(2)(1) N (2)(1)(1) N (1)(1)(1) N (1)(1)(1) N (1)(1)(1) N (1)(1)(1) N (1)(1)(3) N (1)(3)(1\/6) N (3)(1\/6)(1) N (1\/6)(1)(2) N (1)(2)(1) N (2)(1)(1) N (1)(1)(1) N (1)(1)(3) N (1)(3)(1\/3) N (3)(1\/3)(1) N (1\/3)(1)(1) N (1)(1)(1\/2) N (1)(1\/2)(1) N (1\/2)(1)(1) N (1)(1)(1) N (1)(1)(1) N (1)(1)(1) N (1)(1)(1) N (1)(1)(1) N (1)(1)(2) N (1)(2)(1\/2) N (2)(1\/2)(1) N (1\/2)(1)(1) N (1)(1)(1) N (1)(1)(1) N (1)(1)(1) N (1)(1)(1) N (1)(1)(1) N (1)(1)(1) N (1)(1)(1) N (1)(1)(1) N (1)(1)(1) N (1)(1)(2) N (1)(2)(1) N (2)(1)(1) N (1)(1)(1) N (1)(1)(1) N (1)(1)(1\/2) N (1)(1\/2)(1) N (1\/2)(1)(1) N (1)(1)(1) N (1)(1)(6) N "}