{"voice":"P1-1","diatonic":"3A;3A;3D; N 3A;3D;3D; N 3D;3D;5A; N 3D;5A;3D; N 5A;3D;3D; N 3D;3D;2A; N 3D;2A;2D; N 2A;2D;3D; N 2D;3D;5A; N 3D;5A;3D; N 5A;3D;3D; N 3D;3D;5A; N 3D;5A;3D; N 5A;3D;3D; N 3D;3D;4A; N 3D;4A;4D; N 4A;4D;3D; N 4D;3D;5A; N 3D;5A;3D; N 5A;3D;3D; N 3D;3D;5A; N 3D;5A;3D; N 5A;3D;3D; N 3D;3D;4A; N 3D;4A;3D; N 4A;3D;3D; N 3D;3D;3D; N 3D;3D;3A; N 3D;3A;3A; N 3A;3A;3A; N 3A;3A;2D; N 3A;2D;2D; N 2D;2D;2A; N 2D;2A;3D; N 2A;3D;3D; N 3D;3D;3D; N 3D;3D;3A; N 3D;3A;3A; N 3A;3A;3A; N 3A;3A;2D; N 3A;2D;2D; N 2D;2D;2A; N 2D;2A;3D; N 2A;3D;3D; N 3D;3D;3D; N 3D;3D;3A; N 3D;3A;3A; N 3A;3A;3A; N 3A;3A;2D; N 3A;2D;2D; N 2D;2D;2A; N 2D;2A;2A; N 2A;2A;2A; N 2A;2A;2A; N 2A;2A;4D; N 2A;4D;6A; N 4D;6A;3D; N 6A;3D;4D; N 3D;4D;6A; N 4D;6A;7D; N 6A;7D;2A; N 7D;2A;2A; N 2A;2A;2A; N 2A;2A;4D; N 2A;4D;6A; N 4D;6A;3D; N 6A;3D;4D; N 3D;4D;6A; N 4D;6A;7D; N 6A;7D;2A; N 7D;2A;2D; N 2A;2D;2D; N 2D;2D;2A; N 2D;2A;3D; N 2A;3D;2A; N 3D;2A;2A; N 2A;2A;2D; N 2A;2D;2D; N 2D;2D;2A; N 2D;2A;3D; N 2A;3D;5A; N 3D;5A;2A; N 5A;2A;2A; N 2A;2A;2D; N 2A;2D;2A; N 2D;2A;2D; N 2A;2D;2D; N 2D;2D;2A; N 2D;2A;3D; N 2A;3D;6A; N 3D;6A;2A; N 6A;2A;2A; N 2A;2A;5D; N 2A;5D;2A; N 5D;2A;2D; N 2A;2D;2D; N 2D;2D;2A; N 2D;2A;3D; N 2A;3D;7A; N 3D;7A;2A; N 7A;2A;2A; N 2A;2A;2D; N 2A;2D;2D; N 2D;2D;2D; N 2D;2D;2D; N 2D;2D;2A; N 2D;2A;3D; N 2A;3D;4D; N 3D;4D;4A; N 4D;4A;2D; N 4A;2D;2A; N 2D;2A;4D; N 2A;4D;3A; N 4D;3A;3A; N 3A;3A;3D; N 3A;3D;3D; N 3D;3D;5A; N 3D;5A;3D; N 5A;3D;3D; N 3D;3D;7A; N 3D;7A;2D; N 7A;2D;3D; N 2D;3D;5D; N 3D;5D;3A; N 5D;3A;3A; N 3A;3A;3D; N 3A;3D;3D; N 3D;3D;5A; N 3D;5A;3D; N 5A;3D;3D; N 3D;3D;7A; N 3D;7A;2D; N 7A;2D;3D; N 2D;3D;3D; N 3D;3D;2A; N 3D;2A;4D; N 2A;4D;3D; N 4D;3D;3D; N 3D;3D;2A; N 3D;2A;2A; N 2A;2A;2A; N 2A;2A;3D; N 2A;3D;3D; N 3D;3D;2A; N 3D;2A;4D; N 2A;4D;3D; N 4D;3D;3D; N 3D;3D;2A; N 3D;2A;2A; N 2A;2A;2A; N 2A;2A;2D; N 2A;2D;4A; N 2D;4A;2D; N 4A;2D;2D; N 2D;2D;2A; N 2D;2A;3D; N 2A;3D;2D; N 3D;2D;2A; N 2D;2A;3D; N 2A;3D;2A; N 3D;2A;3A; N 2A;3A;2D; N 3A;2D;2D; N 2D;2D;2A; N 2D;2A;3D; N 2A;3D;2D; N 3D;2D;2A; N 2D;2A;3D; N 2A;3D;2A; N 3D;2A;3D; N 2A;3D;5A; N 3D;5A;3D; N 5A;3D;6A; N 3D;6A;6D; N 6A;6D;2A; N 6D;2A;3A; N 2A;3A;3A; N 3A;3A;3D; N 3A;3D;3D; N 3D;3D;5A; N 3D;5A;3D; N 5A;3D;3D; N 3D;3D;2A; N 3D;2A;4D; N 2A;4D;3A; N 4D;3A;3A; N 3A;3A;3D; N 3A;3D;3D; N 3D;3D;5A; N 3D;5A;3D; N 5A;3D;3D; N 3D;3D;7A; N 3D;7A;2D; N 7A;2D;2D; N 2D;2D;2D; N 2D;2D;2D; N 2D;2D;2A; N 2D;2A;2A; N 2A;2A;5D; N 2A;5D;4A; N 5D;4A;2D; N 4A;2D;2A; N 2D;2A;2D; N 2A;2D;2D; N 2D;2D;2D; N 2D;2D;2D; N 2D;2D;2D; N 2D;2D;2D; N 2D;2D;2A; N 2D;2A;2A; N 2A;2A;2D; N 2A;2D;2D; N 2D;2D;2D; N 2D;2D;2D; N 2D;2D;2A; N 2D;2A;2A; N 2A;2A;5D; N 2A;5D;4A; N 5D;4A;2D; N 4A;2D;2A; N 2D;2A;4D; N 2A;4D;3D; N 4D;3D;3D; N ","ref":"all:composers:bach:inventions:inven10","melody":"4A;3A;3D; N 3A;3D;4D; N 3D;4D;7A; N 4D;7A;3D; N 7A;3D;4D; N 3D;4D;12A; N 4D;12A;1D; N 12A;1D;4D; N 1D;4D;7A; N 4D;7A;3D; N 7A;3D;4D; N 3D;4D;7A; N 4D;7A;3D; N 7A;3D;4D; N 3D;4D;5A; N 4D;5A;5D; N 5A;5D;3D; N 5D;3D;6A; N 3D;6A;3D; N 6A;3D;3D; N 3D;3D;6A; N 3D;6A;3D; N 6A;3D;3D; N 3D;3D;5A; N 3D;5A;4D; N 5A;4D;3D; N 4D;3D;3D; N 3D;3D;3A; N 3D;3A;3A; N 3A;3A;4A; N 3A;4A;2D; N 4A;2D;2D; N 2D;2D;2A; N 2D;2A;3D; N 2A;3D;4D; N 3D;4D;3D; N 4D;3D;3A; N 3D;3A;4A; N 3A;4A;3A; N 4A;3A;2D; N 3A;2D;1D; N 2D;1D;1A; N 1D;1A;3D; N 1A;3D;3D; N 3D;3D;4D; N 3D;4D;4A; N 4D;4A;3A; N 4A;3A;3A; N 3A;3A;1D; N 3A;1D;2D; N 1D;2D;2A; N 2D;2A;1A; N 2A;1A;2A; N 1A;2A;2A; N 2A;2A;5D; N 2A;5D;8A; N 5D;8A;3D; N 8A;3D;5D; N 3D;5D;8A; N 5D;8A;10D; N 8A;10D;2A; N 10D;2A;2A; N 2A;2A;1A; N 2A;1A;5D; N 1A;5D;9A; N 5D;9A;4D; N 9A;4D;5D; N 4D;5D;9A; N 5D;9A;11D; N 9A;11D;2A; N 11D;2A;2D; N 2A;2D;1D; N 2D;1D;1A; N 1D;1A;3D; N 1A;3D;2A; N 3D;2A;1A; N 2A;1A;1D; N 1A;1D;2D; N 1D;2D;2A; N 2D;2A;4D; N 2A;4D;7A; N 4D;7A;2A; N 7A;2A;1A; N 2A;1A;1D; N 1A;1D;1A; N 1D;1A;1D; N 1A;1D;2D; N 1D;2D;2A; N 2D;2A;4D; N 2A;4D;9A; N 4D;9A;2A; N 9A;2A;1A; N 2A;1A;6D; N 1A;6D;1A; N 6D;1A;1D; N 1A;1D;2D; N 1D;2D;2A; N 2D;2A;4D; N 2A;4D;10A; N 4D;10A;2A; N 10A;2A;2A; N 2A;2A;2D; N 2A;2D;2D; N 2D;2D;1D; N 2D;1D;2D; N 1D;2D;2A; N 2D;2A;4D; N 2A;4D;5D; N 4D;5D;5A; N 5D;5A;1D; N 5A;1D;1A; N 1D;1A;5D; N 1A;5D;4A; N 5D;4A;3A; N 4A;3A;3D; N 3A;3D;4D; N 3D;4D;7A; N 4D;7A;3D; N 7A;3D;4D; N 3D;4D;10A; N 4D;10A;1D; N 10A;1D;4D; N 1D;4D;7D; N 4D;7D;4A; N 7D;4A;3A; N 4A;3A;3D; N 3A;3D;4D; N 3D;4D;7A; N 4D;7A;3D; N 7A;3D;4D; N 3D;4D;10A; N 4D;10A;1D; N 10A;1D;4D; N 1D;4D;3D; N 4D;3D;12A; N 3D;12A;5D; N 12A;5D;4D; N 5D;4D;3D; N 4D;3D;2A; N 3D;2A;1A; N 2A;1A;2A; N 1A;2A;3D; N 2A;3D;4D; N 3D;4D;12A; N 4D;12A;5D; N 12A;5D;3D; N 5D;3D;4D; N 3D;4D;2A; N 4D;2A;2A; N 2A;2A;1A; N 2A;1A;1D; N 1A;1D;5A; N 1D;5A;2D; N 5A;2D;2D; N 2D;2D;2A; N 2D;2A;3D; N 2A;3D;2D; N 3D;2D;2A; N 2D;2A;4D; N 2A;4D;2A; N 4D;2A;3A; N 2A;3A;1D; N 3A;1D;2D; N 1D;2D;2A; N 2D;2A;4D; N 2A;4D;1D; N 4D;1D;1A; N 1D;1A;3D; N 1A;3D;2A; N 3D;2A;4D; N 2A;4D;7A; N 4D;7A;3D; N 7A;3D;8A; N 3D;8A;8D; N 8A;8D;1A; N 8D;1A;4A; N 1A;4A;3A; N 4A;3A;3D; N 3A;3D;4D; N 3D;4D;7A; N 4D;7A;3D; N 7A;3D;4D; N 3D;4D;12A; N 4D;12A;5D; N 12A;5D;4A; N 5D;4A;3A; N 4A;3A;3D; N 3A;3D;4D; N 3D;4D;7A; N 4D;7A;3D; N 7A;3D;4D; N 3D;4D;10A; N 4D;10A;1D; N 10A;1D;2D; N 1D;2D;2D; N 2D;2D;1D; N 2D;1D;1A; N 1D;1A;2A; N 1A;2A;7D; N 2A;7D;5A; N 7D;5A;1D; N 5A;1D;1A; N 1D;1A;1D; N 1A;1D;2D; N 1D;2D;2D; N 2D;2D;2D; N 2D;2D;1D; N 2D;1D;2D; N 1D;2D;2A; N 2D;2A;1A; N 2A;1A;1D; N 1A;1D;2D; N 1D;2D;2D; N 2D;2D;1D; N 2D;1D;1A; N 1D;1A;2A; N 1A;2A;7D; N 2A;7D;5A; N 7D;5A;1D; N 5A;1D;1A; N 1D;1A;5D; N 1A;5D;3D; N 5D;3D;4D; N ","notes":"(4A|1)(3A|1)(3D|1) N (3A|1)(3D|1)(4D|1) N (3D|1)(4D|1)(7A|1) N (4D|1)(7A|1)(3D|1) N (7A|1)(3D|1)(4D|1) N (3D|1)(4D|1)(12A|1) N (4D|1)(12A|1)(1D|2) N (12A|1)(1D|2)(4D|1\/2) N (1D|2)(4D|1\/2)(7A|1) N (4D|1\/2)(7A|1)(3D|1) N (7A|1)(3D|1)(4D|1) N (3D|1)(4D|1)(7A|1) N (4D|1)(7A|1)(3D|1) N (7A|1)(3D|1)(4D|1) N (3D|1)(4D|1)(5A|1) N (4D|1)(5A|1)(5D|1) N (5A|1)(5D|1)(3D|1) N (5D|1)(3D|1)(6A|1) N (3D|1)(6A|1)(3D|1) N (6A|1)(3D|1)(3D|1) N (3D|1)(3D|1)(6A|1) N (3D|1)(6A|1)(3D|1) N (6A|1)(3D|1)(3D|1) N (3D|1)(3D|1)(5A|1) N (3D|1)(5A|1)(4D|1) N (5A|1)(4D|1)(3D|1) N (4D|1)(3D|1)(3D|1) N (3D|1)(3D|1)(3A|1) N (3D|1)(3A|1)(3A|1) N (3A|1)(3A|1)(4A|1) N (3A|1)(4A|1)(2D|1) N (4A|1)(2D|1)(2D|1) N (2D|1)(2D|1)(2A|1) N (2D|1)(2A|1)(3D|1) N (2A|1)(3D|1)(4D|1) N (3D|1)(4D|1)(3D|1) N (4D|1)(3D|1)(3A|1) N (3D|1)(3A|1)(4A|1) N (3A|1)(4A|1)(3A|1) N (4A|1)(3A|1)(2D|1) N (3A|1)(2D|1)(1D|1) N (2D|1)(1D|1)(1A|1) N (1D|1)(1A|1)(3D|1) N (1A|1)(3D|1)(3D|1) N (3D|1)(3D|1)(4D|1) N (3D|1)(4D|1)(4A|1) N (4D|1)(4A|1)(3A|1) N (4A|1)(3A|1)(3A|1) N (3A|1)(3A|1)(1D|1) N (3A|1)(1D|1)(2D|1) N (1D|1)(2D|1)(2A|1) N (2D|1)(2A|1)(1A|1) N (2A|1)(1A|1)(2A|1) N (1A|1)(2A|1)(2A|1) N (2A|1)(2A|1)(5D|1) N (2A|1)(5D|1)(8A|1) N (5D|1)(8A|1)(3D|1) N (8A|1)(3D|1)(5D|1) N (3D|1)(5D|1)(8A|1) N (5D|1)(8A|1)(10D|1) N (8A|1)(10D|1)(2A|1) N (10D|1)(2A|1)(2A|1) N (2A|1)(2A|1)(1A|1) N (2A|1)(1A|1)(5D|1) N (1A|1)(5D|1)(9A|1) N (5D|1)(9A|1)(4D|1) N (9A|1)(4D|1)(5D|1) N (4D|1)(5D|1)(9A|1) N (5D|1)(9A|1)(11D|3) N (9A|1)(11D|3)(0D|1\/3) N (11D|3)(0D|1\/3)(2A|1) N (0D|1\/3)(2A|1)(2D|1) N (2A|1)(2D|1)(1D|1) N (2D|1)(1D|1)(1A|1) N (1D|1)(1A|1)(3D|1) N (1A|1)(3D|1)(2A|1) N (3D|1)(2A|1)(1A|1) N (2A|1)(1A|1)(1D|1) N (1A|1)(1D|1)(2D|1) N (1D|1)(2D|1)(2A|1) N (2D|1)(2A|1)(4D|1) N (2A|1)(4D|1)(7A|1) N (4D|1)(7A|1)(2A|1) N (7A|1)(2A|1)(1A|1) N (2A|1)(1A|1)(1D|1) N (1A|1)(1D|1)(1A|1) N (1D|1)(1A|1)(1D|1) N (1A|1)(1D|1)(2D|1) N (1D|1)(2D|1)(2A|1) N (2D|1)(2A|1)(4D|1) N (2A|1)(4D|1)(9A|1) N (4D|1)(9A|1)(2A|1) N (9A|1)(2A|1)(1A|1) N (2A|1)(1A|1)(6D|1) N (1A|1)(6D|1)(1A|1) N (6D|1)(1A|1)(1D|1) N (1A|1)(1D|1)(2D|1) N (1D|1)(2D|1)(2A|1) N (2D|1)(2A|1)(4D|1) N (2A|1)(4D|1)(10A|1) N (4D|1)(10A|1)(2A|1) N (10A|1)(2A|1)(2A|1) N (2A|1)(2A|1)(2D|1) N (2A|1)(2D|1)(2D|1) N (2D|1)(2D|1)(1D|1) N (2D|1)(1D|1)(2D|1) N (1D|1)(2D|1)(2A|1) N (2D|1)(2A|1)(4D|1) N (2A|1)(4D|1)(5D|1) N (4D|1)(5D|1)(5A|1) N (5D|1)(5A|1)(1D|1) N (5A|1)(1D|1)(1A|3) N (1D|1)(1A|3)(5D|1) N (1A|3)(5D|1)(0D|1) N (5D|1)(0D|1)(0D|1\/3) N (0D|1)(0D|1\/3)(4A|1) N (0D|1\/3)(4A|1)(3A|1) N (4A|1)(3A|1)(3D|1) N (3A|1)(3D|1)(4D|1) N (3D|1)(4D|1)(7A|1) N (4D|1)(7A|1)(3D|1) N (7A|1)(3D|1)(4D|1) N (3D|1)(4D|1)(10A|1) N (4D|1)(10A|1)(1D|3) N (10A|1)(1D|3)(4D|1) N (1D|3)(4D|1)(5D|1) N (4D|1)(5D|1)(2D|1\/3) N (5D|1)(2D|1\/3)(4A|1) N (2D|1\/3)(4A|1)(3A|1) N (4A|1)(3A|1)(3D|1) N (3A|1)(3D|1)(4D|1) N (3D|1)(4D|1)(7A|1) N (4D|1)(7A|1)(3D|1) N (7A|1)(3D|1)(4D|1) N (3D|1)(4D|1)(10A|1) N (4D|1)(10A|1)(1D|1) N (10A|1)(1D|1)(4D|1) N (1D|1)(4D|1)(3D|1) N (4D|1)(3D|1)(12A|1) N (3D|1)(12A|1)(5D|1) N (12A|1)(5D|1)(4D|1) N (5D|1)(4D|1)(3D|1) N (4D|1)(3D|1)(2A|1) N (3D|1)(2A|1)(1A|1) N (2A|1)(1A|1)(2A|1) N (1A|1)(2A|1)(3D|1) N (2A|1)(3D|1)(4D|1) N (3D|1)(4D|1)(12A|1) N (4D|1)(12A|1)(5D|1) N (12A|1)(5D|1)(3D|1) N (5D|1)(3D|1)(4D|1) N (3D|1)(4D|1)(2A|1) N (4D|1)(2A|1)(2A|1) N (2A|1)(2A|1)(1A|6) N (2A|1)(1A|6)(0D|1\/2) N (1A|6)(0D|1\/2)(0D|2) N (0D|1\/2)(0D|2)(0D|1\/2) N (0D|2)(0D|1\/2)(1D|2) N (0D|1\/2)(1D|2)(0D|1\/2) N (1D|2)(0D|1\/2)(0D|2) N (0D|1\/2)(0D|2)(0D|1\/2) N (0D|2)(0D|1\/2)(0D|1\/3) N (0D|1\/2)(0D|1\/3)(5A|1) N (0D|1\/3)(5A|1)(2D|1) N (5A|1)(2D|1)(2D|1) N (2D|1)(2D|1)(2A|1) N (2D|1)(2A|1)(3D|1) N (2A|1)(3D|1)(2D|1) N (3D|1)(2D|1)(2A|1) N (2D|1)(2A|1)(4D|1) N (2A|1)(4D|1)(2A|1) N (4D|1)(2A|1)(3A|1) N (2A|1)(3A|1)(1D|1) N (3A|1)(1D|1)(2D|1) N (1D|1)(2D|1)(2A|1) N (2D|1)(2A|1)(4D|1) N (2A|1)(4D|1)(1D|1) N (4D|1)(1D|1)(1A|1) N (1D|1)(1A|1)(3D|1) N (1A|1)(3D|1)(2A|2) N (3D|1)(2A|2)(4D|1\/2) N (2A|2)(4D|1\/2)(7A|2) N (4D|1\/2)(7A|2)(3D|1\/2) N (7A|2)(3D|1\/2)(8A|2) N (3D|1\/2)(8A|2)(8D|1\/2) N (8A|2)(8D|1\/2)(1A|1) N (8D|1\/2)(1A|1)(4A|1) N (1A|1)(4A|1)(3A|1) N (4A|1)(3A|1)(3D|1) N (3A|1)(3D|1)(4D|1) N (3D|1)(4D|1)(7A|1) N (4D|1)(7A|1)(3D|1) N (7A|1)(3D|1)(4D|1) N (3D|1)(4D|1)(12A|1) N (4D|1)(12A|1)(5D|1) N (12A|1)(5D|1)(4A|1) N (5D|1)(4A|1)(3A|1) N (4A|1)(3A|1)(3D|1) N (3A|1)(3D|1)(4D|1) N (3D|1)(4D|1)(7A|1) N (4D|1)(7A|1)(3D|1) N (7A|1)(3D|1)(4D|1) N (3D|1)(4D|1)(10A|1) N (4D|1)(10A|1)(1D|1) N (10A|1)(1D|1)(2D|1) N (1D|1)(2D|1)(2D|1) N (2D|1)(2D|1)(1D|1) N (2D|1)(1D|1)(1A|1) N (1D|1)(1A|1)(2A|1) N (1A|1)(2A|1)(7D|1) N (2A|1)(7D|1)(5A|1) N (7D|1)(5A|1)(1D|1) N (5A|1)(1D|1)(1A|1) N (1D|1)(1A|1)(1D|1) N (1A|1)(1D|1)(2D|1) N (1D|1)(2D|1)(2D|1) N (2D|1)(2D|1)(2D|1) N (2D|1)(2D|1)(1D|1) N (2D|1)(1D|1)(2D|1) N (1D|1)(2D|1)(2A|1) N (2D|1)(2A|1)(1A|1) N (2A|1)(1A|1)(1D|1) N (1A|1)(1D|1)(2D|1) N (1D|1)(2D|1)(2D|1) N (2D|1)(2D|1)(1D|1) N (2D|1)(1D|1)(1A|1) N (1D|1)(1A|1)(2A|1) N (1A|1)(2A|1)(7D|1) N (2A|1)(7D|1)(5A|1) N (7D|1)(5A|1)(1D|1) N (5A|1)(1D|1)(1A|1) N (1D|1)(1A|1)(5D|1) N (1A|1)(5D|1)(3D|1) N (5D|1)(3D|1)(4D|3) N (3D|1)(4D|3)(14A|1) N ","corpus_ref":"all:composers:bach:inventions","id":"all:composers:bach:inventions:inven10:P1-1","title":"Inventio 10","rhythm":"(1)(1)(1) N (1)(1)(1) N (1)(1)(1) N (1)(1)(1) N (1)(1)(1) N (1)(1)(1) N (1)(1)(2) N (1)(2)(1\/2) N (2)(1\/2)(1) N (1\/2)(1)(1) N (1)(1)(1) N (1)(1)(1) N (1)(1)(1) N (1)(1)(1) N (1)(1)(1) N (1)(1)(1) N (1)(1)(1) N (1)(1)(1) N (1)(1)(1) N (1)(1)(1) N (1)(1)(1) N (1)(1)(1) N (1)(1)(1) N (1)(1)(1) N (1)(1)(1) N (1)(1)(1) N (1)(1)(1) N (1)(1)(1) N (1)(1)(1) N (1)(1)(1) N (1)(1)(1) N (1)(1)(1) N (1)(1)(1) N (1)(1)(1) N (1)(1)(1) N (1)(1)(1) N (1)(1)(1) N (1)(1)(1) N (1)(1)(1) N (1)(1)(1) N (1)(1)(1) N (1)(1)(1) N (1)(1)(1) N (1)(1)(1) N (1)(1)(1) N (1)(1)(1) N (1)(1)(1) N (1)(1)(1) N (1)(1)(1) N (1)(1)(1) N (1)(1)(1) N (1)(1)(1) N (1)(1)(1) N (1)(1)(1) N (1)(1)(1) N (1)(1)(1) N (1)(1)(1) N (1)(1)(1) N (1)(1)(1) N (1)(1)(1) N (1)(1)(1) N (1)(1)(1) N (1)(1)(1) N (1)(1)(1) N (1)(1)(1) N (1)(1)(1) N (1)(1)(1) N (1)(1)(1) N (1)(1)(3) N (1)(3)(1\/3) N (3)(1\/3)(1) N (1\/3)(1)(1) N (1)(1)(1) N (1)(1)(1) N (1)(1)(1) N (1)(1)(1) N (1)(1)(1) N (1)(1)(1) N (1)(1)(1) N (1)(1)(1) N (1)(1)(1) N (1)(1)(1) N (1)(1)(1) N (1)(1)(1) N (1)(1)(1) N (1)(1)(1) N (1)(1)(1) N (1)(1)(1) N (1)(1)(1) N (1)(1)(1) N (1)(1)(1) N (1)(1)(1) N (1)(1)(1) N (1)(1)(1) N (1)(1)(1) N (1)(1)(1) N (1)(1)(1) N (1)(1)(1) N (1)(1)(1) N (1)(1)(1) N (1)(1)(1) N (1)(1)(1) N (1)(1)(1) N (1)(1)(1) N (1)(1)(1) N (1)(1)(1) N (1)(1)(1) N (1)(1)(1) N (1)(1)(1) N (1)(1)(1) N (1)(1)(1) N (1)(1)(3) N (1)(3)(-1) N (3)(-1)(-1) N (-1)(-1)(1\/3) N (-1)(1\/3)(1) N (1\/3)(1)(1) N (1)(1)(1) N (1)(1)(1) N (1)(1)(1) N (1)(1)(1) N (1)(1)(1) N (1)(1)(1) N (1)(1)(3) N (1)(3)(1) N (3)(1)(-1) N (1)(-1)(1\/3) N (-1)(1\/3)(1) N (1\/3)(1)(1) N (1)(1)(1) N (1)(1)(1) N (1)(1)(1) N (1)(1)(1) N (1)(1)(1) N (1)(1)(1) N (1)(1)(1) N (1)(1)(1) N (1)(1)(1) N (1)(1)(1) N (1)(1)(1) N (1)(1)(1) N (1)(1)(1) N (1)(1)(1) N (1)(1)(1) N (1)(1)(1) N (1)(1)(1) N (1)(1)(1) N (1)(1)(1) N (1)(1)(1) N (1)(1)(1) N (1)(1)(1) N (1)(1)(1) N (1)(1)(1) N (1)(1)(6) N (1)(6)(1\/2) N (6)(1\/2)(2) N (1\/2)(2)(1\/2) N (2)(1\/2)(2) N (1\/2)(2)(1\/2) N (2)(1\/2)(2) N (1\/2)(2)(1\/2) N (2)(1\/2)(1\/3) N (1\/2)(1\/3)(1) N (1\/3)(1)(1) N (1)(1)(1) N (1)(1)(1) N (1)(1)(1) N (1)(1)(1) N (1)(1)(1) N (1)(1)(1) N (1)(1)(1) N (1)(1)(1) N (1)(1)(1) N (1)(1)(1) N (1)(1)(1) N (1)(1)(1) N (1)(1)(1) N (1)(1)(1) N (1)(1)(1) N (1)(1)(2) N (1)(2)(1\/2) N (2)(1\/2)(2) N (1\/2)(2)(1\/2) N (2)(1\/2)(2) N (1\/2)(2)(1\/2) N (2)(1\/2)(1) N (1\/2)(1)(1) N (1)(1)(1) N (1)(1)(1) N (1)(1)(1) N (1)(1)(1) N (1)(1)(1) N (1)(1)(1) N (1)(1)(1) N (1)(1)(1) N (1)(1)(1) N (1)(1)(1) N (1)(1)(1) N (1)(1)(1) N (1)(1)(1) N (1)(1)(1) N (1)(1)(1) N (1)(1)(1) N (1)(1)(1) N (1)(1)(1) N (1)(1)(1) N (1)(1)(1) N (1)(1)(1) N (1)(1)(1) N (1)(1)(1) N (1)(1)(1) N (1)(1)(1) N (1)(1)(1) N (1)(1)(1) N (1)(1)(1) N (1)(1)(1) N (1)(1)(1) N (1)(1)(1) N (1)(1)(1) N (1)(1)(1) N (1)(1)(1) N (1)(1)(1) N (1)(1)(1) N (1)(1)(1) N (1)(1)(1) N (1)(1)(1) N (1)(1)(1) N (1)(1)(1) N (1)(1)(1) N (1)(1)(1) N (1)(1)(1) N (1)(1)(1) N (1)(1)(1) N (1)(1)(3) N (1)(3)(-1) N "}