{"voice":"P4-1","diatonic":"2A;2D;2A; N 2D;2A;2A; N 2A;2A;2A; N 2A;2A;2D; N 2A;2D;2A; N 2D;2A;3D; N 2A;3D;4A; N 3D;4A;2D; N 4A;2D;2A; N 2D;2A;2D; N 2A;2D;2A; N 2D;2A;2A; N 2A;2A;2A; N 2A;2A;2D; N 2A;2D;2A; N 2D;2A;3D; N 2A;3D;4A; N 3D;4A;3A; N 4A;3A;2A; N 3A;2A;3D; N 2A;3D;4A; N 3D;4A;2D; N 4A;2D;4A; N 2D;4A;4D; N 4A;4D;4A; N 4D;4A;2D; N 4A;2D;2A; N 2D;2A;3D; N 2A;3D;2A; N 3D;2A;2D; N 2A;2D;2A; N 2D;2A;2A; N 2A;2A;2A; N 2A;2A;2D; N 2A;2D;4A; N 2D;4A;4A; N 4A;4A;2D; N 4A;2D;2A; N 2D;2A;2A; N 2A;2A;2A; N 2A;2A;2D; N 2A;2D;2A; N 2D;2A;3D; N 2A;3D;4A; N 3D;4A;4D; N 4A;4D;2A; N 4D;2A;2D; N 2A;2D;2A; N 2D;2A;2A; N 2A;2A;2A; N 2A;2A;2D; N 2A;2D;2A; N 2D;2A;3D; N 2A;3D;4A; N 3D;4A;3D; N 4A;3D;2A; N 3D;2A;2A; N 2A;2A;2D; N 2A;2D;2D; N 2D;2D;2A; N 2D;2A;2D; N 2A;2D;2A; N 2D;2A;3D; N 2A;3D;5A; N 3D;5A;7D; N 5A;7D;2A; N 7D;2A;2A; N 2A;2A;2A; N 2A;2A;2A; N 2A;2A;2A; N 2A;2A;2D; N 2A;2D;4A; N ","ref":"all:composers:bach:bach:chorals:bwv64.4","melody":"1A;1D;1A; N 1D;1A;2A; N 1A;2A;2A; N 2A;2A;2D; N 2A;2D;2A; N 2D;2A;4D; N 2A;4D;5A; N 4D;5A;12D; N 5A;12D;2A; N 12D;2A;2D; N 2A;2D;2A; N 2D;2A;2A; N 2A;2A;2A; N 2A;2A;2D; N 2A;2D;2A; N 2D;2A;4D; N 2A;4D;5A; N 4D;5A;4A; N 5A;4A;1A; N 4A;1A;3D; N 1A;3D;5A; N 3D;5A;12D; N 5A;12D;5A; N 12D;5A;5D; N 5A;5D;5A; N 5D;5A;1D; N 5A;1D;1A; N 1D;1A;3D; N 1A;3D;2A; N 3D;2A;2D; N 2A;2D;2A; N 2D;2A;1A; N 2A;1A;2A; N 1A;2A;12D; N 2A;12D;5A; N 12D;5A;5A; N 5A;5A;1D; N 5A;1D;1A; N 1D;1A;2A; N 1A;2A;2A; N 2A;2A;2D; N 2A;2D;2A; N 2D;2A;4D; N 2A;4D;5A; N 4D;5A;4D; N 5A;4D;1A; N 4D;1A;1D; N 1A;1D;1A; N 1D;1A;2A; N 1A;2A;2A; N 2A;2A;2D; N 2A;2D;2A; N 2D;2A;4D; N 2A;4D;5A; N 4D;5A;3D; N 5A;3D;1A; N 3D;1A;2A; N 1A;2A;2D; N 2A;2D;1D; N 2D;1D;1A; N 1D;1A;1D; N 1A;1D;1A; N 1D;1A;3D; N 1A;3D;7A; N 3D;7A;10D; N 7A;10D;1A; N 10D;1A;2A; N 1A;2A;2A; N 2A;2A;1A; N 2A;1A;2A; N 1A;2A;12D; N 2A;12D;5A; N ","notes":"(1A|1\/2)(1D|1)(1A|1) N (1D|1)(1A|1)(2A|1) N (1A|1)(2A|1)(2A|1) N (2A|1)(2A|1)(2D|1) N (2A|1)(2D|1)(2A|1) N (2D|1)(2A|1)(4D|1) N (2A|1)(4D|1)(5A|6) N (4D|1)(5A|6)(12D|1\/3) N (5A|6)(12D|1\/3)(2A|1\/2) N (12D|1\/3)(2A|1\/2)(2D|1) N (2A|1\/2)(2D|1)(2A|1) N (2D|1)(2A|1)(2A|1) N (2A|1)(2A|1)(2A|1) N (2A|1)(2A|1)(2D|1) N (2A|1)(2D|1)(2A|1) N (2D|1)(2A|1)(4D|1) N (2A|1)(4D|1)(5A|2) N (4D|1)(5A|2)(0D|1) N (5A|2)(0D|1)(19A|1) N (0D|1)(19A|1)(15D|1) N (19A|1)(15D|1)(1A|1) N (15D|1)(1A|1)(3D|1) N (1A|1)(3D|1)(5A|1) N (3D|1)(5A|1)(12D|1) N (5A|1)(12D|1)(5A|3) N (12D|1)(5A|3)(5D|1\/3) N (5A|3)(5D|1\/3)(5A|1\/2) N (5D|1\/3)(5A|1\/2)(1D|1) N (5A|1\/2)(1D|1)(1A|1) N (1D|1)(1A|1)(3D|1) N (1A|1)(3D|1)(2A|1) N (3D|1)(2A|1)(2D|1) N (2A|1)(2D|1)(2A|1) N (2D|1)(2A|1)(1A|1) N (2A|1)(1A|1)(2A|2) N (1A|1)(2A|2)(12D|1) N (2A|2)(12D|1)(5A|1) N (12D|1)(5A|1)(0D|1) N (5A|1)(0D|1)(5A|1\/2) N (0D|1)(5A|1\/2)(1D|1) N (5A|1\/2)(1D|1)(1A|1) N (1D|1)(1A|1)(2A|1) N (1A|1)(2A|1)(2A|1) N (2A|1)(2A|1)(2D|1) N (2A|1)(2D|1)(2A|1) N (2D|1)(2A|1)(4D|1) N (2A|1)(4D|1)(5A|6) N (4D|1)(5A|6)(4D|1\/3) N (5A|6)(4D|1\/3)(1A|1\/2) N (4D|1\/3)(1A|1\/2)(1D|1) N (1A|1\/2)(1D|1)(1A|1) N (1D|1)(1A|1)(2A|1) N (1A|1)(2A|1)(2A|1) N (2A|1)(2A|1)(2D|1) N (2A|1)(2D|1)(2A|1) N (2D|1)(2A|1)(4D|1) N (2A|1)(4D|1)(5A|6) N (4D|1)(5A|6)(3D|1\/3) N (5A|6)(3D|1\/3)(1A|1\/2) N (3D|1\/3)(1A|1\/2)(2A|1) N (1A|1\/2)(2A|1)(2D|1) N (2A|1)(2D|1)(1D|1) N (2D|1)(1D|1)(1A|1) N (1D|1)(1A|1)(1D|1) N (1A|1)(1D|1)(1A|1) N (1D|1)(1A|1)(3D|1) N (1A|1)(3D|1)(7A|6) N (3D|1)(7A|6)(10D|1\/3) N (7A|6)(10D|1\/3)(1A|1\/2) N (10D|1\/3)(1A|1\/2)(2A|1) N (1A|1\/2)(2A|1)(2A|1) N (2A|1)(2A|1)(1A|1) N (2A|1)(1A|1)(2A|2) N (1A|1)(2A|2)(12D|1) N (2A|2)(12D|1)(5A|3) N ","lyricist":"","composer":"","corpus_ref":"all:composers:bach:bach:chorals","id":"all:composers:bach:bach:chorals:bwv64.4:P4-1","title":"Die Wollust dieser Welt","rhythm":"(1\/2)(1)(1) N (1)(1)(1) N (1)(1)(1) N (1)(1)(1) N (1)(1)(1) N (1)(1)(1) N (1)(1)(6) N (1)(6)(1\/3) N (6)(1\/3)(1\/2) N (1\/3)(1\/2)(1) N (1\/2)(1)(1) N (1)(1)(1) N (1)(1)(1) N (1)(1)(1) N (1)(1)(1) N (1)(1)(1) N (1)(1)(2) N (1)(2)(1) N (2)(1)(-1) N (1)(-1)(1) N (-1)(1)(1) N (1)(1)(1) N (1)(1)(1) N (1)(1)(1) N (1)(1)(3) N (1)(3)(1\/3) N (3)(1\/3)(1\/2) N (1\/3)(1\/2)(1) N (1\/2)(1)(1) N (1)(1)(1) N (1)(1)(1) N (1)(1)(1) N (1)(1)(1) N (1)(1)(1) N (1)(1)(2) N (1)(2)(1) N (2)(1)(1) N (1)(1)(1) N (1)(1)(1\/2) N (1)(1\/2)(1) N (1\/2)(1)(1) N (1)(1)(1) N (1)(1)(1) N (1)(1)(1) N (1)(1)(1) N (1)(1)(1) N (1)(1)(6) N (1)(6)(1\/3) N (6)(1\/3)(1\/2) N (1\/3)(1\/2)(1) N (1\/2)(1)(1) N (1)(1)(1) N (1)(1)(1) N (1)(1)(1) N (1)(1)(1) N (1)(1)(1) N (1)(1)(6) N (1)(6)(1\/3) N (6)(1\/3)(1\/2) N (1\/3)(1\/2)(1) N (1\/2)(1)(1) N (1)(1)(1) N (1)(1)(1) N (1)(1)(1) N (1)(1)(1) N (1)(1)(1) N (1)(1)(6) N (1)(6)(1\/3) N (6)(1\/3)(1\/2) N (1\/3)(1\/2)(1) N (1\/2)(1)(1) N (1)(1)(1) N (1)(1)(2) N (1)(2)(1) N (2)(1)(3) N "}