{"voice":"P4-1","diatonic":"2A;2D;2D; N 2D;2D;2D; N 2D;2D;4A; N 2D;4A;2A; N 4A;2A;2A; N 2A;2A;3D; N 2A;3D;4D; N 3D;4D;7D; N 4D;7D;2A; N 7D;2A;2D; N 2A;2D;2D; N 2D;2D;2A; N 2D;2A;2D; N 2A;2D;2D; N 2D;2D;2D; N 2D;2D;3A; N 2D;3A;2A; N 3A;2A;3D; N 2A;3D;4A; N 3D;4A;5D; N 4A;5D;2A; N 5D;2A;2D; N 2A;2D;2D; N 2D;2D;2D; N 2D;2D;4A; N 2D;4A;2A; N 4A;2A;2A; N 2A;2A;3D; N 2A;3D;4D; N 3D;4D;7D; N 4D;7D;2A; N 7D;2A;2D; N 2A;2D;2D; N 2D;2D;2A; N 2D;2A;2D; N 2A;2D;2D; N 2D;2D;2D; N 2D;2D;3A; N 2D;3A;2A; N 3A;2A;3D; N 2A;3D;4A; N 3D;4A;5D; N 4A;5D;2A; N 5D;2A;2D; N 2A;2D;2D; N 2D;2D;2D; N 2D;2D;2D; N 2D;2D;2A; N 2D;2A;3D; N 2A;3D;3D; N 3D;3D;2A; N 3D;2A;2A; N 2A;2A;2A; N 2A;2A;2A; N 2A;2A;2D; N 2A;2D;2D; N 2D;2D;2D; N 2D;2D;2D; N 2D;2D;5A; N 2D;5A;5D; N ","ref":"all:composers:bach:bach:chorals:bwv373","melody":"12A;1D;2D; N 1D;2D;2D; N 2D;2D;5A; N 2D;5A;2A; N 5A;2A;2A; N 2A;2A;4D; N 2A;4D;5D; N 4D;5D;10D; N 5D;10D;12A; N 10D;12A;2D; N 12A;2D;14D; N 2D;14D;12A; N 14D;12A;1D; N 12A;1D;2D; N 1D;2D;2D; N 2D;2D;4A; N 2D;4A;1A; N 4A;1A;3D; N 1A;3D;5A; N 3D;5A;7D; N 5A;7D;12A; N 7D;12A;1D; N 12A;1D;2D; N 1D;2D;2D; N 2D;2D;5A; N 2D;5A;2A; N 5A;2A;2A; N 2A;2A;4D; N 2A;4D;5D; N 4D;5D;10D; N 5D;10D;12A; N 10D;12A;2D; N 12A;2D;14D; N 2D;14D;12A; N 14D;12A;1D; N 12A;1D;2D; N 1D;2D;2D; N 2D;2D;4A; N 2D;4A;1A; N 4A;1A;3D; N 1A;3D;5A; N 3D;5A;7D; N 5A;7D;12A; N 7D;12A;1D; N 12A;1D;2D; N 1D;2D;2D; N 2D;2D;1D; N 2D;1D;1A; N 1D;1A;3D; N 1A;3D;4D; N 3D;4D;2A; N 4D;2A;2A; N 2A;2A;1A; N 2A;1A;2A; N 1A;2A;2D; N 2A;2D;1D; N 2D;1D;2D; N 1D;2D;2D; N 2D;2D;7A; N 2D;7A;7D; N ","notes":"(12A|1)(0D|1\/2)(1D|1) N (0D|1\/2)(1D|1)(2D|1) N (1D|1)(2D|1)(2D|1) N (2D|1)(2D|1)(5A|1) N (2D|1)(5A|1)(2A|1) N (5A|1)(2A|1)(2A|1) N (2A|1)(2A|1)(4D|1) N (2A|1)(4D|1)(5D|4) N (4D|1)(5D|4)(10D|1\/4) N (5D|4)(10D|1\/4)(12A|2) N (10D|1\/4)(12A|2)(2D|1\/2) N (12A|2)(2D|1\/2)(14D|1) N (2D|1\/2)(14D|1)(12A|2) N (14D|1)(12A|2)(1D|1\/2) N (12A|2)(1D|1\/2)(2D|2) N (1D|1\/2)(2D|2)(2D|1\/2) N (2D|2)(2D|1\/2)(4A|1) N (2D|1\/2)(4A|1)(1A|1) N (4A|1)(1A|1)(3D|1) N (1A|1)(3D|1)(5A|2) N (3D|1)(5A|2)(7D|4) N (5A|2)(7D|4)(0D|1\/4) N (7D|4)(0D|1\/4)(12A|1) N (0D|1\/4)(12A|1)(0D|1\/2) N (12A|1)(0D|1\/2)(1D|1) N (0D|1\/2)(1D|1)(2D|1) N (1D|1)(2D|1)(2D|1) N (2D|1)(2D|1)(5A|1) N (2D|1)(5A|1)(2A|1) N (5A|1)(2A|1)(2A|1) N (2A|1)(2A|1)(4D|1) N (2A|1)(4D|1)(5D|4) N (4D|1)(5D|4)(10D|1\/4) N (5D|4)(10D|1\/4)(12A|2) N (10D|1\/4)(12A|2)(2D|1\/2) N (12A|2)(2D|1\/2)(14D|1) N (2D|1\/2)(14D|1)(12A|2) N (14D|1)(12A|2)(1D|1\/2) N (12A|2)(1D|1\/2)(2D|2) N (1D|1\/2)(2D|2)(2D|1\/2) N (2D|2)(2D|1\/2)(4A|1) N (2D|1\/2)(4A|1)(1A|1) N (4A|1)(1A|1)(3D|1) N (1A|1)(3D|1)(5A|2) N (3D|1)(5A|2)(7D|4) N (5A|2)(7D|4)(0D|1\/8) N (7D|4)(0D|1\/8)(12A|2) N (0D|1\/8)(12A|2)(1D|1\/2) N (12A|2)(1D|1\/2)(2D|2) N (1D|1\/2)(2D|2)(2D|1) N (2D|2)(2D|1)(0D|1) N (2D|1)(0D|1)(1D|1) N (0D|1)(1D|1)(1A|1) N (1D|1)(1A|1)(0D|1) N (1A|1)(0D|1)(3D|1\/2) N (0D|1)(3D|1\/2)(4D|1) N (3D|1\/2)(4D|1)(2A|1) N (4D|1)(2A|1)(2A|1) N (2A|1)(2A|1)(1A|1) N (2A|1)(1A|1)(2A|1) N (1A|1)(2A|1)(2D|1) N (2A|1)(2D|1)(1D|1) N (2D|1)(1D|1)(2D|2) N (1D|1)(2D|2)(2D|1) N (2D|2)(2D|1)(7A|2) N (2D|1)(7A|2)(7D|2) N ","lyricist":"","composer":"","corpus_ref":"all:composers:bach:bach:chorals","id":"all:composers:bach:bach:chorals:bwv373:P4-1","title":"Liebster Jesu, wir sind hier","rhythm":"(1)(1\/2)(1) N (1\/2)(1)(1) N (1)(1)(1) N (1)(1)(1) N (1)(1)(1) N (1)(1)(1) N (1)(1)(1) N (1)(1)(4) N (1)(4)(1\/4) N (4)(1\/4)(2) N (1\/4)(2)(1\/2) N (2)(1\/2)(1) N (1\/2)(1)(2) N (1)(2)(1\/2) N (2)(1\/2)(2) N (1\/2)(2)(1\/2) N (2)(1\/2)(1) N (1\/2)(1)(1) N (1)(1)(1) N (1)(1)(2) N (1)(2)(4) N (2)(4)(1\/4) N (4)(1\/4)(1) N (1\/4)(1)(1\/2) N (1)(1\/2)(1) N (1\/2)(1)(1) N (1)(1)(1) N (1)(1)(1) N (1)(1)(1) N (1)(1)(1) N (1)(1)(1) N (1)(1)(4) N (1)(4)(1\/4) N (4)(1\/4)(2) N (1\/4)(2)(1\/2) N (2)(1\/2)(1) N (1\/2)(1)(2) N (1)(2)(1\/2) N (2)(1\/2)(2) N (1\/2)(2)(1\/2) N (2)(1\/2)(1) N (1\/2)(1)(1) N (1)(1)(1) N (1)(1)(2) N (1)(2)(4) N (2)(4)(1\/8) N (4)(1\/8)(2) N (1\/8)(2)(1\/2) N (2)(1\/2)(2) N (1\/2)(2)(1) N (2)(1)(1) N (1)(1)(1) N (1)(1)(1) N (1)(1)(1) N (1)(1)(1\/2) N (1)(1\/2)(1) N (1\/2)(1)(1) N (1)(1)(1) N (1)(1)(1) N (1)(1)(1) N (1)(1)(1) N (1)(1)(1) N (1)(1)(2) N (1)(2)(1) N (2)(1)(2) N (1)(2)(2) N "}