{"voice":"P4-1","diatonic":"3D;4D;4A; N 4D;4A;4A; N 4A;4A;2A; N 4A;2A;2A; N 2A;2A;2A; N 2A;2A;2D; N 2A;2D;2D; N 2D;2D;2D; N 2D;2D;2A; N 2D;2A;2A; N 2A;2A;2A; N 2A;2A;5D; N 2A;5D;2A; N 5D;2A;5D; N 2A;5D;4A; N 5D;4A;3D; N 4A;3D;4D; N 3D;4D;4A; N 4D;4A;4A; N 4A;4A;2A; N 4A;2A;2A; N 2A;2A;2A; N 2A;2A;2D; N 2A;2D;2D; N 2D;2D;2D; N 2D;2D;2A; N 2D;2A;2A; N 2A;2A;2A; N 2A;2A;5D; N 2A;5D;2A; N 5D;2A;5D; N 2A;5D;4A; N 5D;4A;2D; N 4A;2D;2D; N 2D;2D;4D; N 2D;4D;2A; N 4D;2A;2A; N 2A;2A;2A; N 2A;2A;2A; N 2A;2A;2A; N 2A;2A;4D; N 2A;4D;2A; N 4D;2A;2A; N 2A;2A;2A; N 2A;2A;2A; N 2A;2A;2A; N 2A;2A;4D; N 2A;4D;4A; N ","ref":"all:composers:bach:bach:chorals:bwv245.22","melody":"3D;5D;5A; N 5D;5A;5A; N 5A;5A;2A; N 5A;2A;1A; N 2A;1A;2A; N 1A;2A;1D; N 2A;1D;2D; N 1D;2D;2D; N 2D;2D;2A; N 2D;2A;2A; N 2A;2A;1A; N 2A;1A;7D; N 1A;7D;2A; N 7D;2A;7D; N 2A;7D;5A; N 7D;5A;3D; N 5A;3D;5D; N 3D;5D;5A; N 5D;5A;5A; N 5A;5A;2A; N 5A;2A;1A; N 2A;1A;2A; N 1A;2A;1D; N 2A;1D;2D; N 1D;2D;2D; N 2D;2D;2A; N 2D;2A;2A; N 2A;2A;1A; N 2A;1A;7D; N 1A;7D;2A; N 7D;2A;7D; N 2A;7D;5A; N 7D;5A;1D; N 5A;1D;2D; N 1D;2D;5D; N 2D;5D;1A; N 5D;1A;2A; N 1A;2A;2A; N 2A;2A;2A; N 2A;2A;1A; N 2A;1A;5D; N 1A;5D;1A; N 5D;1A;1A; N 1A;1A;1A; N 1A;1A;1A; N 1A;1A;1A; N 1A;1A;5D; N 1A;5D;5A; N ","notes":"(0D|1)(3D|1)(5D|1) N (3D|1)(5D|1)(5A|1) N (5D|1)(5A|1)(5A|1) N (5A|1)(5A|1)(2A|1\/2) N (5A|1)(2A|1\/2)(1A|1) N (2A|1\/2)(1A|1)(2A|2) N (1A|1)(2A|2)(0D|1) N (2A|2)(0D|1)(1D|1) N (0D|1)(1D|1)(2D|1\/2) N (1D|1)(2D|1\/2)(2D|1) N (2D|1\/2)(2D|1)(2A|1) N (2D|1)(2A|1)(2A|1) N (2A|1)(2A|1)(1A|2) N (2A|1)(1A|2)(7D|1) N (1A|2)(7D|1)(2A|1) N (7D|1)(2A|1)(7D|1) N (2A|1)(7D|1)(5A|1) N (7D|1)(5A|1)(0D|1) N (5A|1)(0D|1)(3D|1) N (0D|1)(3D|1)(5D|1) N (3D|1)(5D|1)(5A|1) N (5D|1)(5A|1)(5A|1) N (5A|1)(5A|1)(2A|1\/2) N (5A|1)(2A|1\/2)(1A|1) N (2A|1\/2)(1A|1)(2A|2) N (1A|1)(2A|2)(0D|1) N (2A|2)(0D|1)(1D|1) N (0D|1)(1D|1)(2D|1\/2) N (1D|1)(2D|1\/2)(2D|1) N (2D|1\/2)(2D|1)(2A|1) N (2D|1)(2A|1)(2A|1) N (2A|1)(2A|1)(1A|2) N (2A|1)(1A|2)(7D|1) N (1A|2)(7D|1)(2A|1) N (7D|1)(2A|1)(7D|1) N (2A|1)(7D|1)(5A|1\/2) N (7D|1)(5A|1\/2)(1D|1) N (5A|1\/2)(1D|1)(2D|2) N (1D|1)(2D|2)(5D|1) N (2D|2)(5D|1)(1A|1) N (5D|1)(1A|1)(2A|1) N (1A|1)(2A|1)(2A|1\/2) N (2A|1)(2A|1\/2)(2A|1) N (2A|1\/2)(2A|1)(1A|2) N (2A|1)(1A|2)(5D|1) N (1A|2)(5D|1)(0D|1) N (5D|1)(0D|1)(1A|1) N (0D|1)(1A|1)(1A|1) N (1A|1)(1A|1)(1A|1) N (1A|1)(1A|1)(1A|1) N (1A|1)(1A|1)(1A|1) N (1A|1)(1A|1)(5D|1) N (1A|1)(5D|1)(5A|1) N ","lyricist":"","composer":"","corpus_ref":"all:composers:bach:bach:chorals","id":"all:composers:bach:bach:chorals:bwv245.22:P4-1","title":"Machs mit mir, Gott, nach deiner Güt","rhythm":"(1)(1)(1) N (1)(1)(1) N (1)(1)(1) N (1)(1)(1\/2) N (1)(1\/2)(1) N (1\/2)(1)(2) N (1)(2)(1) N (2)(1)(1) N (1)(1)(1\/2) N (1)(1\/2)(1) N (1\/2)(1)(1) N (1)(1)(1) N (1)(1)(2) N (1)(2)(1) N (2)(1)(1) N (1)(1)(1) N (1)(1)(1) N (1)(1)(1) N (1)(1)(1) N (1)(1)(1) N (1)(1)(1) N (1)(1)(1) N (1)(1)(1\/2) N (1)(1\/2)(1) N (1\/2)(1)(2) N (1)(2)(1) N (2)(1)(1) N (1)(1)(1\/2) N (1)(1\/2)(1) N (1\/2)(1)(1) N (1)(1)(1) N (1)(1)(2) N (1)(2)(1) N (2)(1)(1) N (1)(1)(1) N (1)(1)(1\/2) N (1)(1\/2)(1) N (1\/2)(1)(2) N (1)(2)(1) N (2)(1)(1) N (1)(1)(1) N (1)(1)(1\/2) N (1)(1\/2)(1) N (1\/2)(1)(2) N (1)(2)(1) N (2)(1)(1) N (1)(1)(1) N (1)(1)(1) N (1)(1)(1) N (1)(1)(1) N (1)(1)(1) N (1)(1)(1) N (1)(1)(1) N "}