{"voice":"P8-1","diatonic":"4A;4D;4A; N 4D;4A;4D; N 4A;4D;4A; N 4D;4A;4D; N 4A;4D;4A; N 4D;4A;4D; N 4A;4D;4A; N 4D;4A;4D; N 4A;4D;4A; N 4D;4A;4D; N 4A;4D;4A; N 4D;4A;4D; N 4A;4D;4A; N 4D;4A;4D; N 4A;4D;4A; N 4D;4A;4D; N 4A;4D;4A; N 4D;4A;4D; N 4A;4D;4A; N ","ref":"all:composers:bach:bach:chorals:bwv29.8","melody":"5A;5D;5A; N 5D;5A;5D; N 5A;5D;5A; N 5D;5A;5D; N 5A;5D;5A; N 5D;5A;5D; N 5A;5D;5A; N 5D;5A;5D; N 5A;5D;5A; N 5D;5A;5D; N 5A;5D;5A; N 5D;5A;5D; N 5A;5D;5A; N 5D;5A;5D; N 5A;5D;5A; N 5D;5A;5D; N 5A;5D;5A; N 5D;5A;5D; N 5A;5D;5A; N ","notes":"(0D|2)(0D|1\/2)(0D|1) N (0D|1\/2)(0D|1)(24D|1) N (0D|1)(24D|1)(5A|1) N (24D|1)(5A|1)(19A|1) N (5A|1)(19A|1)(24D|1) N (19A|1)(24D|1)(5A|2) N (24D|1)(5A|2)(19A|1\/2) N (5A|2)(19A|1\/2)(0D|2) N (19A|1\/2)(0D|2)(0D|1\/2) N (0D|2)(0D|1\/2)(0D|1) N (0D|1\/2)(0D|1)(24D|1) N (0D|1)(24D|1)(5A|1) N (24D|1)(5A|1)(19A|1) N (5A|1)(19A|1)(24D|1) N (19A|1)(24D|1)(5A|2) N (24D|1)(5A|2)(19A|1\/2) N (5A|2)(19A|1\/2)(0D|2) N (19A|1\/2)(0D|2)(0D|1\/2) N (0D|2)(0D|1\/2)(0D|1) N (0D|1\/2)(0D|1)(24D|1) N (0D|1)(24D|1)(5A|1) N (24D|1)(5A|1)(19A|1) N (5A|1)(19A|1)(24D|1) N (19A|1)(24D|1)(5A|2) N (24D|1)(5A|2)(19A|1\/2) N (5A|2)(19A|1\/2)(0D|2) N (19A|1\/2)(0D|2)(0D|1\/2) N (0D|2)(0D|1\/2)(0D|1) N (0D|1\/2)(0D|1)(24D|1) N (0D|1)(24D|1)(5A|1) N (24D|1)(5A|1)(19A|1) N (5A|1)(19A|1)(24D|1) N (19A|1)(24D|1)(5A|2) N (24D|1)(5A|2)(19A|1\/2) N (5A|2)(19A|1\/2)(0D|2) N (19A|1\/2)(0D|2)(0D|1) N (0D|2)(0D|1)(0D|1) N (0D|1)(0D|1)(0D|1) N (0D|1)(0D|1)(0D|1) N (0D|1)(0D|1)(0D|1) N (0D|1)(0D|1)(0D|1) N (0D|1)(0D|1)(0D|1) N (0D|1)(0D|1)(0D|1) N (0D|1)(0D|1)(0D|1) N (0D|1)(0D|1)(0D|1) N (0D|1)(0D|1)(0D|1) N (0D|1)(0D|1)(0D|1) N (0D|1)(0D|1)(0D|1) N (0D|1)(0D|1)(0D|1) N (0D|1)(0D|1)(0D|1) N (0D|1)(0D|1)(0D|1) N (0D|1)(0D|1)(0D|1) N (0D|1)(0D|1)(0D|1) N (0D|1)(0D|1)(0D|1) N (0D|1)(0D|1)(0D|1) N (0D|1)(0D|1)(0D|1) N (0D|1)(0D|1)(0D|1\/2) N (0D|1)(0D|1\/2)(0D|1) N (0D|1\/2)(0D|1)(19D|1) N (0D|1)(19D|1)(5D|1) N (19D|1)(5D|1)(5A|2) N (5D|1)(5A|2)(5D|1) N (5A|2)(5D|1)(24A|1\/2) N (5D|1)(24A|1\/2)(0D|1) N (24A|1\/2)(0D|1)(0D|1) N (0D|1)(0D|1)(24D|1) N (0D|1)(24D|1)(5A|1) N (24D|1)(5A|1)(19A|1) N (5A|1)(19A|1)(24D|1) N (19A|1)(24D|1)(5A|2) N ","lyricist":"","composer":"","corpus_ref":"all:composers:bach:bach:chorals","id":"all:composers:bach:bach:chorals:bwv29.8:P8-1","title":"Nun lob, mein Seel, den Herren","rhythm":"(-1)(-1)(-1) N (-1)(-1)(1) N (-1)(1)(1) N (1)(1)(-1) N (1)(-1)(1) N (-1)(1)(2) N (1)(2)(-1) N (2)(-1)(-1) N (-1)(-1)(-1) N (-1)(-1)(-1) N (-1)(-1)(1) N (-1)(1)(1) N (1)(1)(-1) N (1)(-1)(1) N (-1)(1)(2) N (1)(2)(-1) N (2)(-1)(-1) N (-1)(-1)(-1) N (-1)(-1)(-1) N (-1)(-1)(1) N (-1)(1)(1) N (1)(1)(-1) N (1)(-1)(1) N (-1)(1)(2) N (1)(2)(-1) N (2)(-1)(-1) N (-1)(-1)(-1) N (-1)(-1)(-1) N (-1)(-1)(1) N (-1)(1)(1) N (1)(1)(-1) N (1)(-1)(1) N (-1)(1)(2) N (1)(2)(-1) N (2)(-1)(-1) N (-1)(-1)(-1) N (-1)(-1)(-1) N (-1)(-1)(-1) N (-1)(-1)(-1) N (-1)(-1)(-1) N (-1)(-1)(-1) N (-1)(-1)(-1) N (-1)(-1)(-1) N (-1)(-1)(-1) N (-1)(-1)(-1) N (-1)(-1)(-1) N (-1)(-1)(-1) N (-1)(-1)(-1) N (-1)(-1)(-1) N (-1)(-1)(-1) N (-1)(-1)(-1) N (-1)(-1)(-1) N (-1)(-1)(-1) N (-1)(-1)(-1) N (-1)(-1)(-1) N (-1)(-1)(-1) N (-1)(-1)(-1) N (-1)(-1)(-1) N (-1)(-1)(1) N (-1)(1)(1) N (1)(1)(2) N (1)(2)(1) N (2)(1)(-1) N (1)(-1)(-1) N (-1)(-1)(-1) N (-1)(-1)(1) N (-1)(1)(1) N (1)(1)(-1) N (1)(-1)(1) N (-1)(1)(2) N "}