{"voice":"P4-1","diatonic":"4D;2A;2D; N 2A;2D;2D; N 2D;2D;2D; N 2D;2D;4A; N 2D;4A;2A; N 4A;2A;5D; N 2A;5D;3D; N 5D;3D;5A; N 3D;5A;2A; N 5A;2A;2D; N 2A;2D;2D; N 2D;2D;2A; N 2D;2A;5D; N 2A;5D;2A; N 5D;2A;4D; N 2A;4D;2A; N 4D;2A;2D; N 2A;2D;2D; N 2D;2D;2D; N 2D;2D;4A; N 2D;4A;2A; N 4A;2A;5D; N 2A;5D;3D; N 5D;3D;5A; N 3D;5A;2A; N 5A;2A;2D; N 2A;2D;2D; N 2D;2D;2A; N 2D;2A;5D; N 2A;5D;7A; N 5D;7A;5D; N 7A;5D;2A; N 5D;2A;2A; N 2A;2A;2A; N 2A;2A;2A; N 2A;2A;2A; N 2A;2A;2A; N 2A;2A;6D; N 2A;6D;2A; N 6D;2A;2A; N 2A;2A;4A; N 2A;4A;2D; N 4A;2D;2D; N 2D;2D;2D; N 2D;2D;2D; N 2D;2D;2A; N 2D;2A;2A; N 2A;2A;2A; N 2A;2A;5D; N 2A;5D;2A; N 5D;2A;5D; N 2A;5D;6A; N 5D;6A;2A; N 6A;2A;2A; N 2A;2A;2D; N 2A;2D;2A; N 2D;2A;2A; N 2A;2A;2D; N 2A;2D;2D; N 2D;2D;2D; N 2D;2D;2D; N 2D;2D;2A; N 2D;2A;5D; N ","ref":"all:composers:bach:bach:chorals:bwv178.7","melody":"5D;1A;1D; N 1A;1D;2D; N 1D;2D;2D; N 2D;2D;5A; N 2D;5A;2A; N 5A;2A;7D; N 2A;7D;3D; N 7D;3D;7A; N 3D;7A;1A; N 7A;1A;1D; N 1A;1D;2D; N 1D;2D;2A; N 2D;2A;7D; N 2A;7D;12A; N 7D;12A;5D; N 12A;5D;1A; N 5D;1A;1D; N 1A;1D;2D; N 1D;2D;2D; N 2D;2D;5A; N 2D;5A;2A; N 5A;2A;7D; N 2A;7D;3D; N 7D;3D;7A; N 3D;7A;1A; N 7A;1A;1D; N 1A;1D;2D; N 1D;2D;2A; N 2D;2A;7D; N 2A;7D;10A; N 7D;10A;7D; N 10A;7D;2A; N 7D;2A;2A; N 2A;2A;1A; N 2A;1A;2A; N 1A;2A;1A; N 2A;1A;1A; N 1A;1A;9D; N 1A;9D;2A; N 9D;2A;2A; N 2A;2A;5A; N 2A;5A;2D; N 5A;2D;2D; N 2D;2D;1D; N 2D;1D;2D; N 1D;2D;2A; N 2D;2A;2A; N 2A;2A;1A; N 2A;1A;7D; N 1A;7D;2A; N 7D;2A;7D; N 2A;7D;9A; N 7D;9A;2A; N 9A;2A;1A; N 2A;1A;1D; N 1A;1D;2A; N 1D;2A;1A; N 2A;1A;2D; N 1A;2D;2D; N 2D;2D;1D; N 2D;1D;2D; N 1D;2D;2A; N 2D;2A;7D; N ","notes":"(5D|1)(1A|1)(1D|1\/2) N (1A|1)(1D|1\/2)(2D|1) N (1D|1\/2)(2D|1)(2D|2) N (2D|1)(2D|2)(5A|1) N (2D|2)(5A|1)(2A|1) N (5A|1)(2A|1)(7D|1) N (2A|1)(7D|1)(3D|1) N (7D|1)(3D|1)(7A|1) N (3D|1)(7A|1)(1A|2) N (7A|1)(1A|2)(1D|1\/4) N (1A|2)(1D|1\/4)(2D|1) N (1D|1\/4)(2D|1)(2A|4) N (2D|1)(2A|4)(7D|1\/2) N (2A|4)(7D|1\/2)(12A|1) N (7D|1\/2)(12A|1)(5D|1) N (12A|1)(5D|1)(1A|1) N (5D|1)(1A|1)(1D|1\/2) N (1A|1)(1D|1\/2)(2D|1) N (1D|1\/2)(2D|1)(2D|2) N (2D|1)(2D|2)(5A|1) N (2D|2)(5A|1)(2A|1) N (5A|1)(2A|1)(7D|1) N (2A|1)(7D|1)(3D|1) N (7D|1)(3D|1)(7A|1) N (3D|1)(7A|1)(1A|2) N (7A|1)(1A|2)(1D|1\/4) N (1A|2)(1D|1\/4)(2D|1) N (1D|1\/4)(2D|1)(2A|4) N (2D|1)(2A|4)(7D|1\/2) N (2A|4)(7D|1\/2)(10A|1) N (7D|1\/2)(10A|1)(7D|1\/2) N (10A|1)(7D|1\/2)(2A|1) N (7D|1\/2)(2A|1)(2A|1) N (2A|1)(2A|1)(1A|1) N (2A|1)(1A|1)(2A|2) N (1A|1)(2A|2)(1A|1) N (2A|2)(1A|1)(1A|1) N (1A|1)(1A|1)(9D|1\/2) N (1A|1)(9D|1\/2)(2A|1) N (9D|1\/2)(2A|1)(2A|2) N (2A|1)(2A|2)(5A|1\/2) N (2A|2)(5A|1\/2)(2D|1) N (5A|1\/2)(2D|1)(2D|1) N (2D|1)(2D|1)(1D|1) N (2D|1)(1D|1)(2D|2) N (1D|1)(2D|2)(2A|1\/2) N (2D|2)(2A|1\/2)(2A|1) N (2A|1\/2)(2A|1)(1A|2) N (2A|1)(1A|2)(7D|1) N (1A|2)(7D|1)(2A|1) N (7D|1)(2A|1)(7D|1) N (2A|1)(7D|1)(9A|1\/2) N (7D|1)(9A|1\/2)(2A|1) N (9A|1\/2)(2A|1)(1A|2) N (2A|1)(1A|2)(1D|1\/2) N (1A|2)(1D|1\/2)(2A|1) N (1D|1\/2)(2A|1)(1A|1) N (2A|1)(1A|1)(2D|1) N (1A|1)(2D|1)(2D|1) N (2D|1)(2D|1)(1D|1) N (2D|1)(1D|1)(2D|2) N (1D|1)(2D|2)(2A|1) N (2D|2)(2A|1)(7D|1) N ","lyricist":"","composer":"","corpus_ref":"all:composers:bach:bach:chorals","id":"all:composers:bach:bach:chorals:bwv178.7:P4-1","title":"Wo Gott, der Herr, nicht bei uns hält","rhythm":"(1)(1)(1\/2) N (1)(1\/2)(1) N (1\/2)(1)(2) N (1)(2)(1) N (2)(1)(1) N (1)(1)(1) N (1)(1)(1) N (1)(1)(1) N (1)(1)(2) N (1)(2)(1\/4) N (2)(1\/4)(1) N (1\/4)(1)(4) N (1)(4)(1\/2) N (4)(1\/2)(1) N (1\/2)(1)(1) N (1)(1)(1) N (1)(1)(1\/2) N (1)(1\/2)(1) N (1\/2)(1)(2) N (1)(2)(1) N (2)(1)(1) N (1)(1)(1) N (1)(1)(1) N (1)(1)(1) N (1)(1)(2) N (1)(2)(1\/4) N (2)(1\/4)(1) N (1\/4)(1)(4) N (1)(4)(1\/2) N (4)(1\/2)(1) N (1\/2)(1)(1\/2) N (1)(1\/2)(1) N (1\/2)(1)(1) N (1)(1)(1) N (1)(1)(2) N (1)(2)(1) N (2)(1)(1) N (1)(1)(1\/2) N (1)(1\/2)(1) N (1\/2)(1)(2) N (1)(2)(1\/2) N (2)(1\/2)(1) N (1\/2)(1)(1) N (1)(1)(1) N (1)(1)(2) N (1)(2)(1\/2) N (2)(1\/2)(1) N (1\/2)(1)(2) N (1)(2)(1) N (2)(1)(1) N (1)(1)(1) N (1)(1)(1\/2) N (1)(1\/2)(1) N (1\/2)(1)(2) N (1)(2)(1\/2) N (2)(1\/2)(1) N (1\/2)(1)(1) N (1)(1)(1) N (1)(1)(1) N (1)(1)(1) N (1)(1)(2) N (1)(2)(1) N (2)(1)(1) N "}