{"voice":"P4-1","diatonic":"4D;4A;4D; N 4A;4D;4A; N 4D;4A;4D; N 4A;4D;4A; N 4D;4A;4D; N 4A;4D;4A; N ","ref":"all:composers:bach:bach:chorals:bwv130.6","melody":"5D;5A;5D; N 5A;5D;5A; N 5D;5A;5D; N 5A;5D;5A; N 5D;5A;5D; N 5A;5D;5A; N ","notes":"(0D|2)(0D|1)(21D|1\/2) N (0D|1)(21D|1\/2)(0D|1) N (21D|1\/2)(0D|1)(0D|1) N (0D|1)(0D|1)(5D|1) N (0D|1)(5D|1)(5A|2) N (5D|1)(5A|2)(21A|1\/2) N (5A|2)(21A|1\/2)(0D|2) N (21A|1\/2)(0D|2)(0D|1) N (0D|2)(0D|1)(21D|1\/2) N (0D|1)(21D|1\/2)(0D|1) N (21D|1\/2)(0D|1)(0D|1) N (0D|1)(0D|1)(0D|1) N (0D|1)(0D|1)(5D|2) N (0D|1)(5D|2)(26A|1\/2) N (5D|2)(26A|1\/2)(0D|2) N (26A|1\/2)(0D|2)(0D|1) N (0D|2)(0D|1)(21D|1\/2) N (0D|1)(21D|1\/2)(0D|1) N (21D|1\/2)(0D|1)(21A|1) N (0D|1)(21A|1)(26D|1) N (21A|1)(26D|1)(5A|2) N (26D|1)(5A|2)(21A|1\/2) N (5A|2)(21A|1\/2)(21D|2) N (21A|1\/2)(21D|2)(21A|1\/2) N (21D|2)(21A|1\/2)(0D|2) N (21A|1\/2)(0D|2)(21D|1\/2) N (0D|2)(21D|1\/2)(0D|1) N (21D|1\/2)(0D|1)(5D|1) N (0D|1)(5D|1)(0D|1) N (5D|1)(0D|1)(5A|2) N ","lyricist":"","composer":"","corpus_ref":"all:composers:bach:bach:chorals","id":"all:composers:bach:bach:chorals:bwv130.6:P4-1","title":"Ihr Knecht des Herren allzugleich","rhythm":"(-1)(-1)(1\/2) N (-1)(1\/2)(1) N (1\/2)(1)(1) N (1)(1)(1) N (1)(1)(2) N (1)(2)(-1) N (2)(-1)(-1) N (-1)(-1)(-1) N (-1)(-1)(1\/2) N (-1)(1\/2)(1) N (1\/2)(1)(1) N (1)(1)(1) N (1)(1)(2) N (1)(2)(-1) N (2)(-1)(-1) N (-1)(-1)(-1) N (-1)(-1)(1\/2) N (-1)(1\/2)(1) N (1\/2)(1)(-1) N (1)(-1)(1) N (-1)(1)(2) N (1)(2)(-1) N (2)(-1)(2) N (-1)(2)(-1) N (2)(-1)(-1) N (-1)(-1)(1\/2) N (-1)(1\/2)(1) N (1\/2)(1)(1) N (1)(1)(1) N (1)(1)(2) N "}