{"voice":"P4-1","diatonic":"2A;2D;2D; N 2D;2D;2D; N 2D;2D;2D; N 2D;2D;2A; N 2D;2A;3D; N 2A;3D;2A; N 3D;2A;5D; N 2A;5D;2A; N 5D;2A;2A; N 2A;2A;2A; N 2A;2A;4D; N 2A;4D;2A; N 4D;2A;2D; N 2A;2D;2D; N 2D;2D;2D; N 2D;2D;5D; N 2D;5D;2A; N 5D;2A;2D; N 2A;2D;2D; N 2D;2D;2D; N 2D;2D;2D; N 2D;2D;2A; N 2D;2A;3D; N 2A;3D;2A; N 3D;2A;5D; N 2A;5D;2A; N 5D;2A;2A; N 2A;2A;2A; N 2A;2A;4D; N 2A;4D;2A; N 4D;2A;2D; N 2A;2D;2D; N 2D;2D;2D; N 2D;2D;4A; N 2D;4A;2D; N 4A;2D;2D; N 2D;2D;2D; N 2D;2D;2A; N 2D;2A;2D; N 2A;2D;2D; N 2D;2D;2A; N 2D;2A;2A; N 2A;2A;2A; N 2A;2A;5D; N 2A;5D;5A; N 5D;5A;2D; N 5A;2D;2D; N 2D;2D;2D; N 2D;2D;2D; N 2D;2D;3A; N 2D;3A;2D; N 3A;2D;2D; N 2D;2D;2D; N 2D;2D;2D; N 2D;2D;5A; N 2D;5A;5D; N ","ref":"all:composers:bach:bach:chorals:bwv331","melody":"12A;2D;1D; N 2D;1D;1D; N 1D;1D;1D; N 1D;1D;1A; N 1D;1A;3D; N 1A;3D;2A; N 3D;2A;7D; N 2A;7D;12A; N 7D;12A;2A; N 12A;2A;1A; N 2A;1A;4D; N 1A;4D;1A; N 4D;1A;2D; N 1A;2D;2D; N 2D;2D;1D; N 2D;1D;7D; N 1D;7D;12A; N 7D;12A;2D; N 12A;2D;1D; N 2D;1D;1D; N 1D;1D;1D; N 1D;1D;1A; N 1D;1A;3D; N 1A;3D;2A; N 3D;2A;7D; N 2A;7D;12A; N 7D;12A;2A; N 12A;2A;1A; N 2A;1A;4D; N 1A;4D;1A; N 4D;1A;2D; N 1A;2D;2D; N 2D;2D;1D; N 2D;1D;5A; N 1D;5A;2D; N 5A;2D;2D; N 2D;2D;1D; N 2D;1D;1A; N 1D;1A;1D; N 1A;1D;2D; N 1D;2D;2A; N 2D;2A;1A; N 2A;1A;2A; N 1A;2A;7D; N 2A;7D;7A; N 7D;7A;2D; N 7A;2D;1D; N 2D;1D;2D; N 1D;2D;2D; N 2D;2D;4A; N 2D;4A;2D; N 4A;2D;2D; N 2D;2D;1D; N 2D;1D;2D; N 1D;2D;7A; N 2D;7A;7D; N ","notes":"(12A|1\/2)(2D|1)(1D|2) N (2D|1)(1D|2)(1D|1) N (1D|2)(1D|1)(1D|1) N (1D|1)(1D|1)(1A|1\/2) N (1D|1)(1A|1\/2)(3D|1) N (1A|1\/2)(3D|1)(2A|4) N (3D|1)(2A|4)(7D|1) N (2A|4)(7D|1)(12A|1\/2) N (7D|1)(12A|1\/2)(2A|1) N (12A|1\/2)(2A|1)(1A|1) N (2A|1)(1A|1)(4D|1) N (1A|1)(4D|1)(1A|1\/2) N (4D|1)(1A|1\/2)(2D|1) N (1A|1\/2)(2D|1)(2D|2) N (2D|1)(2D|2)(1D|4) N (2D|2)(1D|4)(7D|1\/4) N (1D|4)(7D|1\/4)(12A|1\/2) N (7D|1\/4)(12A|1\/2)(2D|1) N (12A|1\/2)(2D|1)(1D|2) N (2D|1)(1D|2)(1D|1) N (1D|2)(1D|1)(1D|1) N (1D|1)(1D|1)(1A|1\/2) N (1D|1)(1A|1\/2)(3D|1) N (1A|1\/2)(3D|1)(2A|4) N (3D|1)(2A|4)(7D|1) N (2A|4)(7D|1)(12A|1\/2) N (7D|1)(12A|1\/2)(2A|1) N (12A|1\/2)(2A|1)(1A|1) N (2A|1)(1A|1)(4D|1) N (1A|1)(4D|1)(1A|1\/2) N (4D|1)(1A|1\/2)(2D|1) N (1A|1\/2)(2D|1)(2D|2) N (2D|1)(2D|2)(1D|4) N (2D|2)(1D|4)(5A|1\/4) N (1D|4)(5A|1\/4)(2D|1\/2) N (5A|1\/4)(2D|1\/2)(2D|1) N (2D|1\/2)(2D|1)(1D|2) N (2D|1)(1D|2)(1A|1\/2) N (1D|2)(1A|1\/2)(1D|1) N (1A|1\/2)(1D|1)(2D|2) N (1D|1)(2D|2)(2A|1\/2) N (2D|2)(2A|1\/2)(1A|1) N (2A|1\/2)(1A|1)(2A|4) N (1A|1)(2A|4)(7D|1) N (2A|4)(7D|1)(7A|1\/4) N (7D|1)(7A|1\/4)(2D|1) N (7A|1\/4)(2D|1)(1D|1) N (2D|1)(1D|1)(2D|1) N (1D|1)(2D|1)(2D|1) N (2D|1)(2D|1)(4A|1) N (2D|1)(4A|1)(2D|1) N (4A|1)(2D|1)(2D|1) N (2D|1)(2D|1)(1D|2) N (2D|1)(1D|2)(2D|1) N (1D|2)(2D|1)(7A|2) N (2D|1)(7A|2)(7D|1) N ","lyricist":"","composer":"","corpus_ref":"all:composers:bach:bach:chorals","id":"all:composers:bach:bach:chorals:bwv331:P4-1","title":"Herr, ich habe mißgehandelt","rhythm":"(1\/2)(1)(2) N (1)(2)(1) N (2)(1)(1) N (1)(1)(1\/2) N (1)(1\/2)(1) N (1\/2)(1)(4) N (1)(4)(1) N (4)(1)(1\/2) N (1)(1\/2)(1) N (1\/2)(1)(1) N (1)(1)(1) N (1)(1)(1\/2) N (1)(1\/2)(1) N (1\/2)(1)(2) N (1)(2)(4) N (2)(4)(1\/4) N (4)(1\/4)(1\/2) N (1\/4)(1\/2)(1) N (1\/2)(1)(2) N (1)(2)(1) N (2)(1)(1) N (1)(1)(1\/2) N (1)(1\/2)(1) N (1\/2)(1)(4) N (1)(4)(1) N (4)(1)(1\/2) N (1)(1\/2)(1) N (1\/2)(1)(1) N (1)(1)(1) N (1)(1)(1\/2) N (1)(1\/2)(1) N (1\/2)(1)(2) N (1)(2)(4) N (2)(4)(1\/4) N (4)(1\/4)(1\/2) N (1\/4)(1\/2)(1) N (1\/2)(1)(2) N (1)(2)(1\/2) N (2)(1\/2)(1) N (1\/2)(1)(2) N (1)(2)(1\/2) N (2)(1\/2)(1) N (1\/2)(1)(4) N (1)(4)(1) N (4)(1)(1\/4) N (1)(1\/4)(1) N (1\/4)(1)(1) N (1)(1)(1) N (1)(1)(1) N (1)(1)(1) N (1)(1)(1) N (1)(1)(1) N (1)(1)(2) N (1)(2)(1) N (2)(1)(2) N (1)(2)(1) N "}