{"voice":"P1-1","diatonic":"5A;2A;2A; N 2A;2A;2D; N 2A;2D;2D; N 2D;2D;2D; N 2D;2D;2A; N 2D;2A;2A; N 2A;2A;2A; N 2A;2A;2A; N 2A;2A;4D; N 2A;4D;3A; N 4D;3A;2D; N 3A;2D;2D; N 2D;2D;3A; N 2D;3A;2D; N 3A;2D;2D; N 2D;2D;2D; N 2D;2D;2D; N 2D;2D;2D; N 2D;2D;2A; N 2D;2A;3D; N 2A;3D;2D; N 3D;2D;4A; N 2D;4A;2A; N 4A;2A;2A; N 2A;2A;2D; N 2A;2D;2D; N 2D;2D;5A; N 2D;5A;3D; N 5A;3D;2D; N 3D;2D;2D; N 2D;2D;2D; N 2D;2D;2D; N ","ref":"all:composers:bach:bach:chorals:bwv145.5","melody":"7A;2A;1A; N 2A;1A;1D; N 1A;1D;2D; N 1D;2D;2D; N 2D;2D;2A; N 2D;2A;2A; N 2A;2A;2A; N 2A;2A;1A; N 2A;1A;5D; N 1A;5D;3A; N 5D;3A;1D; N 3A;1D;2D; N 1D;2D;3A; N 2D;3A;2D; N 3A;2D;1D; N 2D;1D;2D; N 1D;2D;2D; N 2D;2D;1D; N 2D;1D;1A; N 1D;1A;3D; N 1A;3D;2D; N 3D;2D;5A; N 2D;5A;2A; N 5A;2A;2A; N 2A;2A;2D; N 2A;2D;2D; N 2D;2D;7A; N 2D;7A;3D; N 7A;3D;2D; N 3D;2D;2D; N 2D;2D;1D; N 2D;1D;2D; N ","notes":"(0D|1)(0D|1)(7A|2) N (0D|1)(7A|2)(2A|1\/2) N (7A|2)(2A|1\/2)(1A|1) N (2A|1\/2)(1A|1)(1D|1) N (1A|1)(1D|1)(2D|1) N (1D|1)(2D|1)(2D|3) N (2D|1)(2D|3)(2A|1\/3) N (2D|3)(2A|1\/3)(2A|1) N (2A|1\/3)(2A|1)(2A|1) N (2A|1)(2A|1)(1A|2) N (2A|1)(1A|2)(5D|1\/2) N (1A|2)(5D|1\/2)(3A|1) N (5D|1\/2)(3A|1)(1D|2) N (3A|1)(1D|2)(2D|1) N (1D|2)(2D|1)(0D|1\/2) N (2D|1)(0D|1\/2)(3A|1) N (0D|1\/2)(3A|1)(2D|1) N (3A|1)(2D|1)(1D|1) N (2D|1)(1D|1)(2D|1) N (1D|1)(2D|1)(2D|1) N (2D|1)(2D|1)(1D|1) N (2D|1)(1D|1)(1A|1) N (1D|1)(1A|1)(3D|2) N (1A|1)(3D|2)(2D|1) N (3D|2)(2D|1)(0D|1\/2) N (2D|1)(0D|1\/2)(5A|2) N (0D|1\/2)(5A|2)(2A|1\/2) N (5A|2)(2A|1\/2)(2A|2) N (2A|1\/2)(2A|2)(2D|1\/2) N (2A|2)(2D|1\/2)(2D|1) N (2D|1\/2)(2D|1)(7A|2) N (2D|1)(7A|2)(3D|1) N (7A|2)(3D|1)(2D|1\/2) N (3D|1)(2D|1\/2)(2D|1) N (2D|1\/2)(2D|1)(1D|2) N (2D|1)(1D|2)(2D|3\/2) N ","lyricist":"","composer":"","corpus_ref":"all:composers:bach:bach:chorals","id":"all:composers:bach:bach:chorals:bwv145.5:P1-1","title":"Am Sabbat früh Marien drei 2","rhythm":"(1)(1)(2) N (1)(2)(1\/2) N (2)(1\/2)(1) N (1\/2)(1)(1) N (1)(1)(1) N (1)(1)(3) N (1)(3)(1\/3) N (3)(1\/3)(1) N (1\/3)(1)(1) N (1)(1)(2) N (1)(2)(1\/2) N (2)(1\/2)(1) N (1\/2)(1)(2) N (1)(2)(1) N (2)(1)(1\/2) N (1)(1\/2)(1) N (1\/2)(1)(1) N (1)(1)(1) N (1)(1)(1) N (1)(1)(1) N (1)(1)(1) N (1)(1)(1) N (1)(1)(2) N (1)(2)(1) N (2)(1)(1\/2) N (1)(1\/2)(2) N (1\/2)(2)(1\/2) N (2)(1\/2)(2) N (1\/2)(2)(1\/2) N (2)(1\/2)(1) N (1\/2)(1)(2) N (1)(2)(1) N (2)(1)(1\/2) N (1)(1\/2)(1) N (1\/2)(1)(2) N (1)(2)(3\/2) N "}