{"voice":"P1-1","diatonic":"2D;2D;2D; N 2D;2D;4A; N 2D;4A;2A; N 4A;2A;2A; N 2A;2A;2D; N 2A;2D;2D; N 2D;2D;2D; N 2D;2D;2A; N 2D;2A;2D; N 2A;2D;2D; N 2D;2D;2D; N 2D;2D;4A; N 2D;4A;2A; N 4A;2A;2A; N 2A;2A;2D; N 2A;2D;2D; N 2D;2D;2D; N 2D;2D;2A; N 2D;2A;2D; N 2A;2D;2D; N 2D;2D;2D; N 2D;2D;2D; N 2D;2D;2A; N 2D;2A;2A; N 2A;2A;2D; N 2A;2D;4A; N 2D;4A;3D; N 4A;3D;2A; N 3D;2A;2A; N 2A;2A;2A; N 2A;2A;2D; N 2A;2D;2D; N 2D;2D;2A; N 2D;2A;2D; N 2A;2D;2D; N ","ref":"all:composers:bach:bach:chorals:bwv313","melody":"2D;2D;1D; N 2D;1D;5A; N 1D;5A;1A; N 5A;1A;2A; N 1A;2A;2D; N 2A;2D;1D; N 2D;1D;2D; N 1D;2D;2A; N 2D;2A;2D; N 2A;2D;2D; N 2D;2D;1D; N 2D;1D;5A; N 1D;5A;1A; N 5A;1A;2A; N 1A;2A;2D; N 2A;2D;1D; N 2D;1D;2D; N 1D;2D;2A; N 2D;2A;2D; N 2A;2D;2D; N 2D;2D;1D; N 2D;1D;2D; N 1D;2D;2A; N 2D;2A;1A; N 2A;1A;1D; N 1A;1D;5A; N 1D;5A;4D; N 5A;4D;2A; N 4D;2A;2A; N 2A;2A;1A; N 2A;1A;1D; N 1A;1D;2D; N 1D;2D;2A; N 2D;2A;2D; N 2A;2D;1D; N ","notes":"(0D|1)(0D|1)(0D|1) N (0D|1)(0D|1)(2D|1) N (0D|1)(2D|1)(2D|2) N (2D|1)(2D|2)(1D|1\/2) N (2D|2)(1D|1\/2)(5A|1) N (1D|1\/2)(5A|1)(0D|1\/2) N (5A|1)(0D|1\/2)(1A|1) N (0D|1\/2)(1A|1)(2A|2) N (1A|1)(2A|2)(2D|1) N (2A|2)(2D|1)(1D|1) N (2D|1)(1D|1)(2D|2) N (1D|1)(2D|2)(2A|1\/2) N (2D|2)(2A|1\/2)(0D|1) N (2A|1\/2)(0D|1)(0D|1) N (0D|1)(0D|1)(0D|1) N (0D|1)(0D|1)(0D|1) N (0D|1)(0D|1)(2D|1) N (0D|1)(2D|1)(2D|2) N (2D|1)(2D|2)(1D|1\/2) N (2D|2)(1D|1\/2)(5A|1) N (1D|1\/2)(5A|1)(0D|1\/2) N (5A|1)(0D|1\/2)(1A|1) N (0D|1\/2)(1A|1)(2A|2) N (1A|1)(2A|2)(2D|1) N (2A|2)(2D|1)(1D|1) N (2D|1)(1D|1)(2D|2) N (1D|1)(2D|2)(2A|1\/2) N (2D|2)(2A|1\/2)(0D|1) N (2A|1\/2)(0D|1)(2D|1) N (0D|1)(2D|1)(2D|1) N (2D|1)(2D|1)(1D|1) N (2D|1)(1D|1)(2D|1) N (1D|1)(2D|1)(2A|1) N (2D|1)(2A|1)(1A|1) N (2A|1)(1A|1)(1D|1) N (1A|1)(1D|1)(5A|1) N (1D|1)(5A|1)(4D|1) N (5A|1)(4D|1)(0D|1) N (4D|1)(0D|1)(2A|1) N (0D|1)(2A|1)(2A|1) N (2A|1)(2A|1)(1A|1) N (2A|1)(1A|1)(1D|1) N (1A|1)(1D|1)(2D|1) N (1D|1)(2D|1)(0D|1) N (2D|1)(0D|1)(2A|3\/2) N (0D|1)(2A|3\/2)(2D|1\/3) N (2A|3\/2)(2D|1\/3)(1D|2) N ","lyricist":"","composer":"","corpus_ref":"all:composers:bach:bach:chorals","id":"all:composers:bach:bach:chorals:bwv313:P1-1","title":"Für Freuden laßt uns springen","rhythm":"(1)(1)(1) N (1)(1)(1) N (1)(1)(2) N (1)(2)(1\/2) N (2)(1\/2)(1) N (1\/2)(1)(1\/2) N (1)(1\/2)(1) N (1\/2)(1)(2) N (1)(2)(1) N (2)(1)(1) N (1)(1)(2) N (1)(2)(1\/2) N (2)(1\/2)(1) N (1\/2)(1)(1) N (1)(1)(1) N (1)(1)(1) N (1)(1)(1) N (1)(1)(2) N (1)(2)(1\/2) N (2)(1\/2)(1) N (1\/2)(1)(1\/2) N (1)(1\/2)(1) N (1\/2)(1)(2) N (1)(2)(1) N (2)(1)(1) N (1)(1)(2) N (1)(2)(1\/2) N (2)(1\/2)(1) N (1\/2)(1)(1) N (1)(1)(1) N (1)(1)(1) N (1)(1)(1) N (1)(1)(1) N (1)(1)(1) N (1)(1)(1) N (1)(1)(1) N (1)(1)(1) N (1)(1)(1) N (1)(1)(1) N (1)(1)(1) N (1)(1)(1) N (1)(1)(1) N (1)(1)(1) N (1)(1)(1) N (1)(1)(3\/2) N (1)(3\/2)(1\/3) N (3\/2)(1\/3)(2) N "}