{"voice":"P2-1","diatonic":"3A;2A;2A; N 2A;2A;2A; N 2A;2A;2A; N 2A;2A;2A; N 2A;2A;2D; N 2A;2D;2D; N 2D;2D;2D; N 2D;2D;2A; N 2D;2A;2D; N 2A;2D;3D; N 2D;3D;3D; N 3D;3D;3A; N 3D;3A;2A; N 3A;2A;2A; N 2A;2A;2A; N 2A;2A;2A; N 2A;2A;2A; N 2A;2A;2D; N 2A;2D;2D; N 2D;2D;2D; N 2D;2D;2A; N 2D;2A;2D; N 2A;2D;3D; N 2D;3D;3A; N 3D;3A;2A; N 3A;2A;2A; N 2A;2A;2D; N 2A;2D;2D; N 2D;2D;2A; N 2D;2A;2D; N 2A;2D;2D; N 2D;2D;2A; N 2D;2A;2A; N 2A;2A;3A; N 2A;3A;2D; N 3A;2D;2D; N 2D;2D;2D; N 2D;2D;2A; N 2D;2A;2A; N 2A;2A;2A; N 2A;2A;2A; N 2A;2A;3D; N 2A;3D;2D; N 3D;2D;2D; N 2D;2D;3A; N 2D;3A;2D; N ","ref":"all:composers:bach:bach:chorals:bwv366","melody":"4A;1A;2A; N 1A;2A;1A; N 2A;1A;2A; N 1A;2A;2A; N 2A;2A;2D; N 2A;2D;2D; N 2D;2D;1D; N 2D;1D;1A; N 1D;1A;1D; N 1A;1D;4D; N 1D;4D;3D; N 4D;3D;4A; N 3D;4A;1A; N 4A;1A;2A; N 1A;2A;1A; N 2A;1A;2A; N 1A;2A;2A; N 2A;2A;2D; N 2A;2D;2D; N 2D;2D;1D; N 2D;1D;1A; N 1D;1A;1D; N 1A;1D;4D; N 1D;4D;4A; N 4D;4A;1A; N 4A;1A;2A; N 1A;2A;2D; N 2A;2D;1D; N 2D;1D;1A; N 1D;1A;1D; N 1A;1D;2D; N 1D;2D;2A; N 2D;2A;1A; N 2A;1A;4A; N 1A;4A;2D; N 4A;2D;2D; N 2D;2D;1D; N 2D;1D;1A; N 1D;1A;2A; N 1A;2A;2A; N 2A;2A;1A; N 2A;1A;3D; N 1A;3D;2D; N 3D;2D;1D; N 2D;1D;3A; N 1D;3A;1D; N ","notes":"(4A|1\/2)(1A|2)(2A|1\/2) N (1A|2)(2A|1\/2)(1A|3\/2) N (2A|1\/2)(1A|3\/2)(2A|1\/3) N (1A|3\/2)(2A|1\/3)(2A|2) N (2A|1\/3)(2A|2)(0D|2) N (2A|2)(0D|2)(0D|1\/2) N (0D|2)(0D|1\/2)(0D|2) N (0D|1\/2)(0D|2)(0D|1\/2) N (0D|2)(0D|1\/2)(0D|3\/2) N (0D|1\/2)(0D|3\/2)(2D|1\/3) N (0D|3\/2)(2D|1\/3)(2D|1) N (2D|1\/3)(2D|1)(1D|1) N (2D|1)(1D|1)(1A|4) N (1D|1)(1A|4)(1D|1\/2) N (1A|4)(1D|1\/2)(4D|3) N (1D|1\/2)(4D|3)(3D|2\/3) N (4D|3)(3D|2\/3)(4A|1\/2) N (3D|2\/3)(4A|1\/2)(1A|2) N (4A|1\/2)(1A|2)(2A|1\/2) N (1A|2)(2A|1\/2)(1A|3\/2) N (2A|1\/2)(1A|3\/2)(2A|1\/3) N (1A|3\/2)(2A|1\/3)(2A|2) N (2A|1\/3)(2A|2)(0D|2) N (2A|2)(0D|2)(0D|1\/2) N (0D|2)(0D|1\/2)(0D|2) N (0D|1\/2)(0D|2)(0D|1\/2) N (0D|2)(0D|1\/2)(0D|3\/2) N (0D|1\/2)(0D|3\/2)(2D|1\/3) N (0D|3\/2)(2D|1\/3)(2D|1) N (2D|1\/3)(2D|1)(1D|1) N (2D|1)(1D|1)(1A|4) N (1D|1)(1A|4)(1D|1\/2) N (1A|4)(1D|1\/2)(4D|3) N (1D|1\/2)(4D|3)(4A|1\/3) N (4D|3)(4A|1\/3)(1A|1) N (4A|1\/3)(1A|1)(2A|1) N (1A|1)(2A|1)(0D|1\/2) N (2A|1)(0D|1\/2)(2D|1) N (0D|1\/2)(2D|1)(0D|1) N (2D|1)(0D|1)(1D|1) N (0D|1)(1D|1)(1A|2) N (1D|1)(1A|2)(0D|1) N (1A|2)(0D|1)(1D|1\/2) N (0D|1)(1D|1\/2)(2D|1) N (1D|1\/2)(2D|1)(2A|2) N (2D|1)(2A|2)(1A|2) N (2A|2)(1A|2)(0D|1\/2) N (1A|2)(0D|1\/2)(4A|2) N (0D|1\/2)(4A|2)(0D|1\/4) N (4A|2)(0D|1\/4)(2D|1) N (0D|1\/4)(2D|1)(2D|1) N (2D|1)(2D|1)(1D|1) N (2D|1)(1D|1)(1A|1) N (1D|1)(1A|1)(2A|1) N (1A|1)(2A|1)(2A|2) N (2A|1)(2A|2)(1A|1\/2) N (2A|2)(1A|1\/2)(3D|1) N (1A|1\/2)(3D|1)(2D|1) N (3D|1)(2D|1)(1D|1) N (2D|1)(1D|1)(0D|1) N (1D|1)(0D|1)(3A|1) N (0D|1)(3A|1)(1D|4) N (3A|1)(1D|4)(0D|1\/2) N ","lyricist":"","composer":"","corpus_ref":"all:composers:bach:bach:chorals","id":"all:composers:bach:bach:chorals:bwv366:P2-1","title":"Ihr Gestirn, ihr hohen Lüfte","rhythm":"(1\/2)(2)(1\/2) N (2)(1\/2)(3\/2) N (1\/2)(3\/2)(1\/3) N (3\/2)(1\/3)(2) N (1\/3)(2)(2) N (2)(2)(1\/2) N (2)(1\/2)(2) N (1\/2)(2)(1\/2) N (2)(1\/2)(3\/2) N (1\/2)(3\/2)(1\/3) N (3\/2)(1\/3)(1) N (1\/3)(1)(1) N (1)(1)(4) N (1)(4)(1\/2) N (4)(1\/2)(3) N (1\/2)(3)(2\/3) N (3)(2\/3)(1\/2) N (2\/3)(1\/2)(2) N (1\/2)(2)(1\/2) N (2)(1\/2)(3\/2) N (1\/2)(3\/2)(1\/3) N (3\/2)(1\/3)(2) N (1\/3)(2)(2) N (2)(2)(1\/2) N (2)(1\/2)(2) N (1\/2)(2)(1\/2) N (2)(1\/2)(3\/2) N (1\/2)(3\/2)(1\/3) N (3\/2)(1\/3)(1) N (1\/3)(1)(1) N (1)(1)(4) N (1)(4)(1\/2) N (4)(1\/2)(3) N (1\/2)(3)(1\/3) N (3)(1\/3)(1) N (1\/3)(1)(1) N (1)(1)(1\/2) N (1)(1\/2)(1) N (1\/2)(1)(1) N (1)(1)(1) N (1)(1)(2) N (1)(2)(1) N (2)(1)(1\/2) N (1)(1\/2)(1) N (1\/2)(1)(2) N (1)(2)(2) N (2)(2)(1\/2) N (2)(1\/2)(2) N (1\/2)(2)(1\/4) N (2)(1\/4)(1) N (1\/4)(1)(1) N (1)(1)(1) N (1)(1)(1) N (1)(1)(1) N (1)(1)(2) N (1)(2)(1\/2) N (2)(1\/2)(1) N (1\/2)(1)(1) N (1)(1)(1) N (1)(1)(1) N (1)(1)(1) N (1)(1)(4) N (1)(4)(1\/2) N "}