{"voice":"P1-1","diatonic":"4D;4A;2A; N 4A;2A;2A; N 2A;2A;3D; N 2A;3D;2A; N 3D;2A;3D; N 2A;3D;2D; N 3D;2D;2D; N 2D;2D;2D; N 2D;2D;2A; N 2D;2A;4A; N 2A;4A;4D; N 4A;4D;4A; N 4D;4A;2A; N 4A;2A;2A; N 2A;2A;3D; N 2A;3D;2A; N 3D;2A;3D; N 2A;3D;2D; N 3D;2D;2D; N 2D;2D;2D; N 2D;2D;2A; N 2D;2A;6A; N 2A;6A;2D; N 6A;2D;2D; N 2D;2D;2A; N 2D;2A;3D; N 2A;3D;3D; N 3D;3D;2A; N 3D;2A;2A; N 2A;2A;2A; N 2A;2A;2D; N 2A;2D;2A; N 2D;2A;3A; N 2A;3A;2D; N 3A;2D;2D; N 2D;2D;2A; N 2D;2A;3D; N 2A;3D;3D; N 3D;3D;2A; N 3D;2A;2A; N 2A;2A;2A; N 2A;2A;2D; N 2A;2D;2A; N ","ref":"all:composers:bach:bach:chorals:bwv40.6","melody":"5D;5A;2A; N 5A;2A;1A; N 2A;1A;3D; N 1A;3D;2A; N 3D;2A;4D; N 2A;4D;2D; N 4D;2D;1D; N 2D;1D;2D; N 1D;2D;2A; N 2D;2A;5A; N 2A;5A;5D; N 5A;5D;5A; N 5D;5A;2A; N 5A;2A;1A; N 2A;1A;3D; N 1A;3D;2A; N 3D;2A;4D; N 2A;4D;2D; N 4D;2D;1D; N 2D;1D;2D; N 1D;2D;2A; N 2D;2A;8A; N 2A;8A;1D; N 8A;1D;2D; N 1D;2D;2A; N 2D;2A;3D; N 2A;3D;4D; N 3D;4D;2A; N 4D;2A;2A; N 2A;2A;1A; N 2A;1A;1D; N 1A;1D;1A; N 1D;1A;3A; N 1A;3A;1D; N 3A;1D;2D; N 1D;2D;2A; N 2D;2A;3D; N 2A;3D;4D; N 3D;4D;2A; N 4D;2A;2A; N 2A;2A;1A; N 2A;1A;1D; N 1A;1D;1A; N ","notes":"(5D|1)(5A|1)(2A|1) N (5A|1)(2A|1)(1A|1) N (2A|1)(1A|1)(3D|1) N (1A|1)(3D|1)(2A|2) N (3D|1)(2A|2)(4D|1\/2) N (2A|2)(4D|1\/2)(0D|1) N (4D|1\/2)(0D|1)(0D|1) N (0D|1)(0D|1)(2D|1\/2) N (0D|1)(2D|1\/2)(1D|1) N (2D|1\/2)(1D|1)(2D|4) N (1D|1)(2D|4)(2A|1) N (2D|4)(2A|1)(5A|1\/2) N (2A|1)(5A|1\/2)(5D|1) N (5A|1\/2)(5D|1)(5A|1) N (5D|1)(5A|1)(2A|1) N (5A|1)(2A|1)(1A|1) N (2A|1)(1A|1)(3D|1) N (1A|1)(3D|1)(2A|2) N (3D|1)(2A|2)(4D|1\/2) N (2A|2)(4D|1\/2)(0D|1) N (4D|1\/2)(0D|1)(0D|1) N (0D|1)(0D|1)(2D|1\/2) N (0D|1)(2D|1\/2)(1D|1) N (2D|1\/2)(1D|1)(2D|4) N (1D|1)(2D|4)(2A|1) N (2D|4)(2A|1)(8A|1\/2) N (2A|1)(8A|1\/2)(0D|1) N (8A|1\/2)(0D|1)(1D|1) N (0D|1)(1D|1)(0D|1) N (1D|1)(0D|1)(2D|1) N (0D|1)(2D|1)(2A|1) N (2D|1)(2A|1)(3D|2) N (2A|1)(3D|2)(4D|1\/2) N (3D|2)(4D|1\/2)(2A|1) N (4D|1\/2)(2A|1)(2A|1) N (2A|1)(2A|1)(1A|1) N (2A|1)(1A|1)(0D|1) N (1A|1)(0D|1)(1D|1) N (0D|1)(1D|1)(1A|2) N (1D|1)(1A|2)(3A|1\/2) N (1A|2)(3A|1\/2)(0D|1) N (3A|1\/2)(0D|1)(1D|1) N (0D|1)(1D|1)(0D|1) N (1D|1)(0D|1)(2D|1) N (0D|1)(2D|1)(2A|1) N (2D|1)(2A|1)(3D|2) N (2A|1)(3D|2)(4D|1\/2) N (3D|2)(4D|1\/2)(2A|1) N (4D|1\/2)(2A|1)(2A|1) N (2A|1)(2A|1)(1A|1) N (2A|1)(1A|1)(0D|1) N (1A|1)(0D|1)(1D|1) N (0D|1)(1D|1)(1A|2) N ","lyricist":"","composer":"","corpus_ref":"all:composers:bach:bach:chorals","id":"all:composers:bach:bach:chorals:bwv40.6:P1-1","title":"Schwing dich auf zu deinem Gott","rhythm":"(1)(1)(1) N (1)(1)(1) N (1)(1)(1) N (1)(1)(2) N (1)(2)(1\/2) N (2)(1\/2)(1) N (1\/2)(1)(1) N (1)(1)(1\/2) N (1)(1\/2)(1) N (1\/2)(1)(4) N (1)(4)(1) N (4)(1)(1\/2) N (1)(1\/2)(1) N (1\/2)(1)(1) N (1)(1)(1) N (1)(1)(1) N (1)(1)(1) N (1)(1)(2) N (1)(2)(1\/2) N (2)(1\/2)(1) N (1\/2)(1)(1) N (1)(1)(1\/2) N (1)(1\/2)(1) N (1\/2)(1)(4) N (1)(4)(1) N (4)(1)(1\/2) N (1)(1\/2)(1) N (1\/2)(1)(1) N (1)(1)(1) N (1)(1)(1) N (1)(1)(1) N (1)(1)(2) N (1)(2)(1\/2) N (2)(1\/2)(1) N (1\/2)(1)(1) N (1)(1)(1) N (1)(1)(1) N (1)(1)(1) N (1)(1)(2) N (1)(2)(1\/2) N (2)(1\/2)(1) N (1\/2)(1)(1) N (1)(1)(1) N (1)(1)(1) N (1)(1)(1) N (1)(1)(2) N (1)(2)(1\/2) N (2)(1\/2)(1) N (1\/2)(1)(1) N (1)(1)(1) N (1)(1)(1) N (1)(1)(1) N (1)(1)(2) N "}