{"voice":"P3-1","diatonic":"3A;2A;5D; N 2A;5D;3A; N 5D;3A;2A; N 3A;2A;2A; N 2A;2A;4D; N 2A;4D;2D; N 4D;2D;2D; N 2D;2D;2D; N 2D;2D;4A; N 2D;4A;3A; N 4A;3A;4D; N 3A;4D;4A; N 4D;4A;3D; N 4A;3D;3D; N 3D;3D;2A; N 3D;2A;2D; N 2A;2D;2A; N 2D;2A;2A; N 2A;2A;4A; N 2A;4A;4D; N 4A;4D;2D; N 4D;2D;2A; N ","ref":"all:composers:bach:bach:chorals:bwv332","melody":"3A;2A;7D; N 2A;7D;3A; N 7D;3A;2A; N 3A;2A;2A; N 2A;2A;5D; N 2A;5D;2D; N 5D;2D;2D; N 2D;2D;1D; N 2D;1D;5A; N 1D;5A;3A; N 5A;3A;5D; N 3A;5D;5A; N 5D;5A;3D; N 5A;3D;4D; N 3D;4D;2A; N 4D;2A;2D; N 2A;2D;2A; N 2D;2A;2A; N 2A;2A;5A; N 2A;5A;5D; N 5A;5D;2D; N 5D;2D;2A; N ","notes":"(3A|1)(0D|1)(0D|1) N (0D|1)(0D|1)(0D|1) N (0D|1)(0D|1)(0D|1) N (0D|1)(0D|1)(2A|1) N (0D|1)(2A|1)(7D|1) N (2A|1)(7D|1)(3A|1) N (7D|1)(3A|1)(2A|1) N (3A|1)(2A|1)(0D|1) N (2A|1)(0D|1)(2A|1\/2) N (0D|1)(2A|1\/2)(5D|2) N (2A|1\/2)(5D|2)(2D|1\/2) N (5D|2)(2D|1\/2)(0D|1) N (2D|1\/2)(0D|1)(2D|2) N (0D|1)(2D|2)(1D|1\/2) N (2D|2)(1D|1\/2)(5A|2) N (1D|1\/2)(5A|2)(3A|1) N (5A|2)(3A|1)(0D|1) N (3A|1)(0D|1)(0D|1) N (0D|1)(0D|1)(0D|1) N (0D|1)(0D|1)(5D|1\/2) N (0D|1)(5D|1\/2)(5A|1) N (5D|1\/2)(5A|1)(3D|1) N (5A|1)(3D|1)(4D|1) N (3D|1)(4D|1)(2A|2) N (4D|1)(2A|2)(0D|1) N (2A|2)(0D|1)(2D|1) N (0D|1)(2D|1)(0D|1\/2) N (2D|1)(0D|1\/2)(2A|1) N (0D|1\/2)(2A|1)(2A|2) N (2A|1)(2A|2)(5A|1\/2) N (2A|2)(5A|1\/2)(5D|1) N (5A|1\/2)(5D|1)(0D|2) N (5D|1)(0D|2)(0D|1) N (0D|2)(0D|1)(2D|1) N (0D|1)(2D|1)(2A|1) N ","lyricist":"","composer":"","corpus_ref":"all:composers:bach:bach:chorals","id":"all:composers:bach:bach:chorals:bwv332:P3-1","title":"Herr Jesu Christ, dich zu uns wend","rhythm":"(1)(1)(1) N (1)(1)(1) N (1)(1)(1) N (1)(1)(1) N (1)(1)(1) N (1)(1)(1) N (1)(1)(1) N (1)(1)(1) N (1)(1)(1\/2) N (1)(1\/2)(2) N (1\/2)(2)(1\/2) N (2)(1\/2)(1) N (1\/2)(1)(2) N (1)(2)(1\/2) N (2)(1\/2)(2) N (1\/2)(2)(1) N (2)(1)(1) N (1)(1)(1) N (1)(1)(1) N (1)(1)(1\/2) N (1)(1\/2)(1) N (1\/2)(1)(1) N (1)(1)(1) N (1)(1)(2) N (1)(2)(1) N (2)(1)(1) N (1)(1)(1\/2) N (1)(1\/2)(1) N (1\/2)(1)(2) N (1)(2)(1\/2) N (2)(1\/2)(1) N (1\/2)(1)(2) N (1)(2)(1) N (2)(1)(1) N (1)(1)(1) N "}