{"voice":"P2-1","diatonic":"2A;2D;2A; N 2D;2A;3A; N 2A;3A;2D; N 3A;2D;2D; N 2D;2D;2D; N 2D;2D;3A; N 2D;3A;2D; N 3A;2D;2D; N 2D;2D;4D; N 2D;4D;2A; N 4D;2A;3A; N 2A;3A;2A; N 3A;2A;2D; N 2A;2D;2A; N 2D;2A;3A; N 2A;3A;2D; N 3A;2D;2D; N 2D;2D;2D; N 2D;2D;3A; N 2D;3A;2D; N 3A;2D;2D; N 2D;2D;4D; N 2D;4D;2A; N 4D;2A;2A; N 2A;2A;2D; N 2A;2D;2D; N 2D;2D;2A; N 2D;2A;2A; N 2A;2A;2D; N 2A;2D;2D; N 2D;2D;2D; N 2D;2D;2A; N 2D;2A;2A; N 2A;2A;2D; N 2A;2D;2A; N 2D;2A;2A; N 2A;2A;2D; N 2A;2D;2A; N 2D;2A;2A; N 2A;2A;2D; N 2A;2D;2D; N 2D;2D;2D; N 2D;2D;2A; N 2D;2A;2D; N 2A;2D;2A; N ","ref":"all:composers:bach:bach:chorals:bwv2.6","melody":"1A;1D;1A; N 1D;1A;3A; N 1A;3A;1D; N 3A;1D;2D; N 1D;2D;1D; N 2D;1D;2A; N 1D;2A;1D; N 2A;1D;1D; N 1D;1D;5D; N 1D;5D;1A; N 5D;1A;4A; N 1A;4A;1A; N 4A;1A;1D; N 1A;1D;1A; N 1D;1A;3A; N 1A;3A;1D; N 3A;1D;2D; N 1D;2D;1D; N 2D;1D;2A; N 1D;2A;1D; N 2A;1D;1D; N 1D;1D;5D; N 1D;5D;1A; N 5D;1A;2A; N 1A;2A;2D; N 2A;2D;1D; N 2D;1D;1A; N 1D;1A;2A; N 1A;2A;2D; N 2A;2D;2D; N 2D;2D;2D; N 2D;2D;2A; N 2D;2A;2A; N 2A;2A;2D; N 2A;2D;2A; N 2D;2A;1A; N 2A;1A;1D; N 1A;1D;1A; N 1D;1A;2A; N 1A;2A;2D; N 2A;2D;1D; N 2D;1D;1D; N 1D;1D;1A; N 1D;1A;1D; N 1A;1D;1A; N ","notes":"(1A|1)(1D|1)(1A|1) N (1D|1)(1A|1)(3A|1) N (1A|1)(3A|1)(1D|1) N (3A|1)(1D|1)(2D|1) N (1D|1)(2D|1)(1D|1) N (2D|1)(1D|1)(2A|1) N (1D|1)(2A|1)(1D|1) N (2A|1)(1D|1)(1D|1) N (1D|1)(1D|1)(5D|1) N (1D|1)(5D|1)(1A|1) N (5D|1)(1A|1)(0D|2) N (1A|1)(0D|2)(0D|1\/2) N (0D|2)(0D|1\/2)(4A|1) N (0D|1\/2)(4A|1)(1A|1) N (4A|1)(1A|1)(1D|1) N (1A|1)(1D|1)(1A|1) N (1D|1)(1A|1)(3A|1) N (1A|1)(3A|1)(1D|1) N (3A|1)(1D|1)(2D|1) N (1D|1)(2D|1)(1D|1) N (2D|1)(1D|1)(2A|1) N (1D|1)(2A|1)(1D|1) N (2A|1)(1D|1)(1D|1) N (1D|1)(1D|1)(5D|1) N (1D|1)(5D|1)(1A|1) N (5D|1)(1A|1)(0D|2) N (1A|1)(0D|2)(0D|1\/2) N (0D|2)(0D|1\/2)(0D|1) N (0D|1\/2)(0D|1)(2A|1) N (0D|1)(2A|1)(2D|1) N (2A|1)(2D|1)(1D|1) N (2D|1)(1D|1)(1A|1) N (1D|1)(1A|1)(0D|1) N (1A|1)(0D|1)(0D|1) N (0D|1)(0D|1)(2A|1) N (0D|1)(2A|1)(2D|1\/2) N (2A|1)(2D|1\/2)(2D|1) N (2D|1\/2)(2D|1)(2D|1) N (2D|1)(2D|1)(2A|1) N (2D|1)(2A|1)(2A|2) N (2A|1)(2A|2)(2D|1) N (2A|2)(2D|1)(2A|1) N (2D|1)(2A|1)(0D|1\/2) N (2A|1)(0D|1\/2)(1A|1) N (0D|1\/2)(1A|1)(1D|2) N (1A|1)(1D|2)(0D|1) N (1D|2)(0D|1)(0D|1) N (0D|1)(0D|1)(0D|1) N (0D|1)(0D|1)(0D|1) N (0D|1)(0D|1)(1A|1) N (0D|1)(1A|1)(2A|1) N (1A|1)(2A|1)(2D|1) N (2A|1)(2D|1)(1D|1) N (2D|1)(1D|1)(1D|1\/2) N (1D|1)(1D|1\/2)(1A|1) N (1D|1\/2)(1A|1)(0D|1) N (1A|1)(0D|1)(1D|1) N (0D|1)(1D|1)(1A|6) N ","lyricist":"","composer":"","corpus_ref":"all:composers:bach:bach:chorals","id":"all:composers:bach:bach:chorals:bwv2.6:voice_P2-1","title":"Ach Gott, vom Himmel sieh darein","rhythm":"(1)(1)(1) N (1)(1)(1) N (1)(1)(1) N (1)(1)(1) N (1)(1)(1) N (1)(1)(1) N (1)(1)(1) N (1)(1)(1) N (1)(1)(1) N (1)(1)(1) N (1)(1)(2) N (1)(2)(1\/2) N (2)(1\/2)(1) N (1\/2)(1)(1) N (1)(1)(1) N (1)(1)(1) N (1)(1)(1) N (1)(1)(1) N (1)(1)(1) N (1)(1)(1) N (1)(1)(1) N (1)(1)(1) N (1)(1)(1) N (1)(1)(1) N (1)(1)(1) N (1)(1)(2) N (1)(2)(1\/2) N (2)(1\/2)(1) N (1\/2)(1)(1) N (1)(1)(1) N (1)(1)(1) N (1)(1)(1) N (1)(1)(1) N (1)(1)(1) N (1)(1)(1) N (1)(1)(1\/2) N (1)(1\/2)(1) N (1\/2)(1)(1) N (1)(1)(1) N (1)(1)(2) N (1)(2)(1) N (2)(1)(1) N (1)(1)(1\/2) N (1)(1\/2)(1) N (1\/2)(1)(2) N (1)(2)(1) N (2)(1)(1) N (1)(1)(1) N (1)(1)(1) N (1)(1)(1) N (1)(1)(1) N (1)(1)(1) N (1)(1)(1) N (1)(1)(1\/2) N (1)(1\/2)(1) N (1\/2)(1)(1) N (1)(1)(1) N (1)(1)(6) N "}