{"voice":"P6-1","diatonic":"2D;3D;4A; N 3D;4A;3A; N 4A;3A;3D; N 3A;3D;2D; N 3D;2D;2D; N 2D;2D;3A; N 2D;3A;2D; N 3A;2D;3D; N 2D;3D;4A; N 3D;4A;3A; N 4A;3A;3D; N 3A;3D;2D; N 3D;2D;2D; N 2D;2D;3A; N 2D;3A;5D; N 3A;5D;6A; N 5D;6A;5D; N 6A;5D;2D; N 5D;2D;5A; N 2D;5A;4D; N 5A;4D;4A; N 4D;4A;3D; N ","ref":"all:composers:bach:bach:chorals:bwv137.5","melody":"1D;4D;5A; N 4D;5A;4A; N 5A;4A;4D; N 4A;4D;2D; N 4D;2D;1D; N 2D;1D;3A; N 1D;3A;1D; N 3A;1D;4D; N 1D;4D;5A; N 4D;5A;4A; N 5A;4A;4D; N 4A;4D;2D; N 4D;2D;1D; N 2D;1D;3A; N 1D;3A;6D; N 3A;6D;8A; N 6D;8A;7D; N 8A;7D;2D; N 7D;2D;7A; N 2D;7A;5D; N 7A;5D;5A; N 5D;5A;3D; N ","notes":"(0D|1)(0D|1)(0D|3\/2) N (0D|1)(0D|3\/2)(0D|1\/3) N (0D|3\/2)(0D|1\/3)(1D|2) N (0D|1\/3)(1D|2)(4D|1) N (1D|2)(4D|1)(5A|1) N (4D|1)(5A|1)(0D|1) N (5A|1)(0D|1)(0D|1) N (0D|1)(0D|1)(4A|1) N (0D|1)(4A|1)(4D|1) N (4A|1)(4D|1)(0D|1) N (4D|1)(0D|1)(2D|1) N (0D|1)(2D|1)(1D|1) N (2D|1)(1D|1)(3A|1) N (1D|1)(3A|1)(0D|1) N (3A|1)(0D|1)(0D|1) N (0D|1)(0D|1)(0D|3\/2) N (0D|1)(0D|3\/2)(0D|1\/3) N (0D|3\/2)(0D|1\/3)(1D|2) N (0D|1\/3)(1D|2)(4D|1) N (1D|2)(4D|1)(5A|1) N (4D|1)(5A|1)(0D|1) N (5A|1)(0D|1)(0D|1) N (0D|1)(0D|1)(4A|1) N (0D|1)(4A|1)(4D|1) N (4A|1)(4D|1)(0D|1) N (4D|1)(0D|1)(2D|1) N (0D|1)(2D|1)(1D|1) N (2D|1)(1D|1)(3A|3\/2) N (1D|1)(3A|3\/2)(0D|1\/3) N (3A|3\/2)(0D|1\/3)(6D|2) N (0D|1\/3)(6D|2)(8A|3) N (6D|2)(8A|3)(0D|1\/2) N (8A|3)(0D|1\/2)(0D|1\/3) N (0D|1\/2)(0D|1\/3)(7D|2) N (0D|1\/3)(7D|2)(2D|1) N (7D|2)(2D|1)(7A|1) N (2D|1)(7A|1)(0D|1) N (7A|1)(0D|1)(0D|3) N (0D|1)(0D|3)(5D|1\/3) N (0D|3)(5D|1\/3)(0D|1) N (5D|1\/3)(0D|1)(0D|1) N (0D|1)(0D|1)(5A|1) N (0D|1)(5A|1)(0D|1) N (5A|1)(0D|1)(0D|1) N (0D|1)(0D|1)(0D|2) N (0D|1)(0D|2)(3D|1\/2) N ","lyricist":"","composer":"","corpus_ref":"all:composers:bach:bach:chorals","id":"all:composers:bach:bach:chorals:bwv137.5:P6-1","title":"Hast du denn, Liebster, dein Angesicht gänzlich verborgen","rhythm":"(1)(1)(3\/2) N (1)(3\/2)(1\/3) N (3\/2)(1\/3)(2) N (1\/3)(2)(1) N (2)(1)(1) N (1)(1)(1) N (1)(1)(1) N (1)(1)(1) N (1)(1)(1) N (1)(1)(1) N (1)(1)(1) N (1)(1)(1) N (1)(1)(1) N (1)(1)(1) N (1)(1)(1) N (1)(1)(3\/2) N (1)(3\/2)(1\/3) N (3\/2)(1\/3)(2) N (1\/3)(2)(1) N (2)(1)(1) N (1)(1)(1) N (1)(1)(1) N (1)(1)(1) N (1)(1)(1) N (1)(1)(1) N (1)(1)(1) N (1)(1)(1) N (1)(1)(3\/2) N (1)(3\/2)(1\/3) N (3\/2)(1\/3)(2) N (1\/3)(2)(3) N (2)(3)(1\/2) N (3)(1\/2)(1\/3) N (1\/2)(1\/3)(2) N (1\/3)(2)(1) N (2)(1)(1) N (1)(1)(1) N (1)(1)(3) N (1)(3)(1\/3) N (3)(1\/3)(1) N (1\/3)(1)(1) N (1)(1)(1) N (1)(1)(1) N (1)(1)(1) N (1)(1)(2) N (1)(2)(1\/2) N "}