{"voice":"P4-1","diatonic":"2D;2A;2A; N 2A;2A;2A; N 2A;2A;2A; N 2A;2A;2A; N 2A;2A;2D; N 2A;2D;2D; N 2D;2D;2D; N 2D;2D;2A; N 2D;2A;2D; N 2A;2D;2D; N 2D;2D;2D; N 2D;2D;5A; N 2D;5A;4A; N 5A;4A;2D; N 4A;2D;2D; N 2D;2D;2D; N 2D;2D;2A; N 2D;2A;3D; N 2A;3D;2A; N 3D;2A;4A; N 2A;4A;2D; N 4A;2D;2D; N 2D;2D;2A; N 2D;2A;5D; N 2A;5D;2A; N 5D;2A;2A; N 2A;2A;2A; N 2A;2A;3D; N 2A;3D;2A; N 3D;2A;2A; N 2A;2A;2A; N 2A;2A;2A; N 2A;2A;2A; N 2A;2A;2D; N 2A;2D;2D; N 2D;2D;2D; N 2D;2D;2D; N 2D;2D;2A; N 2D;2A;2A; N 2A;2A;5D; N 2A;5D;6A; N 5D;6A;5D; N 6A;5D;2A; N 5D;2A;2A; N 2A;2A;3D; N 2A;3D;2A; N 3D;2A;2A; N 2A;2A;2A; N 2A;2A;2D; N 2A;2D;2D; N 2D;2D;2A; N 2D;2A;2D; N 2A;2D;2D; N 2D;2D;2D; N 2D;2D;3D; N 2D;3D;2A; N 3D;2A;2A; N 2A;2A;2A; N 2A;2A;2A; N 2A;2A;2A; N 2A;2A;2A; N 2A;2A;2A; N 2A;2A;2D; N 2A;2D;2D; N 2D;2D;2A; N 2D;2A;2A; N 2A;2A;3D; N 2A;3D;3D; N 3D;3D;3D; N 3D;3D;4A; N 3D;4A;5D; N ","ref":"all:composers:bach:bach:chorals:bwv245.17","melody":"12D;2A;1A; N 2A;1A;2A; N 1A;2A;2A; N 2A;2A;1A; N 2A;1A;1D; N 1A;1D;2D; N 1D;2D;2D; N 2D;2D;2A; N 2D;2A;2D; N 2A;2D;1D; N 2D;1D;2D; N 1D;2D;7A; N 2D;7A;5A; N 7A;5A;2D; N 5A;2D;2D; N 2D;2D;1D; N 2D;1D;1A; N 1D;1A;3D; N 1A;3D;2A; N 3D;2A;5A; N 2A;5A;2D; N 5A;2D;2D; N 2D;2D;2A; N 2D;2A;7D; N 2A;7D;2A; N 7D;2A;2A; N 2A;2A;1A; N 2A;1A;3D; N 1A;3D;2A; N 3D;2A;1A; N 2A;1A;2A; N 1A;2A;2A; N 2A;2A;2A; N 2A;2A;2D; N 2A;2D;2D; N 2D;2D;2D; N 2D;2D;1D; N 2D;1D;1A; N 1D;1A;2A; N 1A;2A;7D; N 2A;7D;9A; N 7D;9A;6D; N 9A;6D;1A; N 6D;1A;2A; N 1A;2A;3D; N 2A;3D;1A; N 3D;1A;2A; N 1A;2A;1A; N 2A;1A;1D; N 1A;1D;2D; N 1D;2D;1A; N 2D;1A;1D; N 1A;1D;2D; N 1D;2D;1D; N 2D;1D;4D; N 1D;4D;2A; N 4D;2A;2A; N 2A;2A;1A; N 2A;1A;2A; N 1A;2A;1A; N 2A;1A;2A; N 1A;2A;2A; N 2A;2A;2D; N 2A;2D;1D; N 2D;1D;2A; N 1D;2A;1A; N 2A;1A;4D; N 1A;4D;3D; N 4D;3D;3D; N 3D;3D;5A; N 3D;5A;7D; N ","notes":"(12D|1\/2)(2A|1)(1A|1) N (2A|1)(1A|1)(2A|1) N (1A|1)(2A|1)(2A|1) N (2A|1)(2A|1)(1A|1) N (2A|1)(1A|1)(1D|1) N (1A|1)(1D|1)(2D|1) N (1D|1)(2D|1)(2D|1) N (2D|1)(2D|1)(2A|1) N (2D|1)(2A|1)(2D|1) N (2A|1)(2D|1)(1D|1) N (2D|1)(1D|1)(2D|1) N (1D|1)(2D|1)(7A|1) N (2D|1)(7A|1)(5A|1) N (7A|1)(5A|1)(2D|1) N (5A|1)(2D|1)(2D|1) N (2D|1)(2D|1)(1D|1) N (2D|1)(1D|1)(1A|1) N (1D|1)(1A|1)(3D|1) N (1A|1)(3D|1)(2A|2) N (3D|1)(2A|2)(0D|1) N (2A|2)(0D|1)(5A|1\/2) N (0D|1)(5A|1\/2)(2D|1) N (5A|1\/2)(2D|1)(2D|1) N (2D|1)(2D|1)(2A|1) N (2D|1)(2A|1)(7D|1) N (2A|1)(7D|1)(2A|1) N (7D|1)(2A|1)(2A|1) N (2A|1)(2A|1)(1A|1) N (2A|1)(1A|1)(3D|1) N (1A|1)(3D|1)(2A|1) N (3D|1)(2A|1)(1A|1) N (2A|1)(1A|1)(2A|1) N (1A|1)(2A|1)(2A|1) N (2A|1)(2A|1)(2A|1) N (2A|1)(2A|1)(2D|1) N (2A|1)(2D|1)(2D|1) N (2D|1)(2D|1)(2D|1) N (2D|1)(2D|1)(1D|1) N (2D|1)(1D|1)(1A|1) N (1D|1)(1A|1)(2A|1) N (1A|1)(2A|1)(7D|2) N (2A|1)(7D|2)(9A|1) N (7D|2)(9A|1)(6D|1\/2) N (9A|1)(6D|1\/2)(1A|1) N (6D|1\/2)(1A|1)(2A|1) N (1A|1)(2A|1)(3D|1) N (2A|1)(3D|1)(1A|1) N (3D|1)(1A|1)(2A|1) N (1A|1)(2A|1)(1A|1) N (2A|1)(1A|1)(1D|1) N (1A|1)(1D|1)(2D|1) N (1D|1)(2D|1)(1A|1) N (2D|1)(1A|1)(1D|1) N (1A|1)(1D|1)(2D|1) N (1D|1)(2D|1)(1D|1) N (2D|1)(1D|1)(4D|1) N (1D|1)(4D|1)(2A|1) N (4D|1)(2A|1)(2A|1) N (2A|1)(2A|1)(1A|1) N (2A|1)(1A|1)(2A|1) N (1A|1)(2A|1)(1A|1) N (2A|1)(1A|1)(2A|1) N (1A|1)(2A|1)(2A|2) N (2A|1)(2A|2)(0D|1\/2) N (2A|2)(0D|1\/2)(2D|1) N (0D|1\/2)(2D|1)(1D|1) N (2D|1)(1D|1)(2A|1) N (1D|1)(2A|1)(1A|1) N (2A|1)(1A|1)(4D|1) N (1A|1)(4D|1)(3D|1) N (4D|1)(3D|1)(3D|1) N (3D|1)(3D|1)(5A|2) N (3D|1)(5A|2)(7D|3) N ","lyricist":"","composer":"","corpus_ref":"all:composers:bach:bach:chorals","id":"all:composers:bach:bach:chorals:bwv245.17:P4-1","title":"Herzliebster Jesu, was hast du verbrochen","rhythm":"(1\/2)(1)(1) N (1)(1)(1) N (1)(1)(1) N (1)(1)(1) N (1)(1)(1) N (1)(1)(1) N (1)(1)(1) N (1)(1)(1) N (1)(1)(1) N (1)(1)(1) N (1)(1)(1) N (1)(1)(1) N (1)(1)(1) N (1)(1)(1) N (1)(1)(1) N (1)(1)(1) N (1)(1)(1) N (1)(1)(1) N (1)(1)(2) N (1)(2)(1) N (2)(1)(1\/2) N (1)(1\/2)(1) N (1\/2)(1)(1) N (1)(1)(1) N (1)(1)(1) N (1)(1)(1) N (1)(1)(1) N (1)(1)(1) N (1)(1)(1) N (1)(1)(1) N (1)(1)(1) N (1)(1)(1) N (1)(1)(1) N (1)(1)(1) N (1)(1)(1) N (1)(1)(1) N (1)(1)(1) N (1)(1)(1) N (1)(1)(1) N (1)(1)(1) N (1)(1)(2) N (1)(2)(1) N (2)(1)(1\/2) N (1)(1\/2)(1) N (1\/2)(1)(1) N (1)(1)(1) N (1)(1)(1) N (1)(1)(1) N (1)(1)(1) N (1)(1)(1) N (1)(1)(1) N (1)(1)(1) N (1)(1)(1) N (1)(1)(1) N (1)(1)(1) N (1)(1)(1) N (1)(1)(1) N (1)(1)(1) N (1)(1)(1) N (1)(1)(1) N (1)(1)(1) N (1)(1)(1) N (1)(1)(2) N (1)(2)(1\/2) N (2)(1\/2)(1) N (1\/2)(1)(1) N (1)(1)(1) N (1)(1)(1) N (1)(1)(1) N (1)(1)(1) N (1)(1)(1) N (1)(1)(2) N (1)(2)(3) N "}