{"voice":"P4-1","diatonic":"3D;4D;2A; N 4D;2A;2A; N 2A;2A;2A; N 2A;2A;2D; N 2A;2D;5D; N 2D;5D;5A; N 5D;5A;2D; N 5A;2D;2D; N 2D;2D;5D; N 2D;5D;2A; N 5D;2A;2A; N 2A;2A;2D; N 2A;2D;2D; N 2D;2D;2A; N 2D;2A;2D; N 2A;2D;2D; N 2D;2D;2A; N 2D;2A;5D; N 2A;5D;2A; N 5D;2A;3D; N 2A;3D;4D; N 3D;4D;2A; N 4D;2A;2A; N 2A;2A;2A; N 2A;2A;2D; N 2A;2D;5D; N 2D;5D;5A; N 5D;5A;2D; N 5A;2D;2D; N 2D;2D;5D; N 2D;5D;2A; N 5D;2A;2A; N 2A;2A;2D; N 2A;2D;2D; N 2D;2D;2A; N 2D;2A;2D; N 2A;2D;2D; N 2D;2D;2A; N 2D;2A;5D; N 2A;5D;2A; N 5D;2A;4D; N 2A;4D;5D; N 4D;5D;4A; N 5D;4A;2D; N 4A;2D;2A; N 2D;2A;2A; N 2A;2A;2A; N 2A;2A;2D; N 2A;2D;2D; N 2D;2D;2D; N 2D;2D;2D; N 2D;2D;4A; N 2D;4A;2D; N 4A;2D;2D; N 2D;2D;2D; N 2D;2D;2D; N 2D;2D;2A; N 2D;2A;5D; N 2A;5D;6A; N 5D;6A;5D; N 6A;5D;2A; N 5D;2A;2A; N 2A;2A;2A; N 2A;2A;2A; N 2A;2A;2A; N 2A;2A;2D; N 2A;2D;3A; N 2D;3A;5D; N 3A;5D;5A; N 5D;5A;2D; N 5A;2D;2D; N 2D;2D;5D; N 2D;5D;2A; N 5D;2A;2A; N 2A;2A;2D; N 2A;2D;2D; N 2D;2D;2A; N 2D;2A;2D; N 2A;2D;2D; N 2D;2D;2A; N ","ref":"all:composers:bach:bach:chorals:bwv184.5","melody":"3D;5D;1A; N 5D;1A;2A; N 1A;2A;2A; N 2A;2A;2D; N 2A;2D;7D; N 2D;7D;7A; N 7D;7A;2D; N 7A;2D;1D; N 2D;1D;7D; N 1D;7D;2A; N 7D;2A;1A; N 2A;1A;1D; N 1A;1D;2D; N 1D;2D;12A; N 2D;12A;2D; N 12A;2D;2D; N 2D;2D;2A; N 2D;2A;7D; N 2A;7D;12A; N 7D;12A;3D; N 12A;3D;5D; N 3D;5D;1A; N 5D;1A;2A; N 1A;2A;2A; N 2A;2A;2D; N 2A;2D;7D; N 2D;7D;7A; N 7D;7A;2D; N 7A;2D;1D; N 2D;1D;7D; N 1D;7D;2A; N 7D;2A;1A; N 2A;1A;1D; N 1A;1D;2D; N 1D;2D;12A; N 2D;12A;2D; N 12A;2D;2D; N 2D;2D;2A; N 2D;2A;7D; N 2A;7D;12A; N 7D;12A;5D; N 12A;5D;7D; N 5D;7D;5A; N 7D;5A;1D; N 5A;1D;2A; N 1D;2A;2A; N 2A;2A;1A; N 2A;1A;2D; N 1A;2D;1D; N 2D;1D;2D; N 1D;2D;2D; N 2D;2D;5A; N 2D;5A;1D; N 5A;1D;2D; N 1D;2D;2D; N 2D;2D;2D; N 2D;2D;2A; N 2D;2A;7D; N 2A;7D;9A; N 7D;9A;7D; N 9A;7D;2A; N 7D;2A;1A; N 2A;1A;2A; N 1A;2A;2A; N 2A;2A;1A; N 2A;1A;1D; N 1A;1D;3A; N 1D;3A;7D; N 3A;7D;7A; N 7D;7A;2D; N 7A;2D;1D; N 2D;1D;7D; N 1D;7D;2A; N 7D;2A;1A; N 2A;1A;1D; N 1A;1D;2D; N 1D;2D;12A; N 2D;12A;2D; N 12A;2D;2D; N 2D;2D;2A; N ","notes":"(3D|1)(5D|1)(1A|1) N (5D|1)(1A|1)(2A|1) N (1A|1)(2A|1)(2A|1) N (2A|1)(2A|1)(2D|1) N (2A|1)(2D|1)(7D|1) N (2D|1)(7D|1)(7A|1\/2) N (7D|1)(7A|1\/2)(2D|1) N (7A|1\/2)(2D|1)(1D|2) N (2D|1)(1D|2)(7D|1\/2) N (1D|2)(7D|1\/2)(2A|1) N (7D|1\/2)(2A|1)(1A|2) N (2A|1)(1A|2)(1D|1) N (1A|2)(1D|1)(2D|1\/2) N (1D|1)(2D|1\/2)(12A|1) N (2D|1\/2)(12A|1)(2D|1) N (12A|1)(2D|1)(2D|1) N (2D|1)(2D|1)(2A|4) N (2D|1)(2A|4)(7D|3\/2) N (2A|4)(7D|3\/2)(12A|1\/3) N (7D|3\/2)(12A|1\/3)(3D|1) N (12A|1\/3)(3D|1)(5D|1) N (3D|1)(5D|1)(1A|1) N (5D|1)(1A|1)(2A|1) N (1A|1)(2A|1)(2A|1) N (2A|1)(2A|1)(2D|1) N (2A|1)(2D|1)(7D|1) N (2D|1)(7D|1)(7A|1\/2) N (7D|1)(7A|1\/2)(2D|1) N (7A|1\/2)(2D|1)(1D|2) N (2D|1)(1D|2)(7D|1\/2) N (1D|2)(7D|1\/2)(2A|1) N (7D|1\/2)(2A|1)(1A|2) N (2A|1)(1A|2)(1D|1) N (1A|2)(1D|1)(2D|1\/2) N (1D|1)(2D|1\/2)(12A|1) N (2D|1\/2)(12A|1)(2D|1) N (12A|1)(2D|1)(2D|1) N (2D|1)(2D|1)(2A|4) N (2D|1)(2A|4)(7D|3\/2) N (2A|4)(7D|3\/2)(12A|1\/3) N (7D|3\/2)(12A|1\/3)(5D|1) N (12A|1\/3)(5D|1)(7D|1) N (5D|1)(7D|1)(5A|1) N (7D|1)(5A|1)(1D|1) N (5A|1)(1D|1)(2A|1) N (1D|1)(2A|1)(2A|1) N (2A|1)(2A|1)(1A|1) N (2A|1)(1A|1)(0D|1\/2) N (1A|1)(0D|1\/2)(2D|1) N (0D|1\/2)(2D|1)(1D|1) N (2D|1)(1D|1)(2D|1) N (1D|1)(2D|1)(2D|2) N (2D|1)(2D|2)(5A|1\/2) N (2D|2)(5A|1\/2)(1D|1) N (5A|1\/2)(1D|1)(2D|1) N (1D|1)(2D|1)(2D|1) N (2D|1)(2D|1)(2D|2) N (2D|1)(2D|2)(2A|1) N (2D|2)(2A|1)(7D|1) N (2A|1)(7D|1)(9A|1) N (7D|1)(9A|1)(7D|1) N (9A|1)(7D|1)(2A|1\/2) N (7D|1)(2A|1\/2)(1A|1) N (2A|1\/2)(1A|1)(2A|1) N (1A|1)(2A|1)(2A|1) N (2A|1)(2A|1)(1A|2) N (2A|1)(1A|2)(1D|1) N (1A|2)(1D|1)(3A|1) N (1D|1)(3A|1)(7D|1) N (3A|1)(7D|1)(7A|1\/2) N (7D|1)(7A|1\/2)(2D|1) N (7A|1\/2)(2D|1)(1D|2) N (2D|1)(1D|2)(7D|1\/2) N (1D|2)(7D|1\/2)(2A|1) N (7D|1\/2)(2A|1)(1A|2) N (2A|1)(1A|2)(1D|1) N (1A|2)(1D|1)(2D|1\/2) N (1D|1)(2D|1\/2)(12A|1) N (2D|1\/2)(12A|1)(2D|1) N (12A|1)(2D|1)(2D|1) N (2D|1)(2D|1)(2A|4) N (2D|1)(2A|4)(0D|3\/2) N ","lyricist":"","composer":"","corpus_ref":"all:composers:bach:bach:chorals","id":"all:composers:bach:bach:chorals:bwv184.5:P4-1","title":"O Herre Gott, dein göttlich Wort","rhythm":"(1)(1)(1) N (1)(1)(1) N (1)(1)(1) N (1)(1)(1) N (1)(1)(1) N (1)(1)(1\/2) N (1)(1\/2)(1) N (1\/2)(1)(2) N (1)(2)(1\/2) N (2)(1\/2)(1) N (1\/2)(1)(2) N (1)(2)(1) N (2)(1)(1\/2) N (1)(1\/2)(1) N (1\/2)(1)(1) N (1)(1)(1) N (1)(1)(4) N (1)(4)(3\/2) N (4)(3\/2)(1\/3) N (3\/2)(1\/3)(1) N (1\/3)(1)(1) N (1)(1)(1) N (1)(1)(1) N (1)(1)(1) N (1)(1)(1) N (1)(1)(1) N (1)(1)(1\/2) N (1)(1\/2)(1) N (1\/2)(1)(2) N (1)(2)(1\/2) N (2)(1\/2)(1) N (1\/2)(1)(2) N (1)(2)(1) N (2)(1)(1\/2) N (1)(1\/2)(1) N (1\/2)(1)(1) N (1)(1)(1) N (1)(1)(4) N (1)(4)(3\/2) N (4)(3\/2)(1\/3) N (3\/2)(1\/3)(1) N (1\/3)(1)(1) N (1)(1)(1) N (1)(1)(1) N (1)(1)(1) N (1)(1)(1) N (1)(1)(1) N (1)(1)(1\/2) N (1)(1\/2)(1) N (1\/2)(1)(1) N (1)(1)(1) N (1)(1)(2) N (1)(2)(1\/2) N (2)(1\/2)(1) N (1\/2)(1)(1) N (1)(1)(1) N (1)(1)(2) N (1)(2)(1) N (2)(1)(1) N (1)(1)(1) N (1)(1)(1) N (1)(1)(1\/2) N (1)(1\/2)(1) N (1\/2)(1)(1) N (1)(1)(1) N (1)(1)(2) N (1)(2)(1) N (2)(1)(1) N (1)(1)(1) N (1)(1)(1\/2) N (1)(1\/2)(1) N (1\/2)(1)(2) N (1)(2)(1\/2) N (2)(1\/2)(1) N (1\/2)(1)(2) N (1)(2)(1) N (2)(1)(1\/2) N (1)(1\/2)(1) N (1\/2)(1)(1) N (1)(1)(1) N (1)(1)(4) N (1)(4)(3\/2) N "}