{"voice":"P3-1","diatonic":"2D;3D;2A; N 3D;2A;4A; N 2A;4A;2D; N 4A;2D;2D; N 2D;2D;2D; N 2D;2D;2D; N 2D;2D;5A; N 2D;5A;2D; N 5A;2D;2D; N 2D;2D;3D; N 2D;3D;2A; N 3D;2A;4A; N 2A;4A;2D; N 4A;2D;2D; N 2D;2D;2D; N 2D;2D;2D; N 2D;2D;5A; N 2D;5A;2D; N 5A;2D;4D; N 2D;4D;2A; N 4D;2A;2A; N 2A;2A;2A; N 2A;2A;2D; N 2A;2D;2D; N 2D;2D;5A; N 2D;5A;5D; N 5A;5D;4A; N 5D;4A;5D; N 4A;5D;2A; N 5D;2A;2A; N 2A;2A;4A; N 2A;4A;2D; N 4A;2D;2D; N 2D;2D;2D; N 2D;2D;2A; N 2D;2A;2A; N 2A;2A;2A; N 2A;2A;5D; N 2A;5D;2D; N 5D;2D;3D; N ","ref":"all:composers:bach:bach:chorals:bwv258","melody":"1D;4D;2A; N 4D;2A;5A; N 2A;5A;2D; N 5A;2D;1D; N 2D;1D;2D; N 1D;2D;1D; N 2D;1D;6A; N 1D;6A;2D; N 6A;2D;1D; N 2D;1D;4D; N 1D;4D;2A; N 4D;2A;5A; N 2A;5A;2D; N 5A;2D;1D; N 2D;1D;2D; N 1D;2D;1D; N 2D;1D;6A; N 1D;6A;2D; N 6A;2D;5D; N 2D;5D;2A; N 5D;2A;2A; N 2A;2A;1A; N 2A;1A;1D; N 1A;1D;2D; N 1D;2D;7A; N 2D;7A;7D; N 7A;7D;5A; N 7D;5A;7D; N 5A;7D;2A; N 7D;2A;2A; N 2A;2A;5A; N 2A;5A;2D; N 5A;2D;2D; N 2D;2D;1D; N 2D;1D;1A; N 1D;1A;2A; N 1A;2A;2A; N 2A;2A;7D; N 2A;7D;1D; N 7D;1D;4D; N ","notes":"(0D|1)(0D|1)(0D|1) N (0D|1)(0D|1)(0D|1) N (0D|1)(0D|1)(0D|1) N (0D|1)(0D|1)(1D|1) N (0D|1)(1D|1)(4D|1) N (1D|1)(4D|1)(2A|1) N (4D|1)(2A|1)(5A|1) N (2A|1)(5A|1)(0D|1) N (5A|1)(0D|1)(2D|1\/2) N (0D|1)(2D|1\/2)(1D|1) N (2D|1\/2)(1D|1)(2D|2) N (1D|1)(2D|2)(0D|1) N (2D|2)(0D|1)(1D|1\/2) N (0D|1)(1D|1\/2)(6A|1) N (1D|1\/2)(6A|1)(2D|2) N (6A|1)(2D|2)(0D|1) N (2D|2)(0D|1)(0D|1) N (0D|1)(0D|1)(0D|1) N (0D|1)(0D|1)(0D|1) N (0D|1)(0D|1)(0D|1) N (0D|1)(0D|1)(0D|1) N (0D|1)(0D|1)(1D|1) N (0D|1)(1D|1)(4D|1) N (1D|1)(4D|1)(2A|1) N (4D|1)(2A|1)(5A|1) N (2A|1)(5A|1)(0D|1) N (5A|1)(0D|1)(2D|1\/2) N (0D|1)(2D|1\/2)(1D|1) N (2D|1\/2)(1D|1)(2D|2) N (1D|1)(2D|2)(0D|1) N (2D|2)(0D|1)(1D|1\/2) N (0D|1)(1D|1\/2)(6A|1) N (1D|1\/2)(6A|1)(2D|2) N (6A|1)(2D|2)(5D|1) N (2D|2)(5D|1)(0D|1) N (5D|1)(0D|1)(0D|1\/2) N (0D|1)(0D|1\/2)(2A|1) N (0D|1\/2)(2A|1)(2A|2) N (2A|1)(2A|2)(0D|1) N (2A|2)(0D|1)(1A|1\/2) N (0D|1)(1A|1\/2)(1D|1) N (1A|1\/2)(1D|1)(2D|2) N (1D|1)(2D|2)(7A|1) N (2D|2)(7A|1)(0D|1) N (7A|1)(0D|1)(7D|1) N (0D|1)(7D|1)(5A|1) N (7D|1)(5A|1)(7D|1\/2) N (5A|1)(7D|1\/2)(2A|1) N (7D|1\/2)(2A|1)(2A|2) N (2A|1)(2A|2)(5A|1) N (2A|2)(5A|1)(2D|1\/2) N (5A|1)(2D|1\/2)(2D|1) N (2D|1\/2)(2D|1)(1D|2) N (2D|1)(1D|2)(1A|1) N (1D|2)(1A|1)(2A|1) N (1A|1)(2A|1)(0D|1) N (2A|1)(0D|1)(2A|1) N (0D|1)(2A|1)(7D|1) N (2A|1)(7D|1)(0D|1) N (7D|1)(0D|1)(1D|1) N (0D|1)(1D|1)(4D|1) N ","lyricist":"","composer":"","corpus_ref":"all:composers:bach:bach:chorals","id":"all:composers:bach:bach:chorals:bwv258:P3-1","title":"Wo Gott, der Herr, nicht bei uns hält","rhythm":"(1)(1)(1) N (1)(1)(1) N (1)(1)(1) N (1)(1)(1) N (1)(1)(1) N (1)(1)(1) N (1)(1)(1) N (1)(1)(1) N (1)(1)(1\/2) N (1)(1\/2)(1) N (1\/2)(1)(2) N (1)(2)(1) N (2)(1)(1\/2) N (1)(1\/2)(1) N (1\/2)(1)(2) N (1)(2)(1) N (2)(1)(1) N (1)(1)(1) N (1)(1)(1) N (1)(1)(1) N (1)(1)(1) N (1)(1)(1) N (1)(1)(1) N (1)(1)(1) N (1)(1)(1) N (1)(1)(1) N (1)(1)(1\/2) N (1)(1\/2)(1) N (1\/2)(1)(2) N (1)(2)(1) N (2)(1)(1\/2) N (1)(1\/2)(1) N (1\/2)(1)(2) N (1)(2)(1) N (2)(1)(1) N (1)(1)(1\/2) N (1)(1\/2)(1) N (1\/2)(1)(2) N (1)(2)(1) N (2)(1)(1\/2) N (1)(1\/2)(1) N (1\/2)(1)(2) N (1)(2)(1) N (2)(1)(1) N (1)(1)(1) N (1)(1)(1) N (1)(1)(1\/2) N (1)(1\/2)(1) N (1\/2)(1)(2) N (1)(2)(1) N (2)(1)(1\/2) N (1)(1\/2)(1) N (1\/2)(1)(2) N (1)(2)(1) N (2)(1)(1) N (1)(1)(1) N (1)(1)(1) N (1)(1)(1) N (1)(1)(1) N (1)(1)(1) N (1)(1)(1) N "}