{"voice":"P1-1","diatonic":"2A;2A;2A; N 2A;2A;2A; N 2A;2A;2A; N 2A;2A;7D; N 2A;7D;7A; N 7D;7A;2D; N 7A;2D;2D; N 2D;2D;2D; N 2D;2D;2D; N 2D;2D;2A; N 2D;2A;3A; N 2A;3A;4A; N 3A;4A;5D; N 4A;5D;4A; N 5D;4A;3A; N 4A;3A;2D; N 3A;2D;2A; N 2D;2A;2A; N 2A;2A;2A; N 2A;2A;2A; N 2A;2A;2A; N 2A;2A;7D; N 2A;7D;7A; N 7D;7A;2D; N 7A;2D;2D; N 2D;2D;2D; N 2D;2D;2D; N 2D;2D;2A; N 2D;2A;3D; N 2A;3D;2A; N 3D;2A;2A; N 2A;2A;2A; N 2A;2A;2A; N 2A;2A;7D; N 2A;7D;7A; N 7D;7A;2D; N 7A;2D;2D; N 2D;2D;2D; N 2D;2D;2D; N 2D;2D;2A; N 2D;2A;3D; N 2A;3D;2A; N 3D;2A;2A; N 2A;2A;2A; N 2A;2A;2A; N 2A;2A;7D; N 2A;7D;7A; N 7D;7A;2D; N 7A;2D;2D; N 2D;2D;2D; N 2D;2D;2D; N 2D;2D;2A; N 2D;2A;2A; N 2A;2A;2A; N 2A;2A;3D; N 2A;3D;2A; N 3D;2A;2A; N 2A;2A;7D; N 2A;7D;4A; N 7D;4A;2A; N 4A;2A;2A; N 2A;2A;3D; N 2A;3D;2A; N 3D;2A;2A; N 2A;2A;7D; N 2A;7D;4A; N 7D;4A;2D; N 4A;2D;2D; N 2D;2D;4A; N 2D;4A;2D; N 4A;2D;2D; N 2D;2D;2D; N 2D;2D;2D; N 2D;2D;2D; N 2D;2D;2A; N 2D;2A;2A; N 2A;2A;2D; N 2A;2D;5A; N 2D;5A;2D; N 5A;2D;2D; N 2D;2D;2D; N 2D;2D;2D; N 2D;2D;2D; N 2D;2D;6A; N 2D;6A;7D; N 6A;7D;2A; N 7D;2A;2A; N 2A;2A;2A; N 2A;2A;2A; N 2A;2A;2A; N 2A;2A;2D; N 2A;2D;2D; N 2D;2D;2D; N 2D;2D;2D; N 2D;2D;2D; N 2D;2D;6A; N 2D;6A;7D; N 6A;7D;2A; N 7D;2A;2A; N 2A;2A;2A; N 2A;2A;2A; N 2A;2A;2A; N 2A;2A;2A; N 2A;2A;2A; N 2A;2A;2A; N 2A;2A;2A; N 2A;2A;2A; N 2A;2A;7D; N 2A;7D;7A; N 7D;7A;2D; N 7A;2D;2D; N 2D;2D;2D; N 2D;2D;2D; N 2D;2D;2A; N 2D;2A;2D; N 2A;2D;3A; N 2D;3A;2D; N 3A;2D;2D; N 2D;2D;2D; N 2D;2D;2D; N 2D;2D;2A; N 2D;2A;2D; N 2A;2D;2D; N 2D;2D;2D; N 2D;2D;2D; N 2D;2D;2D; N 2D;2D;2A; N 2D;2A;2A; N 2A;2A;2A; N 2A;2A;2A; N 2A;2A;2A; N 2A;2A;5D; N 2A;5D;7A; N 5D;7A;2D; N 7A;2D;2D; N 2D;2D;2D; N 2D;2D;2D; N 2D;2D;2D; N 2D;2D;2A; N 2D;2A;2A; N 2A;2A;2A; N 2A;2A;2A; N 2A;2A;2A; N 2A;2A;5D; N 2A;5D;7A; N 5D;7A;2D; N 7A;2D;2D; N 2D;2D;2D; N 2D;2D;2D; N 2D;2D;2D; N 2D;2D;2A; N 2D;2A;2A; N 2A;2A;2A; N 2A;2A;2A; N 2A;2A;2A; N 2A;2A;5D; N 2A;5D;6A; N 5D;6A;2D; N 6A;2D;2D; N 2D;2D;2D; N 2D;2D;2D; N 2D;2D;7A; N 2D;7A;2D; N 7A;2D;2D; N 2D;2D;2D; N 2D;2D;4A; N 2D;4A;5D; N 4A;5D;3D; N 5D;3D;2D; N 3D;2D;2A; N 2D;2A;2A; N 2A;2A;7D; N 2A;7D;3A; N 7D;3A;3A; N 3A;3A;2A; N 3A;2A;3D; N 2A;3D;2A; N 3D;2A;2A; N 2A;2A;2A; N 2A;2A;2A; N 2A;2A;7D; N 2A;7D;7A; N 7D;7A;2D; N 7A;2D;2D; N 2D;2D;2D; N 2D;2D;2D; N 2D;2D;2A; N 2D;2A;6A; N 2A;6A;2D; N 6A;2D;2A; N 2D;2A;7D; N 2A;7D;6A; N 7D;6A;2D; N 6A;2D;2A; N 2D;2A;2A; N 2A;2A;2A; N 2A;2A;2A; N 2A;2A;2A; N 2A;2A;7D; N 2A;7D;7A; N 7D;7A;2D; N 7A;2D;2D; N 2D;2D;2D; N 2D;2D;2D; N 2D;2D;2A; N 2D;2A;3D; N 2A;3D;5D; N 3D;5D;5A; N 5D;5A;2D; N 5A;2D;3A; N 2D;3A;5D; N 3A;5D;3A; N 5D;3A;2A; N 3A;2A;3D; N 2A;3D;2A; N 3D;2A;2A; N 2A;2A;2D; N 2A;2D;2D; N 2D;2D;2D; N 2D;2D;2D; N 2D;2D;2D; N 2D;2D;4A; N 2D;4A;7D; N 4A;7D;2A; N 7D;2A;2A; N 2A;2A;2A; N 2A;2A;2A; N 2A;2A;2A; N 2A;2A;4A; N 2A;4A;6D; N 4A;6D;2D; N 6D;2D;2D; N ","ref":"all:composers:bach:inventions:inven04","melody":"2A;1A;2A; N 1A;2A;2A; N 2A;2A;1A; N 2A;1A;9D; N 1A;9D;9A; N 9D;9A;1D; N 9A;1D;2D; N 1D;2D;2D; N 2D;2D;1D; N 2D;1D;1A; N 1D;1A;4A; N 1A;4A;5A; N 4A;5A;7D; N 5A;7D;6A; N 7D;6A;3A; N 6A;3A;2D; N 3A;2D;2A; N 2D;2A;1A; N 2A;1A;2A; N 1A;2A;2A; N 2A;2A;1A; N 2A;1A;9D; N 1A;9D;9A; N 9D;9A;1D; N 9A;1D;2D; N 1D;2D;2D; N 2D;2D;1D; N 2D;1D;1A; N 1D;1A;3D; N 1A;3D;2A; N 3D;2A;1A; N 2A;1A;2A; N 1A;2A;2A; N 2A;2A;11D; N 2A;11D;11A; N 11D;11A;2D; N 11A;2D;2D; N 2D;2D;1D; N 2D;1D;2D; N 1D;2D;2A; N 2D;2A;4D; N 2A;4D;2A; N 4D;2A;2A; N 2A;2A;1A; N 2A;1A;2A; N 1A;2A;10D; N 2A;10D;10A; N 10D;10A;2D; N 10A;2D;1D; N 2D;1D;2D; N 1D;2D;2D; N 2D;2D;2A; N 2D;2A;2A; N 2A;2A;1A; N 2A;1A;3D; N 1A;3D;2A; N 3D;2A;1A; N 2A;1A;10D; N 1A;10D;5A; N 10D;5A;2A; N 5A;2A;2A; N 2A;2A;4D; N 2A;4D;2A; N 4D;2A;2A; N 2A;2A;11D; N 2A;11D;5A; N 11D;5A;1D; N 5A;1D;2D; N 1D;2D;5A; N 2D;5A;2D; N 5A;2D;1D; N 2D;1D;2D; N 1D;2D;2D; N 2D;2D;1D; N 2D;1D;1A; N 1D;1A;2A; N 1A;2A;2D; N 2A;2D;7A; N 2D;7A;2D; N 7A;2D;1D; N 2D;1D;2D; N 1D;2D;2D; N 2D;2D;1D; N 2D;1D;8A; N 1D;8A;10D; N 8A;10D;2A; N 10D;2A;2A; N 2A;2A;1A; N 2A;1A;2A; N 1A;2A;1A; N 2A;1A;1D; N 1A;1D;2D; N 1D;2D;2D; N 2D;2D;1D; N 2D;1D;2D; N 1D;2D;8A; N 2D;8A;10D; N 8A;10D;2A; N 10D;2A;2A; N 2A;2A;1A; N 2A;1A;2A; N 1A;2A;2A; N 2A;2A;2A; N 2A;2A;1A; N 2A;1A;2A; N 1A;2A;2A; N 2A;2A;1A; N 2A;1A;9D; N 1A;9D;9A; N 9D;9A;1D; N 9A;1D;2D; N 1D;2D;2D; N 2D;2D;1D; N 2D;1D;1A; N 1D;1A;1D; N 1A;1D;3A; N 1D;3A;2D; N 3A;2D;1D; N 2D;1D;2D; N 1D;2D;1D; N 2D;1D;1A; N 1D;1A;1D; N 1A;1D;2D; N 1D;2D;2D; N 2D;2D;2D; N 2D;2D;2D; N 2D;2D;2A; N 2D;2A;2A; N 2A;2A;2A; N 2A;2A;2A; N 2A;2A;1A; N 2A;1A;7D; N 1A;7D;10A; N 7D;10A;1D; N 10A;1D;2D; N 1D;2D;1D; N 2D;1D;2D; N 1D;2D;2D; N 2D;2D;2A; N 2D;2A;2A; N 2A;2A;1A; N 2A;1A;2A; N 1A;2A;1A; N 2A;1A;6D; N 1A;6D;10A; N 6D;10A;2D; N 10A;2D;2D; N 2D;2D;1D; N 2D;1D;2D; N 1D;2D;1D; N 2D;1D;1A; N 1D;1A;2A; N 1A;2A;1A; N 2A;1A;2A; N 1A;2A;2A; N 2A;2A;7D; N 2A;7D;8A; N 7D;8A;1D; N 8A;1D;2D; N 1D;2D;2D; N 2D;2D;1D; N 2D;1D;10A; N 1D;10A;1D; N 10A;1D;2D; N 1D;2D;2D; N 2D;2D;5A; N 2D;5A;7D; N 5A;7D;3D; N 7D;3D;2D; N 3D;2D;1A; N 2D;1A;2A; N 1A;2A;10D; N 2A;10D;4A; N 10D;4A;3A; N 4A;3A;1A; N 3A;1A;3D; N 1A;3D;2A; N 3D;2A;1A; N 2A;1A;2A; N 1A;2A;2A; N 2A;2A;10D; N 2A;10D;10A; N 10D;10A;2D; N 10A;2D;2D; N 2D;2D;1D; N 2D;1D;2D; N 1D;2D;2A; N 2D;2A;8A; N 2A;8A;1D; N 8A;1D;1A; N 1D;1A;10D; N 1A;10D;9A; N 10D;9A;2D; N 9A;2D;2A; N 2D;2A;1A; N 2A;1A;2A; N 1A;2A;2A; N 2A;2A;1A; N 2A;1A;9D; N 1A;9D;9A; N 9D;9A;1D; N 9A;1D;2D; N 1D;2D;2D; N 2D;2D;1D; N 2D;1D;1A; N 1D;1A;3D; N 1A;3D;7D; N 3D;7D;7A; N 7D;7A;1D; N 7A;1D;3A; N 1D;3A;7D; N 3A;7D;4A; N 7D;4A;1A; N 4A;1A;3D; N 1A;3D;2A; N 3D;2A;1A; N 2A;1A;2D; N 1A;2D;2D; N 2D;2D;1D; N 2D;1D;2D; N 1D;2D;2D; N 2D;2D;5A; N 2D;5A;9D; N 5A;9D;1A; N 9D;1A;2A; N 1A;2A;1A; N 2A;1A;2A; N 1A;2A;2A; N 2A;2A;5A; N 2A;5A;9D; N 5A;9D;1D; N 9D;1D;2D; N ","notes":"(2A|1)(1A|1)(2A|1) N (1A|1)(2A|1)(2A|1) N (2A|1)(2A|1)(1A|1) N (2A|1)(1A|1)(9D|1) N (1A|1)(9D|1)(9A|1) N (9D|1)(9A|1)(1D|1) N (9A|1)(1D|1)(2D|1) N (1D|1)(2D|1)(2D|1) N (2D|1)(2D|1)(1D|1) N (2D|1)(1D|1)(1A|2) N (1D|1)(1A|2)(4A|1) N (1A|2)(4A|1)(5A|1) N (4A|1)(5A|1)(7D|1) N (5A|1)(7D|1)(6A|1) N (7D|1)(6A|1)(3A|1) N (6A|1)(3A|1)(2D|1\/2) N (3A|1)(2D|1\/2)(2A|1) N (2D|1\/2)(2A|1)(1A|1) N (2A|1)(1A|1)(2A|1) N (1A|1)(2A|1)(2A|1) N (2A|1)(2A|1)(1A|1) N (2A|1)(1A|1)(9D|1) N (1A|1)(9D|1)(9A|1) N (9D|1)(9A|1)(1D|1) N (9A|1)(1D|1)(2D|1) N (1D|1)(2D|1)(2D|1) N (2D|1)(2D|1)(1D|1) N (2D|1)(1D|1)(1A|1) N (1D|1)(1A|1)(3D|1) N (1A|1)(3D|1)(2A|1) N (3D|1)(2A|1)(1A|1) N (2A|1)(1A|1)(2A|1) N (1A|1)(2A|1)(2A|1) N (2A|1)(2A|1)(11D|1) N (2A|1)(11D|1)(11A|1) N (11D|1)(11A|1)(2D|1) N (11A|1)(2D|1)(2D|1) N (2D|1)(2D|1)(1D|1) N (2D|1)(1D|1)(2D|1) N (1D|1)(2D|1)(2A|1) N (2D|1)(2A|1)(4D|1) N (2A|1)(4D|1)(2A|1) N (4D|1)(2A|1)(2A|1) N (2A|1)(2A|1)(1A|1) N (2A|1)(1A|1)(2A|1) N (1A|1)(2A|1)(10D|1) N (2A|1)(10D|1)(10A|1) N (10D|1)(10A|1)(2D|1) N (10A|1)(2D|1)(1D|1) N (2D|1)(1D|1)(2D|1) N (1D|1)(2D|1)(2D|1) N (2D|1)(2D|1)(2A|1) N (2D|1)(2A|1)(2A|1) N (2A|1)(2A|1)(1A|1) N (2A|1)(1A|1)(3D|1) N (1A|1)(3D|1)(2A|1) N (3D|1)(2A|1)(1A|1) N (2A|1)(1A|1)(10D|2) N (1A|1)(10D|2)(2A|1) N (10D|2)(2A|1)(0D|1) N (2A|1)(0D|1)(3A|1\/2) N (0D|1)(3A|1\/2)(2A|1) N (3A|1\/2)(2A|1)(2A|1) N (2A|1)(2A|1)(4D|1) N (2A|1)(4D|1)(2A|1) N (4D|1)(2A|1)(2A|1) N (2A|1)(2A|1)(11D|2) N (2A|1)(11D|2)(4A|1) N (11D|2)(4A|1)(1A|1) N (4A|1)(1A|1)(0D|1) N (1A|1)(0D|1)(1D|1) N (0D|1)(1D|1)(2D|1) N (1D|1)(2D|1)(5A|1\/2) N (2D|1)(5A|1\/2)(2D|1) N (5A|1\/2)(2D|1)(1D|1) N (2D|1)(1D|1)(2D|1) N (1D|1)(2D|1)(2D|1) N (2D|1)(2D|1)(1D|1) N (2D|1)(1D|1)(1A|1) N (1D|1)(1A|1)(2A|1) N (1A|1)(2A|1)(0D|3) N (2A|1)(0D|3)(2D|1\/3) N (0D|3)(2D|1\/3)(0D|2) N (2D|1\/3)(0D|2)(7A|1) N (0D|2)(7A|1)(0D|1) N (7A|1)(0D|1)(0D|3) N (0D|1)(0D|3)(0D|1) N (0D|3)(0D|1)(0D|1) N (0D|1)(0D|1)(0D|1\/6) N (0D|1)(0D|1\/6)(2D|1) N (0D|1\/6)(2D|1)(1D|1) N (2D|1)(1D|1)(2D|1) N (1D|1)(2D|1)(2D|1) N (2D|1)(2D|1)(1D|1) N (2D|1)(1D|1)(8A|1) N (1D|1)(8A|1)(10D|1) N (8A|1)(10D|1)(2A|1) N (10D|1)(2A|1)(2A|1) N (2A|1)(2A|1)(1A|1) N (2A|1)(1A|1)(2A|1) N (1A|1)(2A|1)(1A|1) N (2A|1)(1A|1)(1D|1) N (1A|1)(1D|1)(2D|1) N (1D|1)(2D|1)(2D|1) N (2D|1)(2D|1)(1D|1) N (2D|1)(1D|1)(2D|1) N (1D|1)(2D|1)(8A|1) N (2D|1)(8A|1)(10D|1) N (8A|1)(10D|1)(2A|1) N (10D|1)(2A|1)(2A|1) N (2A|1)(2A|1)(1A|1) N (2A|1)(1A|1)(2A|1) N (1A|1)(2A|1)(2A|1) N (2A|1)(2A|1)(2A|1) N (2A|1)(2A|1)(1A|1) N (2A|1)(1A|1)(2A|1) N (1A|1)(2A|1)(2A|1) N (2A|1)(2A|1)(1A|1) N (2A|1)(1A|1)(9D|1) N (1A|1)(9D|1)(9A|1) N (9D|1)(9A|1)(1D|1) N (9A|1)(1D|1)(2D|1) N (1D|1)(2D|1)(2D|1) N (2D|1)(2D|1)(1D|1) N (2D|1)(1D|1)(1A|1) N (1D|1)(1A|1)(1D|1) N (1A|1)(1D|1)(3A|1) N (1D|1)(3A|1)(2D|1) N (3A|1)(2D|1)(1D|1) N (2D|1)(1D|1)(2D|1) N (1D|1)(2D|1)(1D|1) N (2D|1)(1D|1)(1A|1) N (1D|1)(1A|1)(1D|1) N (1A|1)(1D|1)(2D|1) N (1D|1)(2D|1)(2D|1) N (2D|1)(2D|1)(2D|1) N (2D|1)(2D|1)(2D|1) N (2D|1)(2D|1)(2A|1) N (2D|1)(2A|1)(2A|1) N (2A|1)(2A|1)(2A|1) N (2A|1)(2A|1)(2A|1) N (2A|1)(2A|1)(1A|1) N (2A|1)(1A|1)(7D|1) N (1A|1)(7D|1)(10A|1) N (7D|1)(10A|1)(1D|1) N (10A|1)(1D|1)(2D|1) N (1D|1)(2D|1)(1D|1) N (2D|1)(1D|1)(2D|1) N (1D|1)(2D|1)(2D|1) N (2D|1)(2D|1)(2A|1) N (2D|1)(2A|1)(2A|1) N (2A|1)(2A|1)(1A|1) N (2A|1)(1A|1)(2A|1) N (1A|1)(2A|1)(1A|1) N (2A|1)(1A|1)(6D|1) N (1A|1)(6D|1)(10A|1) N (6D|1)(10A|1)(2D|1) N (10A|1)(2D|1)(2D|1) N (2D|1)(2D|1)(1D|1) N (2D|1)(1D|1)(2D|1) N (1D|1)(2D|1)(1D|1) N (2D|1)(1D|1)(1A|1) N (1D|1)(1A|1)(2A|1) N (1A|1)(2A|1)(1A|1) N (2A|1)(1A|1)(2A|1) N (1A|1)(2A|1)(2A|1) N (2A|1)(2A|1)(7D|1) N (2A|1)(7D|1)(8A|1) N (7D|1)(8A|1)(1D|1) N (8A|1)(1D|1)(2D|1) N (1D|1)(2D|1)(2D|1) N (2D|1)(2D|1)(1D|1) N (2D|1)(1D|1)(10A|1) N (1D|1)(10A|1)(1D|1) N (10A|1)(1D|1)(2D|1) N (1D|1)(2D|1)(2D|1) N (2D|1)(2D|1)(5A|2) N (2D|1)(5A|2)(0D|1\/2) N (5A|2)(0D|1\/2)(7D|1) N (0D|1\/2)(7D|1)(3D|3) N (7D|1)(3D|3)(2D|1\/3) N (3D|3)(2D|1\/3)(0D|3) N (2D|1\/3)(0D|3)(0D|1\/3) N (0D|3)(0D|1\/3)(1A|1) N (0D|1\/3)(1A|1)(2A|1) N (1A|1)(2A|1)(10D|2) N (2A|1)(10D|2)(4A|1) N (10D|2)(4A|1)(3A|1) N (4A|1)(3A|1)(1A|1\/2) N (3A|1)(1A|1\/2)(3D|1) N (1A|1\/2)(3D|1)(2A|1) N (3D|1)(2A|1)(1A|1) N (2A|1)(1A|1)(2A|1) N (1A|1)(2A|1)(2A|1) N (2A|1)(2A|1)(10D|1) N (2A|1)(10D|1)(10A|1) N (10D|1)(10A|1)(2D|1) N (10A|1)(2D|1)(2D|1) N (2D|1)(2D|1)(1D|1) N (2D|1)(1D|1)(2D|1) N (1D|1)(2D|1)(2A|2) N (2D|1)(2A|2)(8A|1\/2) N (2A|2)(8A|1\/2)(1D|1) N (8A|1\/2)(1D|1)(1A|2) N (1D|1)(1A|2)(10D|1) N (1A|2)(10D|1)(9A|1) N (10D|1)(9A|1)(7D|1) N (9A|1)(7D|1)(5A|1\/2) N (7D|1)(5A|1\/2)(2A|1) N (5A|1\/2)(2A|1)(1A|1) N (2A|1)(1A|1)(2A|1) N (1A|1)(2A|1)(2A|1) N (2A|1)(2A|1)(1A|1) N (2A|1)(1A|1)(9D|1) N (1A|1)(9D|1)(9A|1) N (9D|1)(9A|1)(1D|1) N (9A|1)(1D|1)(2D|1) N (1D|1)(2D|1)(2D|1) N (2D|1)(2D|1)(1D|1) N (2D|1)(1D|1)(1A|2) N (1D|1)(1A|2)(3D|1) N (1A|2)(3D|1)(7D|1) N (3D|1)(7D|1)(0D|1\/2) N (7D|1)(0D|1\/2)(7A|1) N (0D|1\/2)(7A|1)(1D|1) N (7A|1)(1D|1)(3A|1) N (1D|1)(3A|1)(7D|1) N (3A|1)(7D|1)(4A|1) N (7D|1)(4A|1)(1A|1) N (4A|1)(1A|1)(3D|1) N (1A|1)(3D|1)(2A|3) N (3D|1)(2A|3)(1A|1\/3) N (2A|3)(1A|1\/3)(0D|1) N (1A|1\/3)(0D|1)(2D|1) N (0D|1)(2D|1)(2D|1) N (2D|1)(2D|1)(1D|1) N (2D|1)(1D|1)(2D|1) N (1D|1)(2D|1)(2D|1) N (2D|1)(2D|1)(5A|1) N (2D|1)(5A|1)(9D|1) N (5A|1)(9D|1)(1A|1) N (9D|1)(1A|1)(2A|1) N (1A|1)(2A|1)(1A|1) N (2A|1)(1A|1)(2A|1) N (1A|1)(2A|1)(2A|1) N (2A|1)(2A|1)(5A|1) N (2A|1)(5A|1)(9D|2) N (5A|1)(9D|2)(1D|1\/2) N (9D|2)(1D|1\/2)(2D|1) N (1D|1\/2)(2D|1)(0D|6) N ","corpus_ref":"all:composers:bach:inventions","id":"all:composers:bach:inventions:inven04:P1-1","title":"Inventio 4","rhythm":"(1)(1)(1) N (1)(1)(1) N (1)(1)(1) N (1)(1)(1) N (1)(1)(1) N (1)(1)(1) N (1)(1)(1) N (1)(1)(1) N (1)(1)(1) N (1)(1)(2) N (1)(2)(1) N (2)(1)(1) N (1)(1)(1) N (1)(1)(1) N (1)(1)(1) N (1)(1)(1\/2) N (1)(1\/2)(1) N (1\/2)(1)(1) N (1)(1)(1) N (1)(1)(1) N (1)(1)(1) N (1)(1)(1) N (1)(1)(1) N (1)(1)(1) N (1)(1)(1) N (1)(1)(1) N (1)(1)(1) N (1)(1)(1) N (1)(1)(1) N (1)(1)(1) N (1)(1)(1) N (1)(1)(1) N (1)(1)(1) N (1)(1)(1) N (1)(1)(1) N (1)(1)(1) N (1)(1)(1) N (1)(1)(1) N (1)(1)(1) N (1)(1)(1) N (1)(1)(1) N (1)(1)(1) N (1)(1)(1) N (1)(1)(1) N (1)(1)(1) N (1)(1)(1) N (1)(1)(1) N (1)(1)(1) N (1)(1)(1) N (1)(1)(1) N (1)(1)(1) N (1)(1)(1) N (1)(1)(1) N (1)(1)(1) N (1)(1)(1) N (1)(1)(1) N (1)(1)(1) N (1)(1)(2) N (1)(2)(-1) N (2)(-1)(-1) N (-1)(-1)(1\/2) N (-1)(1\/2)(1) N (1\/2)(1)(1) N (1)(1)(1) N (1)(1)(1) N (1)(1)(1) N (1)(1)(2) N (1)(2)(-1) N (2)(-1)(1) N (-1)(1)(1) N (1)(1)(1) N (1)(1)(1) N (1)(1)(1\/2) N (1)(1\/2)(1) N (1\/2)(1)(1) N (1)(1)(1) N (1)(1)(1) N (1)(1)(1) N (1)(1)(1) N (1)(1)(1) N (1)(1)(3) N (1)(3)(1\/3) N (3)(1\/3)(2) N (1\/3)(2)(1) N (2)(1)(1) N (1)(1)(3) N (1)(3)(1) N (3)(1)(1) N (1)(1)(1\/6) N (1)(1\/6)(1) N (1\/6)(1)(1) N (1)(1)(1) N (1)(1)(1) N (1)(1)(1) N (1)(1)(1) N (1)(1)(1) N (1)(1)(1) N (1)(1)(1) N (1)(1)(1) N (1)(1)(1) N (1)(1)(1) N (1)(1)(1) N (1)(1)(1) N (1)(1)(1) N (1)(1)(1) N (1)(1)(1) N (1)(1)(1) N (1)(1)(1) N (1)(1)(1) N (1)(1)(1) N (1)(1)(1) N (1)(1)(1) N (1)(1)(1) N (1)(1)(1) N (1)(1)(1) N (1)(1)(1) N (1)(1)(1) N (1)(1)(1) N (1)(1)(1) N (1)(1)(1) N (1)(1)(1) N (1)(1)(1) N (1)(1)(1) N (1)(1)(1) N (1)(1)(1) N (1)(1)(1) N (1)(1)(1) N (1)(1)(1) N (1)(1)(1) N (1)(1)(1) N (1)(1)(1) N (1)(1)(1) N (1)(1)(1) N (1)(1)(1) N (1)(1)(1) N (1)(1)(1) N (1)(1)(1) N (1)(1)(1) N (1)(1)(1) N (1)(1)(1) N (1)(1)(1) N (1)(1)(1) N (1)(1)(1) N (1)(1)(1) N (1)(1)(1) N (1)(1)(1) N (1)(1)(1) N (1)(1)(1) N (1)(1)(1) N (1)(1)(1) N (1)(1)(1) N (1)(1)(1) N (1)(1)(1) N (1)(1)(1) N (1)(1)(1) N (1)(1)(1) N (1)(1)(1) N (1)(1)(1) N (1)(1)(1) N (1)(1)(1) N (1)(1)(1) N (1)(1)(1) N (1)(1)(1) N (1)(1)(1) N (1)(1)(1) N (1)(1)(1) N (1)(1)(1) N (1)(1)(1) N (1)(1)(1) N (1)(1)(1) N (1)(1)(1) N (1)(1)(1) N (1)(1)(1) N (1)(1)(1) N (1)(1)(1) N (1)(1)(1) N (1)(1)(2) N (1)(2)(1\/2) N (2)(1\/2)(1) N (1\/2)(1)(3) N (1)(3)(1\/3) N (3)(1\/3)(3) N (1\/3)(3)(1\/3) N (3)(1\/3)(1) N (1\/3)(1)(1) N (1)(1)(2) N (1)(2)(1) N (2)(1)(1) N (1)(1)(1\/2) N (1)(1\/2)(1) N (1\/2)(1)(1) N (1)(1)(1) N (1)(1)(1) N (1)(1)(1) N (1)(1)(1) N (1)(1)(1) N (1)(1)(1) N (1)(1)(1) N (1)(1)(1) N (1)(1)(1) N (1)(1)(2) N (1)(2)(1\/2) N (2)(1\/2)(1) N (1\/2)(1)(2) N (1)(2)(1) N (2)(1)(1) N (1)(1)(-1) N (1)(-1)(1\/2) N (-1)(1\/2)(1) N (1\/2)(1)(1) N (1)(1)(1) N (1)(1)(1) N (1)(1)(1) N (1)(1)(1) N (1)(1)(1) N (1)(1)(1) N (1)(1)(1) N (1)(1)(1) N (1)(1)(1) N (1)(1)(2) N (1)(2)(1) N (2)(1)(1) N (1)(1)(1\/2) N (1)(1\/2)(1) N (1\/2)(1)(1) N (1)(1)(1) N (1)(1)(1) N (1)(1)(1) N (1)(1)(1) N (1)(1)(1) N (1)(1)(3) N (1)(3)(1\/3) N (3)(1\/3)(1) N (1\/3)(1)(1) N (1)(1)(1) N (1)(1)(1) N (1)(1)(1) N (1)(1)(1) N (1)(1)(1) N (1)(1)(1) N (1)(1)(1) N (1)(1)(1) N (1)(1)(1) N (1)(1)(1) N (1)(1)(1) N (1)(1)(1) N (1)(1)(2) N (1)(2)(1\/2) N (2)(1\/2)(1) N (1\/2)(1)(6) N "}