{"voice":"P1-1","diatonic":"2A;2A;2A; N 2A;2A;2A; N 2A;2A;2D; N 2A;2D;2D; N 2D;2D;2A; N 2D;2A;3D; N 2A;3D;2A; N 3D;2A;2A; N 2A;2A;2A; N 2A;2A;2D; N 2A;2D;2A; N 2D;2A;3D; N 2A;3D;2A; N 3D;2A;2A; N 2A;2A;2D; N 2A;2D;2A; N 2D;2A;2A; N 2A;2A;2D; N 2A;2D;2D; N 2D;2D;2D; N 2D;2D;3A; N 2D;3A;3A; N 3A;3A;3D; N 3A;3D;2D; N 3D;2D;2A; N 2D;2A;2D; N 2A;2D;2D; N 2D;2D;2A; N 2D;2A;3D; N 2A;3D;2D; N ","ref":"all:composers:bach:bach:chorals:bwv188.6","melody":"2A;1A;2A; N 1A;2A;2A; N 2A;2A;2D; N 2A;2D;2D; N 2D;2D;2A; N 2D;2A;3D; N 2A;3D;1A; N 3D;1A;2A; N 1A;2A;2A; N 2A;2A;2D; N 2A;2D;2A; N 2D;2A;4D; N 2A;4D;2A; N 4D;2A;2A; N 2A;2A;2D; N 2A;2D;2A; N 2D;2A;1A; N 2A;1A;1D; N 1A;1D;2D; N 1D;2D;2D; N 2D;2D;4A; N 2D;4A;3A; N 4A;3A;3D; N 3A;3D;2D; N 3D;2D;2A; N 2D;2A;2D; N 2A;2D;2D; N 2D;2D;2A; N 2D;2A;3D; N 2A;3D;2D; N ","notes":"(0D|1)(2A|1)(1A|1) N (2A|1)(1A|1)(2A|1) N (1A|1)(2A|1)(2A|2) N (2A|1)(2A|2)(7D|1\/2) N (2A|2)(7D|1\/2)(7A|1) N (7D|1\/2)(7A|1)(0D|1) N (7A|1)(0D|1)(2D|1) N (0D|1)(2D|1)(2D|1) N (2D|1)(2D|1)(2A|1) N (2D|1)(2A|1)(3D|2) N (2A|1)(3D|2)(2D|1\/2) N (3D|2)(2D|1\/2)(2A|1) N (2D|1\/2)(2A|1)(1A|1) N (2A|1)(1A|1)(2A|1) N (1A|1)(2A|1)(2A|1) N (2A|1)(2A|1)(0D|1) N (2A|1)(0D|1)(2D|2) N (0D|1)(2D|2)(2A|1\/2) N (2D|2)(2A|1\/2)(0D|1) N (2A|1\/2)(0D|1)(4D|1) N (0D|1)(4D|1)(2A|1) N (4D|1)(2A|1)(2A|1) N (2A|1)(2A|1)(2D|1\/2) N (2A|1)(2D|1\/2)(2A|1\/2) N (2D|1\/2)(2A|1\/2)(1A|1) N (2A|1\/2)(1A|1)(1D|4) N (1A|1)(1D|4)(2D|1\/2) N (1D|4)(2D|1\/2)(2D|1) N (2D|1\/2)(2D|1)(0D|2) N (2D|1)(0D|2)(4A|1) N (0D|2)(4A|1)(3A|1) N (4A|1)(3A|1)(3D|1) N (3A|1)(3D|1)(0D|1) N (3D|1)(0D|1)(0D|1) N (0D|1)(0D|1)(2D|2) N (0D|1)(2D|2)(0D|1\/2) N (2D|2)(0D|1\/2)(0D|1) N (0D|1\/2)(0D|1)(2A|1) N (0D|1)(2A|1)(2D|1) N (2A|1)(2D|1)(2D|1) N (2D|1)(2D|1)(2A|1) N (2D|1)(2A|1)(3D|2) N (2A|1)(3D|2)(2D|1\/2) N ","lyricist":"","composer":"","corpus_ref":"all:composers:bach:bach:chorals","id":"all:composers:bach:bach:chorals:bwv188.6:P1-1","title":"Auf meinen lieben Gott","rhythm":"(1)(1)(1) N (1)(1)(1) N (1)(1)(2) N (1)(2)(-1) N (2)(-1)(1) N (-1)(1)(1) N (1)(1)(1) N (1)(1)(1) N (1)(1)(1) N (1)(1)(2) N (1)(2)(-1) N (2)(-1)(1) N (-1)(1)(1) N (1)(1)(1) N (1)(1)(1) N (1)(1)(1) N (1)(1)(2) N (1)(2)(1\/2) N (2)(1\/2)(1) N (1\/2)(1)(1) N (1)(1)(1) N (1)(1)(1) N (1)(1)(1\/2) N (1)(1\/2)(1\/2) N (1\/2)(1\/2)(1) N (1\/2)(1)(4) N (1)(4)(1\/2) N (4)(1\/2)(1) N (1\/2)(1)(2) N (1)(2)(1) N (2)(1)(1) N (1)(1)(1) N (1)(1)(1) N (1)(1)(1) N (1)(1)(2) N (1)(2)(1\/2) N (2)(1\/2)(1) N (1\/2)(1)(1) N (1)(1)(1) N (1)(1)(1) N (1)(1)(1) N (1)(1)(2) N (1)(2)(1\/2) N "}