{"voice":"P11-1","diatonic":"2A;2A;3D; N 2A;3D;4D; N 3D;4D;2A; N 4D;2A;4A; N 2A;4A;2D; N 4A;2D;2D; N 2D;2D;2A; N 2D;2A;5D; N 2A;5D;2A; N 5D;2A;2A; N 2A;2A;3D; N 2A;3D;5A; N 3D;5A;3D; N 5A;3D;4A; N 3D;4A;2D; N 4A;2D;2D; N 2D;2D;2A; N 2D;2A;2D; N 2A;2D;2D; N 2D;2D;2D; N 2D;2D;2A; N 2D;2A;2A; N 2A;2A;2A; N 2A;2A;4D; N 2A;4D;4A; N 4D;4A;2A; N 4A;2A;2A; N 2A;2A;3D; N 2A;3D;4D; N 3D;4D;2A; N 4D;2A;4A; N 2A;4A;2D; N 4A;2D;2D; N 2D;2D;2A; N 2D;2A;5D; N 2A;5D;2A; N 5D;2A;2A; N 2A;2A;3D; N 2A;3D;5A; N 3D;5A;3D; N 5A;3D;4A; N 3D;4A;2D; N 4A;2D;2D; N 2D;2D;2A; N 2D;2A;2D; N 2A;2D;2D; N 2D;2D;2D; N 2D;2D;2A; N 2D;2A;2A; N 2A;2A;2A; N 2A;2A;4D; N 2A;4D;2A; N 4D;2A;2A; N 2A;2A;3D; N 2A;3D;4A; N 3D;4A;2D; N 4A;2D;2A; N 2D;2A;4A; N 2A;4A;5D; N 4A;5D;2A; N 5D;2A;3D; N 2A;3D;2D; N 3D;2D;2D; N 2D;2D;2A; N 2D;2A;2A; N 2A;2A;6A; N 2A;6A;2D; N 6A;2D;2D; N 2D;2D;2D; N 2D;2D;2D; N 2D;2D;2D; N 2D;2D;2A; N 2D;2A;3D; N 2A;3D;4A; N 3D;4A;5D; N 4A;5D;2A; N 5D;2A;2D; N 2A;2D;2A; N 2D;2A;5D; N ","ref":"all:composers:bach:bach:chorals:bwv248.42-4","melody":"2A;2A;4D; N 2A;4D;5D; N 4D;5D;2A; N 5D;2A;5A; N 2A;5A;2D; N 5A;2D;2D; N 2D;2D;2A; N 2D;2A;7D; N 2A;7D;2A; N 7D;2A;2A; N 2A;2A;4D; N 2A;4D;7A; N 4D;7A;3D; N 7A;3D;5A; N 3D;5A;2D; N 5A;2D;1D; N 2D;1D;1A; N 1D;1A;1D; N 1A;1D;2D; N 1D;2D;2D; N 2D;2D;2A; N 2D;2A;2A; N 2A;2A;1A; N 2A;1A;5D; N 1A;5D;5A; N 5D;5A;2A; N 5A;2A;2A; N 2A;2A;4D; N 2A;4D;5D; N 4D;5D;2A; N 5D;2A;5A; N 2A;5A;2D; N 5A;2D;2D; N 2D;2D;2A; N 2D;2A;7D; N 2A;7D;2A; N 7D;2A;2A; N 2A;2A;4D; N 2A;4D;7A; N 4D;7A;3D; N 7A;3D;5A; N 3D;5A;2D; N 5A;2D;1D; N 2D;1D;1A; N 1D;1A;1D; N 1A;1D;2D; N 1D;2D;2D; N 2D;2D;2A; N 2D;2A;2A; N 2A;2A;1A; N 2A;1A;5D; N 1A;5D;2A; N 5D;2A;2A; N 2A;2A;4D; N 2A;4D;5A; N 4D;5A;1D; N 5A;1D;1A; N 1D;1A;5A; N 1A;5A;6D; N 5A;6D;1A; N 6D;1A;3D; N 1A;3D;1D; N 3D;1D;2D; N 1D;2D;2A; N 2D;2A;1A; N 2A;1A;8A; N 1A;8A;1D; N 8A;1D;2D; N 1D;2D;2D; N 2D;2D;1D; N 2D;1D;2D; N 1D;2D;2A; N 2D;2A;4D; N 2A;4D;5A; N 4D;5A;7D; N 5A;7D;2A; N 7D;2A;2D; N 2A;2D;2A; N 2D;2A;7D; N ","notes":"(0D|1)(0D|1)(0D|1) N (0D|1)(0D|1)(16D|1\/4) N (0D|1)(16D|1\/4)(2A|1) N (16D|1\/4)(2A|1)(2A|2) N (2A|1)(2A|2)(4D|1) N (2A|2)(4D|1)(5D|2) N (4D|1)(5D|2)(2A|1\/2) N (5D|2)(2A|1\/2)(5A|1\/2) N (2A|1\/2)(5A|1\/2)(2D|1) N (5A|1\/2)(2D|1)(2D|2) N (2D|1)(2D|2)(2A|1) N (2D|2)(2A|1)(7D|1\/2) N (2A|1)(7D|1\/2)(2A|1) N (7D|1\/2)(2A|1)(2A|2) N (2A|1)(2A|2)(4D|1) N (2A|2)(4D|1)(7A|3) N (4D|1)(7A|3)(16A|2\/3) N (7A|3)(16A|2\/3)(0D|1) N (16A|2\/3)(0D|1)(0D|1) N (0D|1)(0D|1)(19D|1\/2) N (0D|1)(19D|1\/2)(5A|1) N (19D|1\/2)(5A|1)(2D|1) N (5A|1)(2D|1)(1D|1) N (2D|1)(1D|1)(1A|1\/2) N (1D|1)(1A|1\/2)(1D|1) N (1A|1\/2)(1D|1)(2D|1) N (1D|1)(2D|1)(2D|1) N (2D|1)(2D|1)(2A|1) N (2D|1)(2A|1)(2A|1) N (2A|1)(2A|1)(1A|2) N (2A|1)(1A|2)(0D|1) N (1A|2)(0D|1)(5D|3) N (0D|1)(5D|3)(21A|2\/3) N (5D|3)(21A|2\/3)(0D|1) N (21A|2\/3)(0D|1)(0D|1) N (0D|1)(0D|1)(0D|1) N (0D|1)(0D|1)(16D|1\/4) N (0D|1)(16D|1\/4)(2A|1) N (16D|1\/4)(2A|1)(2A|2) N (2A|1)(2A|2)(4D|1) N (2A|2)(4D|1)(5D|2) N (4D|1)(5D|2)(2A|1\/2) N (5D|2)(2A|1\/2)(5A|1\/2) N (2A|1\/2)(5A|1\/2)(2D|1) N (5A|1\/2)(2D|1)(2D|2) N (2D|1)(2D|2)(2A|1) N (2D|2)(2A|1)(7D|1\/2) N (2A|1)(7D|1\/2)(2A|1) N (7D|1\/2)(2A|1)(2A|2) N (2A|1)(2A|2)(4D|1) N (2A|2)(4D|1)(7A|3) N (4D|1)(7A|3)(16A|2\/3) N (7A|3)(16A|2\/3)(0D|1) N (16A|2\/3)(0D|1)(0D|1) N (0D|1)(0D|1)(19D|1\/2) N (0D|1)(19D|1\/2)(5A|1) N (19D|1\/2)(5A|1)(2D|1) N (5A|1)(2D|1)(1D|1) N (2D|1)(1D|1)(1A|1\/2) N (1D|1)(1A|1\/2)(1D|1) N (1A|1\/2)(1D|1)(2D|1) N (1D|1)(2D|1)(2D|1) N (2D|1)(2D|1)(2A|1) N (2D|1)(2A|1)(2A|1) N (2A|1)(2A|1)(1A|2) N (2A|1)(1A|2)(0D|1) N (1A|2)(0D|1)(5D|3) N (0D|1)(5D|3)(21A|2\/3) N (5D|3)(21A|2\/3)(0D|1) N (21A|2\/3)(0D|1)(0D|1) N (0D|1)(0D|1)(0D|1) N (0D|1)(0D|1)(21D|1\/4) N (0D|1)(21D|1\/4)(2A|1) N (21D|1\/4)(2A|1)(2A|2) N (2A|1)(2A|2)(4D|1) N (2A|2)(4D|1)(5A|1\/2) N (4D|1)(5A|1\/2)(1D|1) N (5A|1\/2)(1D|1)(1A|2) N (1D|1)(1A|2)(5A|1) N (1A|2)(5A|1)(6D|1) N (5A|1)(6D|1)(1A|1) N (6D|1)(1A|1)(3D|1) N (1A|1)(3D|1)(0D|1) N (3D|1)(0D|1)(1D|1\/2) N (0D|1)(1D|1\/2)(2D|1) N (1D|1\/2)(2D|1)(2A|2) N (2D|1)(2A|2)(1A|3) N (2A|2)(1A|3)(19A|2\/3) N (1A|3)(19A|2\/3)(0D|1) N (19A|2\/3)(0D|1)(0D|1) N (0D|1)(0D|1)(11D|1\/4) N (0D|1)(11D|1\/4)(1D|1) N (11D|1\/4)(1D|1)(2D|2) N (1D|1)(2D|2)(2D|1) N (2D|2)(2D|1)(1D|1\/2) N (2D|1)(1D|1\/2)(2D|1) N (1D|1\/2)(2D|1)(2A|2) N (2D|1)(2A|2)(4D|1) N (2A|2)(4D|1)(5A|1) N (4D|1)(5A|1)(7D|2) N (5A|1)(7D|2)(2A|1\/4) N (7D|2)(2A|1\/4)(2D|1) N (2A|1\/4)(2D|1)(2A|4) N (2D|1)(2A|4)(7D|3\/2) N (2A|4)(7D|3\/2)(28A|2\/3) N (7D|3\/2)(28A|2\/3)(0D|1) N (28A|2\/3)(0D|1)(0D|1) N (0D|1)(0D|1)(0D|1) N ","lyricist":"","composer":"","corpus_ref":"all:composers:bach:bach:chorals","id":"all:composers:bach:bach:chorals:bwv248.42-4:P11-1","title":"score.xml","rhythm":"(-1)(-1)(-1) N (-1)(-1)(1\/4) N (-1)(1\/4)(1) N (1\/4)(1)(2) N (1)(2)(1) N (2)(1)(2) N (1)(2)(1\/2) N (2)(1\/2)(1\/2) N (1\/2)(1\/2)(1) N (1\/2)(1)(2) N (1)(2)(1) N (2)(1)(1\/2) N (1)(1\/2)(1) N (1\/2)(1)(2) N (1)(2)(1) N (2)(1)(3) N (1)(3)(-1) N (3)(-1)(-1) N (-1)(-1)(-1) N (-1)(-1)(1\/2) N (-1)(1\/2)(1) N (1\/2)(1)(1) N (1)(1)(1) N (1)(1)(1\/2) N (1)(1\/2)(1) N (1\/2)(1)(1) N (1)(1)(1) N (1)(1)(1) N (1)(1)(1) N (1)(1)(2) N (1)(2)(1) N (2)(1)(3) N (1)(3)(-1) N (3)(-1)(-1) N (-1)(-1)(-1) N (-1)(-1)(-1) N (-1)(-1)(1\/4) N (-1)(1\/4)(1) N (1\/4)(1)(2) N (1)(2)(1) N (2)(1)(2) N (1)(2)(1\/2) N (2)(1\/2)(1\/2) N (1\/2)(1\/2)(1) N (1\/2)(1)(2) N (1)(2)(1) N (2)(1)(1\/2) N (1)(1\/2)(1) N (1\/2)(1)(2) N (1)(2)(1) N (2)(1)(3) N (1)(3)(-1) N (3)(-1)(-1) N (-1)(-1)(-1) N (-1)(-1)(1\/2) N (-1)(1\/2)(1) N (1\/2)(1)(1) N (1)(1)(1) N (1)(1)(1\/2) N (1)(1\/2)(1) N (1\/2)(1)(1) N (1)(1)(1) N (1)(1)(1) N (1)(1)(1) N (1)(1)(2) N (1)(2)(1) N (2)(1)(3) N (1)(3)(-1) N (3)(-1)(-1) N (-1)(-1)(-1) N (-1)(-1)(-1) N (-1)(-1)(1\/4) N (-1)(1\/4)(1) N (1\/4)(1)(2) N (1)(2)(1) N (2)(1)(1\/2) N (1)(1\/2)(1) N (1\/2)(1)(2) N (1)(2)(1) N (2)(1)(1) N (1)(1)(1) N (1)(1)(1) N (1)(1)(1) N (1)(1)(1\/2) N (1)(1\/2)(1) N (1\/2)(1)(2) N (1)(2)(3) N (2)(3)(-1) N (3)(-1)(-1) N (-1)(-1)(-1) N (-1)(-1)(1\/4) N (-1)(1\/4)(1) N (1\/4)(1)(2) N (1)(2)(1) N (2)(1)(1\/2) N (1)(1\/2)(1) N (1\/2)(1)(2) N (1)(2)(1) N (2)(1)(1) N (1)(1)(2) N (1)(2)(1\/4) N (2)(1\/4)(1) N (1\/4)(1)(4) N (1)(4)(3\/2) N (4)(3\/2)(-1) N (3\/2)(-1)(-1) N (-1)(-1)(-1) N (-1)(-1)(-1) N "}