{"voice":"P1-1","diatonic":"2A;2A;2D; N 2A;2D;2D; N 2D;2D;2D; N 2D;2D;2A; N 2D;2A;2D; N 2A;2D;2A; N 2D;2A;2A; N 2A;2A;2A; N 2A;2A;2D; N 2A;2D;2A; N 2D;2A;2A; N 2A;2A;2A; N 2A;2A;3D; N 2A;3D;2D; N 3D;2D;2D; N 2D;2D;2A; N 2D;2A;2A; N 2A;2A;2A; N 2A;2A;2D; N 2A;2D;2D; N 2D;2D;2D; N 2D;2D;2D; N 2D;2D;5A; N 2D;5A;2A; N 5A;2A;2A; N 2A;2A;2A; N 2A;2A;2D; N 2A;2D;2D; N 2D;2D;2D; N 2D;2D;2A; N 2D;2A;2D; N 2A;2D;2D; N 2D;2D;2D; N 2D;2D;2A; N 2D;2A;2A; N 2A;2A;2A; N 2A;2A;2D; N 2A;2D;2D; N 2D;2D;2D; N 2D;2D;4A; N 2D;4A;2D; N 4A;2D;2A; N 2D;2A;2A; N 2A;2A;2D; N 2A;2D;2D; N 2D;2D;2D; N 2D;2D;2D; N 2D;2D;2A; N 2D;2A;2D; N 2A;2D;2A; N 2D;2A;2A; N 2A;2A;2A; N 2A;2A;3D; N 2A;3D;2D; N 3D;2D;2D; N ","ref":"all:composers:bach:bach:chorals:bwv187.7","melody":"2A;1A;1D; N 1A;1D;2D; N 1D;2D;1D; N 2D;1D;1A; N 1D;1A;1D; N 1A;1D;1A; N 1D;1A;2A; N 1A;2A;1A; N 2A;1A;1D; N 1A;1D;1A; N 1D;1A;2A; N 1A;2A;2A; N 2A;2A;4D; N 2A;4D;1D; N 4D;1D;2D; N 1D;2D;2A; N 2D;2A;1A; N 2A;1A;2A; N 1A;2A;2D; N 2A;2D;1D; N 2D;1D;2D; N 1D;2D;2D; N 2D;2D;7A; N 2D;7A;2A; N 7A;2A;2A; N 2A;2A;1A; N 2A;1A;1D; N 1A;1D;2D; N 1D;2D;1D; N 2D;1D;1A; N 1D;1A;2D; N 1A;2D;2D; N 2D;2D;1D; N 2D;1D;1A; N 1D;1A;2A; N 1A;2A;2A; N 2A;2A;2D; N 2A;2D;2D; N 2D;2D;1D; N 2D;1D;5A; N 1D;5A;2D; N 5A;2D;2A; N 2D;2A;1A; N 2A;1A;1D; N 1A;1D;2D; N 1D;2D;2D; N 2D;2D;1D; N 2D;1D;1A; N 1D;1A;1D; N 1A;1D;1A; N 1D;1A;2A; N 1A;2A;2A; N 2A;2A;4D; N 2A;4D;1D; N 4D;1D;2D; N ","notes":"(0D|1\/2)(2A|1)(1A|2) N (2A|1)(1A|2)(1D|2) N (1A|2)(1D|2)(2D|1\/2) N (1D|2)(2D|1\/2)(1D|1\/2) N (2D|1\/2)(1D|1\/2)(1A|1) N (1D|1\/2)(1A|1)(0D|3) N (1A|1)(0D|3)(1D|1\/6) N (0D|3)(1D|1\/6)(1A|1) N (1D|1\/6)(1A|1)(2A|12) N (1A|1)(2A|12)(0D|1\/6) N (2A|12)(0D|1\/6)(1A|1) N (0D|1\/6)(1A|1)(0D|3) N (1A|1)(0D|3)(1D|1\/6) N (0D|3)(1D|1\/6)(1A|1) N (1D|1\/6)(1A|1)(2A|8) N (1A|1)(2A|8)(2A|1\/2) N (2A|8)(2A|1\/2)(4D|1) N (2A|1\/2)(4D|1)(1D|2) N (4D|1)(1D|2)(2D|3\/2) N (1D|2)(2D|3\/2)(2A|1\/3) N (2D|3\/2)(2A|1\/3)(0D|1) N (2A|1\/3)(0D|1)(1A|1) N (0D|1)(1A|1)(2A|2) N (1A|1)(2A|2)(2D|1\/2) N (2A|2)(2D|1\/2)(1D|1) N (2D|1\/2)(1D|1)(2D|2) N (1D|1)(2D|2)(2D|3\/2) N (2D|2)(2D|3\/2)(7A|1\/3) N (2D|3\/2)(7A|1\/3)(2A|1) N (7A|1\/3)(2A|1)(2A|1) N (2A|1)(2A|1)(1A|1) N (2A|1)(1A|1)(1D|2) N (1A|1)(1D|2)(2D|1) N (1D|2)(2D|1)(1D|1\/2) N (2D|1)(1D|1\/2)(1A|3) N (1D|1\/2)(1A|3)(0D|2\/3) N (1A|3)(0D|2\/3)(0D|1\/2) N (0D|2\/3)(0D|1\/2)(2D|1\/2) N (0D|1\/2)(2D|1\/2)(2D|1) N (2D|1\/2)(2D|1)(1D|1) N (2D|1)(1D|1)(1A|1) N (1D|1)(1A|1)(2A|2) N (1A|1)(2A|2)(2A|1) N (2A|2)(2A|1)(2D|1) N (2A|1)(2D|1)(2D|1) N (2D|1)(2D|1)(1D|3) N (2D|1)(1D|3)(5A|2\/3) N (1D|3)(5A|2\/3)(0D|1\/2) N (5A|2\/3)(0D|1\/2)(2D|1) N (0D|1\/2)(2D|1)(2A|1) N (2D|1)(2A|1)(1A|1) N (2A|1)(1A|1)(1D|1) N (1A|1)(1D|1)(2D|1) N (1D|1)(2D|1)(2D|1) N (2D|1)(2D|1)(1D|3) N (2D|1)(1D|3)(0D|1\/6) N (1D|3)(0D|1\/6)(1A|1) N (0D|1\/6)(1A|1)(0D|3) N (1A|1)(0D|3)(1D|1\/6) N (0D|3)(1D|1\/6)(1A|1) N (1D|1\/6)(1A|1)(2A|8) N (1A|1)(2A|8)(2A|1\/2) N (2A|8)(2A|1\/2)(4D|1) N (2A|1\/2)(4D|1)(1D|2) N (4D|1)(1D|2)(2D|3\/2) N ","lyricist":"","composer":"","corpus_ref":"all:composers:bach:bach:chorals","id":"all:composers:bach:bach:chorals:bwv187.7:P1-1","title":"Da Christus geboren war","rhythm":"(1\/2)(1)(2) N (1)(2)(2) N (2)(2)(1\/2) N (2)(1\/2)(1\/2) N (1\/2)(1\/2)(1) N (1\/2)(1)(3) N (1)(3)(1\/6) N (3)(1\/6)(1) N (1\/6)(1)(12) N (1)(12)(1\/6) N (12)(1\/6)(1) N (1\/6)(1)(3) N (1)(3)(1\/6) N (3)(1\/6)(1) N (1\/6)(1)(8) N (1)(8)(1\/2) N (8)(1\/2)(1) N (1\/2)(1)(2) N (1)(2)(3\/2) N (2)(3\/2)(1\/3) N (3\/2)(1\/3)(1) N (1\/3)(1)(1) N (1)(1)(2) N (1)(2)(1\/2) N (2)(1\/2)(1) N (1\/2)(1)(2) N (1)(2)(3\/2) N (2)(3\/2)(1\/3) N (3\/2)(1\/3)(1) N (1\/3)(1)(1) N (1)(1)(1) N (1)(1)(2) N (1)(2)(1) N (2)(1)(1\/2) N (1)(1\/2)(3) N (1\/2)(3)(2\/3) N (3)(2\/3)(1\/2) N (2\/3)(1\/2)(1\/2) N (1\/2)(1\/2)(1) N (1\/2)(1)(1) N (1)(1)(1) N (1)(1)(2) N (1)(2)(1) N (2)(1)(1) N (1)(1)(1) N (1)(1)(3) N (1)(3)(2\/3) N (3)(2\/3)(1\/2) N (2\/3)(1\/2)(1) N (1\/2)(1)(1) N (1)(1)(1) N (1)(1)(1) N (1)(1)(1) N (1)(1)(1) N (1)(1)(3) N (1)(3)(1\/6) N (3)(1\/6)(1) N (1\/6)(1)(3) N (1)(3)(1\/6) N (3)(1\/6)(1) N (1\/6)(1)(8) N (1)(8)(1\/2) N (8)(1\/2)(1) N (1\/2)(1)(2) N (1)(2)(3\/2) N "}