{"voice":"P2-1","diatonic":"2A;2A;2D; N 2A;2D;2D; N 2D;2D;2D; N 2D;2D;4D; N 2D;4D;3D; N 4D;3D;3A; N 3D;3A;5A; N 3A;5A;2A; N 5A;2A;3D; N 2A;3D;2A; N 3D;2A;2D; N 2A;2D;2A; N 2D;2A;2A; N 2A;2A;2D; N 2A;2D;2D; N 2D;2D;4D; N 2D;4D;5D; N 4D;5D;2A; N 5D;2A;4D; N 2A;4D;3D; N 4D;3D;2A; N 3D;2A;2D; N 2A;2D;2D; N 2D;2D;2D; N 2D;2D;2A; N 2D;2A;2A; N 2A;2A;5D; N 2A;5D;3D; N 5D;3D;2A; N 3D;2A;2D; N ","ref":"all:composers:bach:bach:chorals:bwv195.6","melody":"2A;1A;1D; N 1A;1D;2D; N 1D;2D;2D; N 2D;2D;5D; N 2D;5D;3D; N 5D;3D;3A; N 3D;3A;7A; N 3A;7A;2A; N 7A;2A;4D; N 2A;4D;2A; N 4D;2A;2D; N 2A;2D;2A; N 2D;2A;2A; N 2A;2A;2D; N 2A;2D;2D; N 2D;2D;5D; N 2D;5D;7D; N 5D;7D;12A; N 7D;12A;5D; N 12A;5D;3D; N 5D;3D;12A; N 3D;12A;2D; N 12A;2D;2D; N 2D;2D;1D; N 2D;1D;1A; N 1D;1A;2A; N 1A;2A;7D; N 2A;7D;3D; N 7D;3D;1A; N 3D;1A;1D; N ","notes":"(0D|1)(0D|1\/2)(2A|1\/2) N (0D|1\/2)(2A|1\/2)(1A|1) N (2A|1\/2)(1A|1)(1D|2) N (1A|1)(1D|2)(2D|1) N (1D|2)(2D|1)(2D|2) N (2D|1)(2D|2)(0D|1) N (2D|2)(0D|1)(5D|1\/4) N (0D|1)(5D|1\/4)(3D|1) N (5D|1\/4)(3D|1)(3A|2) N (3D|1)(3A|2)(0D|2) N (3A|2)(0D|2)(0D|1) N (0D|2)(0D|1)(0D|1\/2) N (0D|1)(0D|1\/2)(7A|1) N (0D|1\/2)(7A|1)(0D|1) N (7A|1)(0D|1)(0D|1) N (0D|1)(0D|1)(2A|1) N (0D|1)(2A|1)(4D|1) N (2A|1)(4D|1)(2A|2) N (4D|1)(2A|2)(0D|3) N (2A|2)(0D|3)(0D|1\/3) N (0D|3)(0D|1\/3)(2D|1) N (0D|1\/3)(2D|1)(2A|1) N (2D|1)(2A|1)(2A|1\/2) N (2A|1)(2A|1\/2)(2D|1) N (2A|1\/2)(2D|1)(2D|2) N (2D|1)(2D|2)(0D|1\/2) N (2D|2)(0D|1\/2)(5D|1) N (0D|1\/2)(5D|1)(7D|1) N (5D|1)(7D|1)(12A|1) N (7D|1)(12A|1)(5D|2) N (12A|1)(5D|2)(7A|1) N (5D|2)(7A|1)(0D|2) N (7A|1)(0D|2)(0D|1\/2) N (0D|2)(0D|1\/2)(0D|1\/2) N (0D|1\/2)(0D|1\/2)(10D|1) N (0D|1\/2)(10D|1)(0D|2) N (10D|1)(0D|2)(10A|1) N (0D|2)(10A|1)(0D|1) N (10A|1)(0D|1)(2A|1) N (0D|1)(2A|1)(0D|1\/2) N (2A|1)(0D|1\/2)(2D|2) N (0D|1\/2)(2D|2)(2D|1\/2) N (2D|2)(2D|1\/2)(0D|1\/2) N (2D|1\/2)(0D|1\/2)(1D|1) N (0D|1\/2)(1D|1)(1A|1) N (1D|1)(1A|1)(2A|1) N (1A|1)(2A|1)(7D|1) N (2A|1)(7D|1)(3D|1) N (7D|1)(3D|1)(1A|2) N (3D|1)(1A|2)(1D|6) N ","lyricist":"","composer":"","corpus_ref":"all:composers:bach:bach:chorals","id":"all:composers:bach:bach:chorals:bwv195.6:P2-1","title":"Kommt her, ihr lieben Schwesterlein","rhythm":"(-1)(1\/2)(1\/2) N (1\/2)(1\/2)(1) N (1\/2)(1)(2) N (1)(2)(1) N (2)(1)(2) N (1)(2)(1) N (2)(1)(1\/4) N (1)(1\/4)(1) N (1\/4)(1)(2) N (1)(2)(2) N (2)(2)(1) N (2)(1)(1\/2) N (1)(1\/2)(1) N (1\/2)(1)(-1) N (1)(-1)(1) N (-1)(1)(1) N (1)(1)(1) N (1)(1)(2) N (1)(2)(3) N (2)(3)(1\/3) N (3)(1\/3)(1) N (1\/3)(1)(1) N (1)(1)(1\/2) N (1)(1\/2)(1) N (1\/2)(1)(2) N (1)(2)(1\/2) N (2)(1\/2)(1) N (1\/2)(1)(1) N (1)(1)(1) N (1)(1)(2) N (1)(2)(-1) N (2)(-1)(-1) N (-1)(-1)(-1) N (-1)(-1)(-1) N (-1)(-1)(1) N (-1)(1)(2) N (1)(2)(-1) N (2)(-1)(-1) N (-1)(-1)(1) N (-1)(1)(1\/2) N (1)(1\/2)(2) N (1\/2)(2)(1\/2) N (2)(1\/2)(1\/2) N (1\/2)(1\/2)(1) N (1\/2)(1)(1) N (1)(1)(1) N (1)(1)(1) N (1)(1)(1) N (1)(1)(2) N (1)(2)(6) N "}