{"voice":"P4-1","diatonic":"2D;2D;2D; N 2D;2D;3A; N 2D;3A;2A; N 3A;2A;4D; N 2A;4D;5D; N 4D;5D;2A; N 5D;2A;2D; N 2A;2D;2A; N 2D;2A;2D; N 2A;2D;2D; N 2D;2D;2D; N 2D;2D;6A; N 2D;6A;2D; N 6A;2D;2D; N 2D;2D;2A; N 2D;2A;5D; N 2A;5D;6A; N 5D;6A;2A; N 6A;2A;7D; N 2A;7D;2A; N 7D;2A;3A; N 2A;3A;4A; N 3A;4A;2D; N 4A;2D;2D; N 2D;2D;2A; N 2D;2A;2A; N 2A;2A;3D; N 2A;3D;5A; N 3D;5A;4D; N 5A;4D;2A; N 4D;2A;2D; N 2A;2D;2D; N 2D;2D;2D; N 2D;2D;2A; N 2D;2A;2D; N 2A;2D;2A; N 2D;2A;4D; N 2A;4D;2A; N 4D;2A;2A; N 2A;2A;2A; N 2A;2A;2A; N 2A;2A;2A; N 2A;2A;2A; N 2A;2A;4D; N 2A;4D;5D; N 4D;5D;3A; N 5D;3A;2A; N 3A;2A;2A; N 2A;2A;2A; N 2A;2A;3D; N 2A;3D;4A; N 3D;4A;4D; N 4A;4D;2D; N 4D;2D;2A; N 2D;2A;5D; N 2A;5D;2A; N 5D;2A;5D; N ","ref":"all:composers:bach:bach:chorals:bwv346","melody":"2D;1D;2D; N 1D;2D;4A; N 2D;4A;1A; N 4A;1A;5D; N 1A;5D;7D; N 5D;7D;12A; N 7D;12A;1D; N 12A;1D;1A; N 1D;1A;1D; N 1A;1D;2D; N 1D;2D;2D; N 2D;2D;9A; N 2D;9A;2D; N 9A;2D;2D; N 2D;2D;2A; N 2D;2A;7D; N 2A;7D;9A; N 7D;9A;1A; N 9A;1A;9D; N 1A;9D;1A; N 9D;1A;3A; N 1A;3A;5A; N 3A;5A;1D; N 5A;1D;2D; N 1D;2D;2A; N 2D;2A;1A; N 2A;1A;3D; N 1A;3D;7A; N 3D;7A;5D; N 7A;5D;1A; N 5D;1A;1D; N 1A;1D;2D; N 1D;2D;2D; N 2D;2D;2A; N 2D;2A;1D; N 2A;1D;1A; N 1D;1A;5D; N 1A;5D;2A; N 5D;2A;2A; N 2A;2A;2A; N 2A;2A;1A; N 2A;1A;2A; N 1A;2A;1A; N 2A;1A;5D; N 1A;5D;7D; N 5D;7D;4A; N 7D;4A;1A; N 4A;1A;2A; N 1A;2A;2A; N 2A;2A;4D; N 2A;4D;5A; N 4D;5A;5D; N 5A;5D;1D; N 5D;1D;1A; N 1D;1A;7D; N 1A;7D;2A; N 7D;2A;7D; N ","notes":"(2D|1)(1D|1)(2D|1) N (1D|1)(2D|1)(4A|1) N (2D|1)(4A|1)(1A|1) N (4A|1)(1A|1)(5D|1) N (1A|1)(5D|1)(7D|1) N (5D|1)(7D|1)(12A|1) N (7D|1)(12A|1)(1D|1) N (12A|1)(1D|1)(1A|1\/2) N (1D|1)(1A|1\/2)(1D|1) N (1A|1\/2)(1D|1)(2D|2) N (1D|1)(2D|2)(2D|1) N (2D|2)(2D|1)(9A|1) N (2D|1)(9A|1)(2D|1) N (9A|1)(2D|1)(2D|1) N (2D|1)(2D|1)(2A|1) N (2D|1)(2A|1)(7D|2) N (2A|1)(7D|2)(26A|1\/2) N (7D|2)(26A|1\/2)(17D|1) N (26A|1\/2)(17D|1)(1A|1) N (17D|1)(1A|1)(9D|1) N (1A|1)(9D|1)(1A|1) N (9D|1)(1A|1)(3A|1) N (1A|1)(3A|1)(5A|3\/2) N (3A|1)(5A|3\/2)(1D|1\/3) N (5A|3\/2)(1D|1\/3)(2D|1) N (1D|1\/3)(2D|1)(2A|1) N (2D|1)(2A|1)(1A|1) N (2A|1)(1A|1)(3D|1) N (1A|1)(3D|1)(7A|4) N (3D|1)(7A|4)(12A|1\/2) N (7A|4)(12A|1\/2)(17D|1) N (12A|1\/2)(17D|1)(1A|1\/2) N (17D|1)(1A|1\/2)(1D|1) N (1A|1\/2)(1D|1)(2D|2) N (1D|1)(2D|2)(2D|1) N (2D|2)(2D|1)(2A|1) N (2D|1)(2A|1)(0D|1\/2) N (2A|1)(0D|1\/2)(1D|1) N (0D|1\/2)(1D|1)(1A|2) N (1D|1)(1A|2)(5D|1) N (1A|2)(5D|1)(2A|1) N (5D|1)(2A|1)(2A|1) N (2A|1)(2A|1)(2A|1) N (2A|1)(2A|1)(1A|1) N (2A|1)(1A|1)(0D|1\/2) N (1A|1)(0D|1\/2)(2A|1) N (0D|1\/2)(2A|1)(1A|2) N (2A|1)(1A|2)(5D|1) N (1A|2)(5D|1)(7D|1) N (5D|1)(7D|1)(4A|1) N (7D|1)(4A|1)(1A|1\/2) N (4A|1)(1A|1\/2)(2A|1) N (1A|1\/2)(2A|1)(2A|1) N (2A|1)(2A|1)(4D|1) N (2A|1)(4D|1)(5A|2) N (4D|1)(5A|2)(5D|1) N (5A|2)(5D|1)(0D|1\/2) N (5D|1)(0D|1\/2)(1D|1) N (0D|1\/2)(1D|1)(1A|2) N (1D|1)(1A|2)(7D|1) N (1A|2)(7D|1)(2A|1) N (7D|1)(2A|1)(7D|4) N ","lyricist":"","composer":"","corpus_ref":"all:composers:bach:bach:chorals","id":"all:composers:bach:bach:chorals:bwv346:P4-1","title":"Ich dank dir Gott für alle Wohltat","rhythm":"(1)(1)(1) N (1)(1)(1) N (1)(1)(1) N (1)(1)(1) N (1)(1)(1) N (1)(1)(1) N (1)(1)(1) N (1)(1)(1\/2) N (1)(1\/2)(1) N (1\/2)(1)(2) N (1)(2)(1) N (2)(1)(1) N (1)(1)(1) N (1)(1)(1) N (1)(1)(1) N (1)(1)(2) N (1)(2)(-1) N (2)(-1)(1) N (-1)(1)(1) N (1)(1)(1) N (1)(1)(1) N (1)(1)(1) N (1)(1)(3\/2) N (1)(3\/2)(1\/3) N (3\/2)(1\/3)(1) N (1\/3)(1)(1) N (1)(1)(1) N (1)(1)(1) N (1)(1)(4) N (1)(4)(-1) N (4)(-1)(1) N (-1)(1)(1\/2) N (1)(1\/2)(1) N (1\/2)(1)(2) N (1)(2)(1) N (2)(1)(1) N (1)(1)(1\/2) N (1)(1\/2)(1) N (1\/2)(1)(2) N (1)(2)(1) N (2)(1)(1) N (1)(1)(1) N (1)(1)(1) N (1)(1)(1) N (1)(1)(1\/2) N (1)(1\/2)(1) N (1\/2)(1)(2) N (1)(2)(1) N (2)(1)(1) N (1)(1)(1) N (1)(1)(1\/2) N (1)(1\/2)(1) N (1\/2)(1)(1) N (1)(1)(1) N (1)(1)(2) N (1)(2)(1) N (2)(1)(1\/2) N (1)(1\/2)(1) N (1\/2)(1)(2) N (1)(2)(1) N (2)(1)(1) N (1)(1)(4) N "}