{"voice":"P1-1","diatonic":"2A;2A;3D; N 2A;3D;3D; N 3D;3D;2A; N 3D;2A;2A; N 2A;2A;2A; N 2A;2A;2D; N 2A;2D;2D; N 2D;2D;2D; N 2D;2D;2A; N 2D;2A;2A; N 2A;2A;2D; N 2A;2D;2D; N 2D;2D;2A; N 2D;2A;2D; N 2A;2D;3A; N 2D;3A;2D; N 3A;2D;2A; N 2D;2A;3D; N 2A;3D;3D; N 3D;3D;2A; N 3D;2A;2A; N 2A;2A;2A; N 2A;2A;2A; N 2A;2A;3D; N 2A;3D;2A; N 3D;2A;2A; N 2A;2A;2D; N 2A;2D;2D; N 2D;2D;2A; N 2D;2A;2D; N ","ref":"all:composers:bach:bach:chorals:bwv253","melody":"1A;2A;3D; N 2A;3D;4D; N 3D;4D;2A; N 4D;2A;2A; N 2A;2A;1A; N 2A;1A;1D; N 1A;1D;2D; N 1D;2D;2D; N 2D;2D;2A; N 2D;2A;2A; N 2A;2A;2D; N 2A;2D;2D; N 2D;2D;2A; N 2D;2A;2D; N 2A;2D;4A; N 2D;4A;2D; N 4A;2D;2A; N 2D;2A;4D; N 2A;4D;3D; N 4D;3D;2A; N 3D;2A;1A; N 2A;1A;2A; N 1A;2A;2A; N 2A;2A;4D; N 2A;4D;2A; N 4D;2A;2A; N 2A;2A;2D; N 2A;2D;2D; N 2D;2D;2A; N 2D;2A;2D; N ","notes":"(0D|1\/2)(1A|1)(2A|2) N (1A|1)(2A|2)(3D|1) N (2A|2)(3D|1)(4D|1) N (3D|1)(4D|1)(2A|1) N (4D|1)(2A|1)(2A|1) N (2A|1)(2A|1)(1A|1) N (2A|1)(1A|1)(1D|1) N (1A|1)(1D|1)(2D|1) N (1D|1)(2D|1)(2D|1) N (2D|1)(2D|1)(0D|3\/2) N (2D|1)(0D|3\/2)(2A|1\/3) N (0D|3\/2)(2A|1\/3)(2A|2) N (2A|1\/3)(2A|2)(0D|1) N (2A|2)(0D|1)(2D|1\/2) N (0D|1)(2D|1\/2)(2D|1) N (2D|1\/2)(2D|1)(2A|2) N (2D|1)(2A|2)(2D|3) N (2A|2)(2D|3)(4A|1\/3) N (2D|3)(4A|1\/3)(2D|1) N (4A|1\/3)(2D|1)(2A|1) N (2D|1)(2A|1)(4D|1) N (2A|1)(4D|1)(3D|1) N (4D|1)(3D|1)(2A|1) N (3D|1)(2A|1)(1A|1) N (2A|1)(1A|1)(2A|1) N (1A|1)(2A|1)(2A|1) N (2A|1)(2A|1)(4D|1) N (2A|1)(4D|1)(0D|1) N (4D|1)(0D|1)(0D|3\/2) N (0D|1)(0D|3\/2)(2A|1\/3) N (0D|3\/2)(2A|1\/3)(2A|2) N (2A|1\/3)(2A|2)(0D|1) N (2A|2)(0D|1)(2D|1\/2) N (0D|1)(2D|1\/2)(2D|1) N (2D|1\/2)(2D|1)(2A|2) N (2D|1)(2A|2)(2D|3) N ","lyricist":"","composer":"","corpus_ref":"all:composers:bach:bach:chorals","id":"all:composers:bach:bach:chorals:bwv253:P1-1","title":"Danket dem Herrn heut und allzeit","rhythm":"(1\/2)(1)(2) N (1)(2)(1) N (2)(1)(1) N (1)(1)(1) N (1)(1)(1) N (1)(1)(1) N (1)(1)(1) N (1)(1)(1) N (1)(1)(1) N (1)(1)(3\/2) N (1)(3\/2)(1\/3) N (3\/2)(1\/3)(2) N (1\/3)(2)(1) N (2)(1)(1\/2) N (1)(1\/2)(1) N (1\/2)(1)(2) N (1)(2)(3) N (2)(3)(1\/3) N (3)(1\/3)(1) N (1\/3)(1)(1) N (1)(1)(1) N (1)(1)(1) N (1)(1)(1) N (1)(1)(1) N (1)(1)(1) N (1)(1)(1) N (1)(1)(1) N (1)(1)(1) N (1)(1)(3\/2) N (1)(3\/2)(1\/3) N (3\/2)(1\/3)(2) N (1\/3)(2)(1) N (2)(1)(1\/2) N (1)(1\/2)(1) N (1\/2)(1)(2) N (1)(2)(3) N "}