{"voice":"P2-1","diatonic":"2D;2D;2D; N 2D;2D;2D; N 2D;2D;5A; N 2D;5A;2A; N 5A;2A;2D; N 2A;2D;4A; N 2D;4A;2D; N 4A;2D;2D; N 2D;2D;2D; N 2D;2D;4A; N 2D;4A;2D; N 4A;2D;2A; N 2D;2A;4D; N 2A;4D;4A; N 4D;4A;2A; N 4A;2A;2D; N 2A;2D;2D; N 2D;2D;3D; N 2D;3D;2D; N 3D;2D;2D; N 2D;2D;2D; N 2D;2D;2D; N 2D;2D;5A; N 2D;5A;2A; N 5A;2A;2D; N 2A;2D;4A; N 2D;4A;2D; N 4A;2D;2D; N 2D;2D;2D; N 2D;2D;4A; N 2D;4A;2D; N 4A;2D;2A; N 2D;2A;4D; N 2A;4D;4A; N 4D;4A;2A; N 4A;2A;2D; N 2A;2D;2D; N 2D;2D;2A; N 2D;2A;2D; N 2A;2D;2A; N 2D;2A;2D; N 2A;2D;2A; N 2D;2A;4A; N 2A;4A;5D; N 4A;5D;2D; N 5D;2D;2D; N 2D;2D;3A; N 2D;3A;2A; N 3A;2A;2A; N 2A;2A;3D; N 2A;3D;2A; N 3D;2A;2D; N 2A;2D;2D; N 2D;2D;2D; N 2D;2D;2A; N 2D;2A;2D; N 2A;2D;2D; N 2D;2D;2D; N ","ref":"all:composers:bach:bach:chorals:bwv330","melody":"2D;2D;1D; N 2D;1D;2D; N 1D;2D;7A; N 2D;7A;1A; N 7A;1A;1D; N 1A;1D;5A; N 1D;5A;2D; N 5A;2D;2D; N 2D;2D;1D; N 2D;1D;5A; N 1D;5A;1D; N 5A;1D;1A; N 1D;1A;5D; N 1A;5D;5A; N 5D;5A;2A; N 5A;2A;2D; N 2A;2D;1D; N 2D;1D;4D; N 1D;4D;2D; N 4D;2D;2D; N 2D;2D;1D; N 2D;1D;2D; N 1D;2D;7A; N 2D;7A;1A; N 7A;1A;1D; N 1A;1D;5A; N 1D;5A;2D; N 5A;2D;2D; N 2D;2D;1D; N 2D;1D;5A; N 1D;5A;1D; N 5A;1D;1A; N 1D;1A;5D; N 1A;5D;5A; N 5D;5A;2A; N 5A;2A;2D; N 2A;2D;1D; N 2D;1D;1A; N 1D;1A;2D; N 1A;2D;2A; N 2D;2A;2D; N 2A;2D;2A; N 2D;2A;5A; N 2A;5A;7D; N 5A;7D;2D; N 7D;2D;1D; N 2D;1D;3A; N 1D;3A;2A; N 3A;2A;2A; N 2A;2A;3D; N 2A;3D;1A; N 3D;1A;2D; N 1A;2D;2D; N 2D;2D;1D; N 2D;1D;1A; N 1D;1A;1D; N 1A;1D;2D; N 1D;2D;1D; N ","notes":"(2D|1)(2D|2)(1D|1) N (2D|2)(1D|1)(2D|1) N (1D|1)(2D|1)(7A|1) N (2D|1)(7A|1)(0D|1\/2) N (7A|1)(0D|1\/2)(1A|1) N (0D|1\/2)(1A|1)(1D|2) N (1A|1)(1D|2)(0D|1) N (1D|2)(0D|1)(5A|1\/2) N (0D|1)(5A|1\/2)(2D|1) N (5A|1\/2)(2D|1)(2D|1) N (2D|1)(2D|1)(1D|1) N (2D|1)(1D|1)(0D|1) N (1D|1)(0D|1)(5A|2) N (0D|1)(5A|2)(1D|1\/2) N (5A|2)(1D|1\/2)(1A|1) N (1D|1\/2)(1A|1)(5D|1) N (1A|1)(5D|1)(5A|1) N (5D|1)(5A|1)(2A|1\/2) N (5A|1)(2A|1\/2)(2D|1) N (2A|1\/2)(2D|1)(1D|8) N (2D|1)(1D|8)(4D|1\/4) N (1D|8)(4D|1\/4)(2D|1) N (4D|1\/4)(2D|1)(2D|2) N (2D|1)(2D|2)(1D|1) N (2D|2)(1D|1)(2D|1) N (1D|1)(2D|1)(7A|1) N (2D|1)(7A|1)(0D|1\/2) N (7A|1)(0D|1\/2)(1A|1) N (0D|1\/2)(1A|1)(1D|2) N (1A|1)(1D|2)(0D|1) N (1D|2)(0D|1)(5A|1\/2) N (0D|1)(5A|1\/2)(2D|1) N (5A|1\/2)(2D|1)(2D|1) N (2D|1)(2D|1)(1D|1) N (2D|1)(1D|1)(0D|1) N (1D|1)(0D|1)(5A|2) N (0D|1)(5A|2)(1D|1\/2) N (5A|2)(1D|1\/2)(1A|1) N (1D|1\/2)(1A|1)(5D|1) N (1A|1)(5D|1)(5A|1) N (5D|1)(5A|1)(2A|1\/2) N (5A|1)(2A|1\/2)(2D|1) N (2A|1\/2)(2D|1)(1D|8) N (2D|1)(1D|8)(1A|1\/2) N (1D|8)(1A|1\/2)(0D|1) N (1A|1\/2)(0D|1)(2D|1) N (0D|1)(2D|1)(2A|1\/2) N (2D|1)(2A|1\/2)(2D|1) N (2A|1\/2)(2D|1)(2A|1) N (2D|1)(2A|1)(5A|1) N (2A|1)(5A|1)(7D|3) N (5A|1)(7D|3)(0D|1\/6) N (7D|3)(0D|1\/6)(2D|1) N (0D|1\/6)(2D|1)(1D|4) N (2D|1)(1D|4)(3A|1\/2) N (1D|4)(3A|1\/2)(2A|1) N (3A|1\/2)(2A|1)(2A|2) N (2A|1)(2A|2)(0D|1\/2) N (2A|2)(0D|1\/2)(3D|1) N (0D|1\/2)(3D|1)(1A|1) N (3D|1)(1A|1)(2D|1) N (1A|1)(2D|1)(2D|1) N (2D|1)(2D|1)(1D|1) N (2D|1)(1D|1)(0D|1) N (1D|1)(0D|1)(1A|1) N (0D|1)(1A|1)(1D|3) N (1A|1)(1D|3)(2D|1\/3) N (1D|3)(2D|1\/3)(1D|6) N (2D|1\/3)(1D|6)(8A|1\/3) N ","lyricist":"","composer":"","corpus_ref":"all:composers:bach:bach:chorals","id":"all:composers:bach:bach:chorals:bwv330:P2-1","title":"Herr, ich habe mißgehandelt","rhythm":"(1)(2)(1) N (2)(1)(1) N (1)(1)(1) N (1)(1)(1\/2) N (1)(1\/2)(1) N (1\/2)(1)(2) N (1)(2)(1) N (2)(1)(1\/2) N (1)(1\/2)(1) N (1\/2)(1)(1) N (1)(1)(1) N (1)(1)(1) N (1)(1)(2) N (1)(2)(1\/2) N (2)(1\/2)(1) N (1\/2)(1)(1) N (1)(1)(1) N (1)(1)(1\/2) N (1)(1\/2)(1) N (1\/2)(1)(8) N (1)(8)(1\/4) N (8)(1\/4)(1) N (1\/4)(1)(2) N (1)(2)(1) N (2)(1)(1) N (1)(1)(1) N (1)(1)(1\/2) N (1)(1\/2)(1) N (1\/2)(1)(2) N (1)(2)(1) N (2)(1)(1\/2) N (1)(1\/2)(1) N (1\/2)(1)(1) N (1)(1)(1) N (1)(1)(1) N (1)(1)(2) N (1)(2)(1\/2) N (2)(1\/2)(1) N (1\/2)(1)(1) N (1)(1)(1) N (1)(1)(1\/2) N (1)(1\/2)(1) N (1\/2)(1)(8) N (1)(8)(1\/2) N (8)(1\/2)(1) N (1\/2)(1)(1) N (1)(1)(1\/2) N (1)(1\/2)(1) N (1\/2)(1)(1) N (1)(1)(1) N (1)(1)(3) N (1)(3)(1\/6) N (3)(1\/6)(1) N (1\/6)(1)(4) N (1)(4)(1\/2) N (4)(1\/2)(1) N (1\/2)(1)(2) N (1)(2)(1\/2) N (2)(1\/2)(1) N (1\/2)(1)(1) N (1)(1)(1) N (1)(1)(1) N (1)(1)(1) N (1)(1)(1) N (1)(1)(1) N (1)(1)(3) N (1)(3)(1\/3) N (3)(1\/3)(6) N (1\/3)(6)(-1) N "}