{"voice":"P2-1","diatonic":"3D;3D;3A; N 3D;3A;3A; N 3A;3A;4A; N 3A;4A;4D; N 4A;4D;3D; N 4D;3D;3D; N 3D;3D;3A; N 3D;3A;3A; N 3A;3A;4A; N 3A;4A;2A; N 4A;2A;2A; N 2A;2A;2A; N 2A;2A;2A; N 2A;2A;2D; N 2A;2D;5A; N 2D;5A;2A; N 5A;2A;6D; N 2A;6D;3D; N 6D;3D;3A; N 3D;3A;6A; N 3A;6A;2D; N 6A;2D;5D; N 2D;5D;3D; N 5D;3D;3D; N 3D;3D;3A; N 3D;3A;3A; N 3A;3A;4A; N 3A;4A;4D; N 4A;4D;5D; N 4D;5D;3A; N 5D;3A;3D; N 3A;3D;5A; N ","ref":"all:composers:bach:bach:chorals:bwv248.9-1","melody":"3D;4D;4A; N 4D;4A;3A; N 4A;3A;5A; N 3A;5A;5D; N 5A;5D;3D; N 5D;3D;4D; N 3D;4D;4A; N 4D;4A;3A; N 4A;3A;5A; N 3A;5A;2A; N 5A;2A;2A; N 2A;2A;1A; N 2A;1A;2A; N 1A;2A;12D; N 2A;12D;7A; N 12D;7A;2A; N 7A;2A;9D; N 2A;9D;3D; N 9D;3D;3A; N 3D;3A;9A; N 3A;9A;2D; N 9A;2D;7D; N 2D;7D;3D; N 7D;3D;4D; N 3D;4D;4A; N 4D;4A;3A; N 4A;3A;5A; N 3A;5A;5D; N 5A;5D;7D; N 5D;7D;4A; N 7D;4A;4D; N 4A;4D;7A; N ","notes":"(0D|4)(0D|1\/2)(0D|1\/2) N (0D|1\/2)(0D|1\/2)(0D|1\/2) N (0D|1\/2)(0D|1\/2)(0D|1\/2) N (0D|1\/2)(0D|1\/2)(3D|1) N (0D|1\/2)(3D|1)(4D|2) N (3D|1)(4D|2)(4A|1) N (4D|2)(4A|1)(3A|1) N (4A|1)(3A|1)(3D|1\/2) N (3A|1)(3D|1\/2)(3A|1) N (3D|1\/2)(3A|1)(5A|2) N (3A|1)(5A|2)(0D|1) N (5A|2)(0D|1)(0D|1) N (0D|1)(0D|1)(5D|1) N (0D|1)(5D|1)(0D|2) N (5D|1)(0D|2)(0D|1) N (0D|2)(0D|1)(0D|2) N (0D|1)(0D|2)(0D|2) N (0D|2)(0D|2)(0D|1\/4) N (0D|2)(0D|1\/4)(0D|1\/2) N (0D|1\/4)(0D|1\/2)(0D|1\/2) N (0D|1\/2)(0D|1\/2)(3D|1) N (0D|1\/2)(3D|1)(4D|2) N (3D|1)(4D|2)(4A|1) N (4D|2)(4A|1)(3A|1) N (4A|1)(3A|1)(3D|1\/2) N (3A|1)(3D|1\/2)(3A|1) N (3D|1\/2)(3A|1)(5A|2) N (3A|1)(5A|2)(0D|1\/2) N (5A|2)(0D|1\/2)(2A|1) N (0D|1\/2)(2A|1)(2A|1) N (2A|1)(2A|1)(1A|1) N (2A|1)(1A|1)(2A|2) N (1A|1)(2A|2)(12D|2) N (2A|2)(12D|2)(0D|1) N (12D|2)(0D|1)(0D|4) N (0D|1)(0D|4)(0D|1\/2) N (0D|4)(0D|1\/2)(0D|1\/2) N (0D|1\/2)(0D|1\/2)(0D|1\/2) N (0D|1\/2)(0D|1\/2)(0D|1\/2) N (0D|1\/2)(0D|1\/2)(7A|1) N (0D|1\/2)(7A|1)(2A|2) N (7A|1)(2A|2)(9D|1) N (2A|2)(9D|1)(0D|1) N (9D|1)(0D|1)(3D|1\/2) N (0D|1)(3D|1\/2)(3A|1) N (3D|1\/2)(3A|1)(9A|2) N (3A|1)(9A|2)(0D|1) N (9A|2)(0D|1)(2D|1) N (0D|1)(2D|1)(0D|1) N (2D|1)(0D|1)(0D|1) N (0D|1)(0D|1)(7D|1) N (0D|1)(7D|1)(0D|2) N (7D|1)(0D|2)(0D|2) N (0D|2)(0D|2)(0D|2) N (0D|2)(0D|2)(0D|1\/4) N (0D|2)(0D|1\/4)(0D|1\/2) N (0D|1\/4)(0D|1\/2)(0D|1\/2) N (0D|1\/2)(0D|1\/2)(3D|1) N (0D|1\/2)(3D|1)(4D|2) N (3D|1)(4D|2)(4A|1) N (4D|2)(4A|1)(3A|1) N (4A|1)(3A|1)(3D|1\/2) N (3A|1)(3D|1\/2)(3A|1) N (3D|1\/2)(3A|1)(5A|2) N (3A|1)(5A|2)(0D|1) N (5A|2)(0D|1)(0D|1) N (0D|1)(0D|1)(5D|1) N (0D|1)(5D|1)(7D|2) N (5D|1)(7D|2)(7A|1\/2) N (7D|2)(7A|1\/2)(7D|1\/2) N (7A|1\/2)(7D|1\/2)(0D|1) N (7D|1\/2)(0D|1)(0D|2) N (0D|1)(0D|2)(4A|1\/2) N (0D|2)(4A|1\/2)(4D|1) N (4A|1\/2)(4D|1)(7A|2) N (4D|1)(7A|2)(0D|1) N (7A|2)(0D|1)(0D|2) N ","lyricist":"","composer":"","corpus_ref":"all:composers:bach:bach:chorals","id":"all:composers:bach:bach:chorals:bwv248.9-1:voice_P2-1","title":"score.xml","rhythm":"(-1)(-1)(1\/2) N (-1)(1\/2)(-1) N (1\/2)(-1)(1\/2) N (-1)(1\/2)(1) N (1\/2)(1)(2) N (1)(2)(1) N (2)(1)(-1) N (1)(-1)(1\/2) N (-1)(1\/2)(1) N (1\/2)(1)(2) N (1)(2)(1) N (2)(1)(1) N (1)(1)(1) N (1)(1)(2) N (1)(2)(-1) N (2)(-1)(-1) N (-1)(-1)(-1) N (-1)(-1)(1\/4) N (-1)(1\/4)(-1) N (1\/4)(-1)(1\/2) N (-1)(1\/2)(1) N (1\/2)(1)(2) N (1)(2)(1) N (2)(1)(-1) N (1)(-1)(1\/2) N (-1)(1\/2)(1) N (1\/2)(1)(2) N (1)(2)(1\/2) N (2)(1\/2)(1) N (1\/2)(1)(1) N (1)(1)(1) N (1)(1)(2) N (1)(2)(2) N (2)(2)(-1) N (2)(-1)(-1) N (-1)(-1)(-1) N (-1)(-1)(1\/2) N (-1)(1\/2)(-1) N (1\/2)(-1)(1\/2) N (-1)(1\/2)(1) N (1\/2)(1)(2) N (1)(2)(1) N (2)(1)(-1) N (1)(-1)(1\/2) N (-1)(1\/2)(1) N (1\/2)(1)(2) N (1)(2)(1) N (2)(1)(1) N (1)(1)(1) N (1)(1)(1) N (1)(1)(-1) N (1)(-1)(-1) N (-1)(-1)(-1) N (-1)(-1)(-1) N (-1)(-1)(1\/4) N (-1)(1\/4)(-1) N (1\/4)(-1)(1\/2) N (-1)(1\/2)(1) N (1\/2)(1)(2) N (1)(2)(1) N (2)(1)(-1) N (1)(-1)(1\/2) N (-1)(1\/2)(1) N (1\/2)(1)(2) N (1)(2)(1) N (2)(1)(1) N (1)(1)(1) N (1)(1)(2) N (1)(2)(-1) N (2)(-1)(1\/2) N (-1)(1\/2)(1) N (1\/2)(1)(2) N (1)(2)(1\/2) N (2)(1\/2)(1) N (1\/2)(1)(2) N (1)(2)(1) N (2)(1)(2) N "}