{"voice":"P1-1","diatonic":"3A;2A;2A; N 2A;2A;2D; N 2A;2D;2A; N 2D;2A;2A; N 2A;2A;2D; N 2A;2D;2A; N 2D;2A;2A; N 2A;2A;2D; N 2A;2D;2A; N 2D;2A;2A; N 2A;2A;6D; N 2A;6D;2A; N 6D;2A;2A; N 2A;2A;2D; N 2A;2D;2D; N 2D;2D;2D; N 2D;2D;2A; N 2D;2A;2A; N 2A;2A;2D; N 2A;2D;2D; N 2D;2D;2D; N 2D;2D;2A; N 2D;2A;2A; N 2A;2A;2D; N 2A;2D;2A; N 2D;2A;2A; N 2A;2A;2A; N 2A;2A;3A; N 2A;3A;2A; N 3A;2A;3D; N 2A;3D;3A; N 3D;3A;2D; N 3A;2D;2D; N 2D;2D;2D; N 2D;2D;3D; N 2D;3D;4A; N 3D;4A;4D; N 4A;4D;2A; N 4D;2A;2D; N 2A;2D;2D; N 2D;2D;2D; N 2D;2D;2D; N 2D;2D;2A; N 2D;2A;3D; N 2A;3D;3A; N 3D;3A;2A; N 3A;2A;2D; N 2A;2D;2A; N 2D;2A;2A; N 2A;2A;2A; N 2A;2A;2A; N 2A;2A;2D; N 2A;2D;2D; N 2D;2D;2A; N 2D;2A;3D; N 2A;3D;4A; N 3D;4A;2A; N 4A;2A;2A; N 2A;2A;2A; N 2A;2A;2D; N 2A;2D;2D; N 2D;2D;2A; N 2D;2A;3D; N 2A;3D;4A; N 3D;4A;4D; N 4A;4D;3D; N 4D;3D;4A; N 3D;4A;2D; N 4A;2D;2D; N 2D;2D;2A; N 2D;2A;3D; N 2A;3D;2D; N 3D;2D;4A; N 2D;4A;3D; N 4A;3D;3D; N 3D;3D;6A; N 3D;6A;2A; N 6A;2A;2A; N 2A;2A;6D; N 2A;6D;2D; N 6D;2D;2D; N ","ref":"all:composers:bach:bach:chorals:bwv320","melody":"4A;2A;1A; N 2A;1A;2D; N 1A;2D;2A; N 2D;2A;2A; N 2A;2A;2D; N 2A;2D;2A; N 2D;2A;2A; N 2A;2A;2D; N 2A;2D;2A; N 2D;2A;1A; N 2A;1A;8D; N 1A;8D;1A; N 8D;1A;2A; N 1A;2A;2D; N 2A;2D;1D; N 2D;1D;2D; N 1D;2D;2A; N 2D;2A;1A; N 2A;1A;1D; N 1A;1D;2D; N 1D;2D;2D; N 2D;2D;2A; N 2D;2A;2A; N 2A;2A;2D; N 2A;2D;2A; N 2D;2A;2A; N 2A;2A;1A; N 2A;1A;4A; N 1A;4A;1A; N 4A;1A;3D; N 1A;3D;3A; N 3D;3A;1D; N 3A;1D;2D; N 1D;2D;1D; N 2D;1D;4D; N 1D;4D;5A; N 4D;5A;5D; N 5A;5D;1A; N 5D;1A;1D; N 1A;1D;2D; N 1D;2D;2D; N 2D;2D;1D; N 2D;1D;1A; N 1D;1A;3D; N 1A;3D;4A; N 3D;4A;1A; N 4A;1A;1D; N 1A;1D;1A; N 1D;1A;2A; N 1A;2A;1A; N 2A;1A;2A; N 1A;2A;2D; N 2A;2D;1D; N 2D;1D;1A; N 1D;1A;3D; N 1A;3D;5A; N 3D;5A;2A; N 5A;2A;2A; N 2A;2A;1A; N 2A;1A;1D; N 1A;1D;2D; N 1D;2D;2A; N 2D;2A;4D; N 2A;4D;5A; N 4D;5A;5D; N 5A;5D;3D; N 5D;3D;5A; N 3D;5A;2D; N 5A;2D;2D; N 2D;2D;2A; N 2D;2A;3D; N 2A;3D;2D; N 3D;2D;5A; N 2D;5A;3D; N 5A;3D;4D; N 3D;4D;9A; N 4D;9A;2A; N 9A;2A;1A; N 2A;1A;8D; N 1A;8D;2D; N 8D;2D;2D; N ","notes":"(4A|1)(2A|1)(1A|3) N (2A|1)(1A|3)(0D|1\/3) N (1A|3)(0D|1\/3)(2D|1) N (0D|1\/3)(2D|1)(2A|1) N (2D|1)(2A|1)(2A|1) N (2A|1)(2A|1)(2D|1) N (2A|1)(2D|1)(2A|1) N (2D|1)(2A|1)(2A|1) N (2A|1)(2A|1)(2D|1) N (2A|1)(2D|1)(2A|1) N (2D|1)(2A|1)(1A|3) N (2A|1)(1A|3)(8D|2\/3) N (1A|3)(8D|2\/3)(1A|1\/2) N (8D|2\/3)(1A|1\/2)(2A|1) N (1A|1\/2)(2A|1)(2D|1) N (2A|1)(2D|1)(1D|1) N (2D|1)(1D|1)(2D|2) N (1D|1)(2D|2)(2A|1\/2) N (2D|2)(2A|1\/2)(1A|1) N (2A|1\/2)(1A|1)(1D|1) N (1A|1)(1D|1)(2D|1) N (1D|1)(2D|1)(2D|2) N (2D|1)(2D|2)(2A|1\/2) N (2D|2)(2A|1\/2)(2A|2) N (2A|1\/2)(2A|2)(2D|1\/2) N (2A|2)(2D|1\/2)(2A|2) N (2D|1\/2)(2A|2)(2A|1\/2) N (2A|2)(2A|1\/2)(1A|3) N (2A|1\/2)(1A|3)(4A|2\/3) N (1A|3)(4A|2\/3)(1A|1\/2) N (4A|2\/3)(1A|1\/2)(3D|2) N (1A|1\/2)(3D|2)(3A|1\/2) N (3D|2)(3A|1\/2)(1D|2) N (3A|1\/2)(1D|2)(2D|1\/2) N (1D|2)(2D|1\/2)(1D|2) N (2D|1\/2)(1D|2)(4D|1\/2) N (1D|2)(4D|1\/2)(5A|2) N (4D|1\/2)(5A|2)(5D|1\/2) N (5A|2)(5D|1\/2)(1A|1) N (5D|1\/2)(1A|1)(1D|1) N (1A|1)(1D|1)(2D|1) N (1D|1)(2D|1)(2D|2) N (2D|1)(2D|2)(1D|1\/4) N (2D|2)(1D|1\/4)(1A|1) N (1D|1\/4)(1A|1)(3D|6) N (1A|1)(3D|6)(4A|2\/3) N (3D|6)(4A|2\/3)(0D|1\/2) N (4A|2\/3)(0D|1\/2)(1A|1) N (0D|1\/2)(1A|1)(1D|1) N (1A|1)(1D|1)(1A|1) N (1D|1)(1A|1)(2A|1) N (1A|1)(2A|1)(1A|1) N (2A|1)(1A|1)(2A|1) N (1A|1)(2A|1)(2D|1) N (2A|1)(2D|1)(1D|1\/2) N (2D|1)(1D|1\/2)(1A|1) N (1D|1\/2)(1A|1)(3D|2) N (1A|1)(3D|2)(5A|2) N (3D|2)(5A|2)(0D|1\/2) N (5A|2)(0D|1\/2)(0D|1) N (0D|1\/2)(0D|1)(2A|1) N (0D|1)(2A|1)(2A|1) N (2A|1)(2A|1)(1A|1) N (2A|1)(1A|1)(1D|1) N (1A|1)(1D|1)(2D|1) N (1D|1)(2D|1)(2A|2) N (2D|1)(2A|2)(4D|1\/2) N (2A|2)(4D|1\/2)(5A|1) N (4D|1\/2)(5A|1)(5D|1) N (5A|1)(5D|1)(3D|1) N (5D|1)(3D|1)(5A|2) N (3D|1)(5A|2)(2D|1\/2) N (5A|2)(2D|1\/2)(2D|1) N (2D|1\/2)(2D|1)(2A|1) N (2D|1)(2A|1)(3D|1) N (2A|1)(3D|1)(2D|3) N (3D|1)(2D|3)(5A|1\/3) N (2D|3)(5A|1\/3)(3D|1) N (5A|1\/3)(3D|1)(4D|1) N (3D|1)(4D|1)(9A|1) N (4D|1)(9A|1)(2A|1) N (9A|1)(2A|1)(1A|1) N (2A|1)(1A|1)(8D|2) N (1A|1)(8D|2)(2D|1\/4) N (8D|2)(2D|1\/4)(2D|1) N (2D|1\/4)(2D|1)(0D|6) N ","lyricist":"","composer":"","corpus_ref":"all:composers:bach:bach:chorals","id":"all:composers:bach:bach:chorals:bwv320:P1-1","title":"Gott lebet noch, Seele, was verzagst du doch?","rhythm":"(1)(1)(3) N (1)(3)(1\/3) N (3)(1\/3)(1) N (1\/3)(1)(1) N (1)(1)(1) N (1)(1)(1) N (1)(1)(1) N (1)(1)(1) N (1)(1)(1) N (1)(1)(1) N (1)(1)(3) N (1)(3)(2\/3) N (3)(2\/3)(1\/2) N (2\/3)(1\/2)(1) N (1\/2)(1)(1) N (1)(1)(1) N (1)(1)(2) N (1)(2)(1\/2) N (2)(1\/2)(1) N (1\/2)(1)(1) N (1)(1)(1) N (1)(1)(2) N (1)(2)(1\/2) N (2)(1\/2)(2) N (1\/2)(2)(1\/2) N (2)(1\/2)(2) N (1\/2)(2)(1\/2) N (2)(1\/2)(3) N (1\/2)(3)(2\/3) N (3)(2\/3)(1\/2) N (2\/3)(1\/2)(2) N (1\/2)(2)(1\/2) N (2)(1\/2)(2) N (1\/2)(2)(1\/2) N (2)(1\/2)(2) N (1\/2)(2)(1\/2) N (2)(1\/2)(2) N (1\/2)(2)(1\/2) N (2)(1\/2)(1) N (1\/2)(1)(1) N (1)(1)(1) N (1)(1)(2) N (1)(2)(1\/4) N (2)(1\/4)(1) N (1\/4)(1)(6) N (1)(6)(2\/3) N (6)(2\/3)(1\/2) N (2\/3)(1\/2)(1) N (1\/2)(1)(1) N (1)(1)(1) N (1)(1)(1) N (1)(1)(1) N (1)(1)(1) N (1)(1)(1) N (1)(1)(1\/2) N (1)(1\/2)(1) N (1\/2)(1)(2) N (1)(2)(2) N (2)(2)(1\/2) N (2)(1\/2)(1) N (1\/2)(1)(1) N (1)(1)(1) N (1)(1)(1) N (1)(1)(1) N (1)(1)(1) N (1)(1)(2) N (1)(2)(1\/2) N (2)(1\/2)(1) N (1\/2)(1)(1) N (1)(1)(1) N (1)(1)(2) N (1)(2)(1\/2) N (2)(1\/2)(1) N (1\/2)(1)(1) N (1)(1)(1) N (1)(1)(3) N (1)(3)(1\/3) N (3)(1\/3)(1) N (1\/3)(1)(1) N (1)(1)(1) N (1)(1)(1) N (1)(1)(1) N (1)(1)(2) N (1)(2)(1\/4) N (2)(1\/4)(1) N (1\/4)(1)(6) N "}