{"voice":"P2-1","diatonic":"2D;2A;2D; N 2A;2D;2D; N 2D;2D;2D; N 2D;2D;5A; N 2D;5A;2D; N 5A;2D;4D; N 2D;4D;3A; N 4D;3A;2A; N 3A;2A;2D; N 2A;2D;3A; N 2D;3A;2D; N 3A;2D;2A; N 2D;2A;2A; N 2A;2A;2D; N 2A;2D;2D; N 2D;2D;2D; N 2D;2D;3A; N 2D;3A;2A; N 3A;2A;2D; N 2A;2D;2D; N 2D;2D;3A; N 2D;3A;2D; N 3A;2D;2A; N 2D;2A;2A; N 2A;2A;2D; N 2A;2D;2D; N 2D;2D;2D; N 2D;2D;2A; N 2D;2A;2A; N 2A;2A;2D; N 2A;2D;2D; N 2D;2D;2A; N 2D;2A;3A; N 2A;3A;2D; N ","ref":"all:composers:bach:bach:chorals:bwv400","melody":"1D;1A;1D; N 1A;1D;2D; N 1D;2D;2D; N 2D;2D;7A; N 2D;7A;2D; N 7A;2D;5D; N 2D;5D;4A; N 5D;4A;1A; N 4A;1A;1D; N 1A;1D;3A; N 1D;3A;2D; N 3A;2D;2A; N 2D;2A;2A; N 2A;2A;2D; N 2A;2D;2D; N 2D;2D;1D; N 2D;1D;3A; N 1D;3A;2A; N 3A;2A;2D; N 2A;2D;2D; N 2D;2D;4A; N 2D;4A;2D; N 4A;2D;2A; N 2D;2A;1A; N 2A;1A;1D; N 1A;1D;2D; N 1D;2D;2D; N 2D;2D;2A; N 2D;2A;2A; N 2A;2A;2D; N 2A;2D;2D; N 2D;2D;2A; N 2D;2A;3A; N 2A;3A;1D; N ","notes":"(0D|1)(0D|1)(1D|2) N (0D|1)(1D|2)(1A|1\/2) N (1D|2)(1A|1\/2)(1D|1\/2) N (1A|1\/2)(1D|1\/2)(2D|1) N (1D|1\/2)(2D|1)(2D|4) N (2D|1)(2D|4)(7A|1) N (2D|4)(7A|1)(0D|1\/2) N (7A|1)(0D|1\/2)(2D|1) N (0D|1\/2)(2D|1)(5D|2) N (2D|1)(5D|2)(4A|1\/2) N (5D|2)(4A|1\/2)(1A|1) N (4A|1\/2)(1A|1)(0D|1) N (1A|1)(0D|1)(1D|2) N (0D|1)(1D|2)(3A|1\/2) N (1D|2)(3A|1\/2)(0D|1) N (3A|1\/2)(0D|1)(0D|1) N (0D|1)(0D|1)(2D|1) N (0D|1)(2D|1)(2A|1) N (2D|1)(2A|1)(2A|1) N (2A|1)(2A|1)(2D|1\/2) N (2A|1)(2D|1\/2)(2D|1) N (2D|1\/2)(2D|1)(1D|6) N (2D|1)(1D|6)(3A|1\/3) N (1D|6)(3A|1\/3)(2A|1) N (3A|1\/3)(2A|1)(0D|1\/2) N (2A|1)(0D|1\/2)(2D|1) N (0D|1\/2)(2D|1)(2D|4) N (2D|1)(2D|4)(4A|1\/2) N (2D|4)(4A|1\/2)(0D|1) N (4A|1\/2)(0D|1)(0D|1) N (0D|1)(0D|1)(2D|1) N (0D|1)(2D|1)(2A|1) N (2D|1)(2A|1)(1A|1) N (2A|1)(1A|1)(1D|1\/2) N (1A|1)(1D|1\/2)(2D|1) N (1D|1\/2)(2D|1)(2D|4) N (2D|1)(2D|4)(0D|1\/2) N (2D|4)(0D|1\/2)(0D|1) N (0D|1\/2)(0D|1)(2A|1) N (0D|1)(2A|1)(2A|1) N (2A|1)(2A|1)(0D|1) N (2A|1)(0D|1)(2D|1\/2) N (0D|1)(2D|1\/2)(2D|1) N (2D|1\/2)(2D|1)(2A|1) N (2D|1)(2A|1)(3A|1) N (2A|1)(3A|1)(1D|6) N ","lyricist":"","composer":"","corpus_ref":"all:composers:bach:bach:chorals","id":"all:composers:bach:bach:chorals:bwv400:P2-1","title":"O Herzensangst, o Bangigkeit und Zagen","rhythm":"(1)(1)(2) N (1)(2)(1\/2) N (2)(1\/2)(1\/2) N (1\/2)(1\/2)(1) N (1\/2)(1)(4) N (1)(4)(1) N (4)(1)(1\/2) N (1)(1\/2)(1) N (1\/2)(1)(2) N (1)(2)(1\/2) N (2)(1\/2)(1) N (1\/2)(1)(1) N (1)(1)(2) N (1)(2)(1\/2) N (2)(1\/2)(1) N (1\/2)(1)(1) N (1)(1)(1) N (1)(1)(1) N (1)(1)(1) N (1)(1)(1\/2) N (1)(1\/2)(1) N (1\/2)(1)(6) N (1)(6)(1\/3) N (6)(1\/3)(1) N (1\/3)(1)(1\/2) N (1)(1\/2)(1) N (1\/2)(1)(4) N (1)(4)(1\/2) N (4)(1\/2)(1) N (1\/2)(1)(1) N (1)(1)(1) N (1)(1)(1) N (1)(1)(1) N (1)(1)(1\/2) N (1)(1\/2)(1) N (1\/2)(1)(4) N (1)(4)(1\/2) N (4)(1\/2)(1) N (1\/2)(1)(1) N (1)(1)(1) N (1)(1)(1) N (1)(1)(1\/2) N (1)(1\/2)(1) N (1\/2)(1)(1) N (1)(1)(1) N (1)(1)(6) N "}