{"voice":"P1-1","diatonic":"3D;2A;2A; N 2A;2A;2A; N 2A;2A;2D; N 2A;2D;2D; N 2D;2D;2D; N 2D;2D;3D; N 2D;3D;2A; N 3D;2A;2A; N 2A;2A;2A; N 2A;2A;2A; N 2A;2A;2A; N 2A;2A;2D; N 2A;2D;2D; N 2D;2D;2D; N 2D;2D;2D; N 2D;2D;3D; N 2D;3D;4A; N 3D;4A;4A; N 4A;4A;2D; N 4A;2D;2D; N 2D;2D;2D; N 2D;2D;3A; N 2D;3A;3D; N 3A;3D;2A; N 3D;2A;2A; N 2A;2A;2A; N 2A;2A;2D; N 2A;2D;2D; N 2D;2D;2D; N 2D;2D;3D; N 2D;3D;2A; N 3D;2A;2A; N 2A;2A;2A; N 2A;2A;2A; N 2A;2A;2A; N 2A;2A;2D; N 2A;2D;2D; N 2D;2D;2D; N 2D;2D;2D; N 2D;2D;3D; N 2D;3D;4A; N 3D;4A;4A; N 4A;4A;2D; N 4A;2D;2D; N 2D;2D;2D; N 2D;2D;2D; N 2D;2D;2A; N 2D;2A;2D; N 2A;2D;2A; N 2D;2A;3A; N 2A;3A;2D; N 3A;2D;2D; N 2D;2D;2A; N 2D;2A;2A; N 2A;2A;2A; N 2A;2A;2D; N 2A;2D;2D; N 2D;2D;2D; N 2D;2D;2A; N 2D;2A;4A; N 2A;4A;2D; N 4A;2D;2D; N 2D;2D;2D; N 2D;2D;2D; N 2D;2D;2A; N 2D;2A;2A; N 2A;2A;2A; N 2A;2A;2D; N 2A;2D;2D; N 2D;2D;3A; N 2D;3A;2D; N 3A;2D;2D; N 2D;2D;2D; N 2D;2D;2A; N 2D;2A;2D; N 2A;2D;2A; N 2D;2A;2A; N 2A;2A;2A; N 2A;2A;2D; N 2A;2D;2D; N 2D;2D;2D; N 2D;2D;3A; N 2D;3A;2D; N 3A;2D;2D; N 2D;2D;2D; N 2D;2D;2A; N ","ref":"all:composers:bach:bach:chorals:bwv362","melody":"4D;2A;2A; N 2A;2A;1A; N 2A;1A;1D; N 1A;1D;2D; N 1D;2D;2D; N 2D;2D;3D; N 2D;3D;2A; N 3D;2A;1A; N 2A;1A;2A; N 1A;2A;2A; N 2A;2A;1A; N 2A;1A;1D; N 1A;1D;2D; N 1D;2D;2D; N 2D;2D;1D; N 2D;1D;4D; N 1D;4D;5A; N 4D;5A;5A; N 5A;5A;1D; N 5A;1D;2D; N 1D;2D;2D; N 2D;2D;4A; N 2D;4A;4D; N 4A;4D;2A; N 4D;2A;2A; N 2A;2A;1A; N 2A;1A;1D; N 1A;1D;2D; N 1D;2D;2D; N 2D;2D;3D; N 2D;3D;2A; N 3D;2A;1A; N 2A;1A;2A; N 1A;2A;2A; N 2A;2A;1A; N 2A;1A;1D; N 1A;1D;2D; N 1D;2D;2D; N 2D;2D;1D; N 2D;1D;4D; N 1D;4D;5A; N 4D;5A;5A; N 5A;5A;1D; N 5A;1D;2D; N 1D;2D;2D; N 2D;2D;1D; N 2D;1D;1A; N 1D;1A;1D; N 1A;1D;1A; N 1D;1A;4A; N 1A;4A;2D; N 4A;2D;2D; N 2D;2D;2A; N 2D;2A;2A; N 2A;2A;1A; N 2A;1A;1D; N 1A;1D;2D; N 1D;2D;1D; N 2D;1D;1A; N 1D;1A;5A; N 1A;5A;2D; N 5A;2D;1D; N 2D;1D;2D; N 1D;2D;1D; N 2D;1D;1A; N 1D;1A;2A; N 1A;2A;1A; N 2A;1A;1D; N 1A;1D;2D; N 1D;2D;3A; N 2D;3A;1D; N 3A;1D;2D; N 1D;2D;1D; N 2D;1D;1A; N 1D;1A;1D; N 1A;1D;1A; N 1D;1A;2A; N 1A;2A;1A; N 2A;1A;1D; N 1A;1D;2D; N 1D;2D;2D; N 2D;2D;4A; N 2D;4A;2D; N 4A;2D;2D; N 2D;2D;1D; N 2D;1D;1A; N ","notes":"(0D|1)(4D|1)(2A|1) N (4D|1)(2A|1)(2A|1) N (2A|1)(2A|1)(1A|1) N (2A|1)(1A|1)(1D|1\/2) N (1A|1)(1D|1\/2)(2D|1) N (1D|1\/2)(2D|1)(0D|2) N (2D|1)(0D|2)(0D|1) N (0D|2)(0D|1)(0D|1) N (0D|1)(0D|1)(2D|1) N (0D|1)(2D|1)(0D|1\/2) N (2D|1)(0D|1\/2)(3D|1) N (0D|1\/2)(3D|1)(2A|2) N (3D|1)(2A|2)(1A|3) N (2A|2)(1A|3)(2A|1\/3) N (1A|3)(2A|1\/3)(0D|1) N (2A|1\/3)(0D|1)(0D|1) N (0D|1)(0D|1)(0D|1\/2) N (0D|1)(0D|1\/2)(2A|1\/2) N (0D|1\/2)(2A|1\/2)(1A|1) N (2A|1\/2)(1A|1)(1D|2) N (1A|1)(1D|2)(2D|1) N (1D|2)(2D|1)(2D|4) N (2D|1)(2D|4)(0D|1\/2) N (2D|4)(0D|1\/2)(0D|1) N (0D|1\/2)(0D|1)(1D|1\/2) N (0D|1)(1D|1\/2)(4D|1) N (1D|1\/2)(4D|1)(5A|1) N (4D|1)(5A|1)(5A|1) N (5A|1)(5A|1)(1D|1) N (5A|1)(1D|1)(2D|1) N (1D|1)(2D|1)(0D|2) N (2D|1)(0D|2)(2D|3) N (0D|2)(2D|3)(4A|1\/3) N (2D|3)(4A|1\/3)(0D|1) N (4A|1\/3)(0D|1)(4D|1) N (0D|1)(4D|1)(2A|1) N (4D|1)(2A|1)(2A|1) N (2A|1)(2A|1)(1A|1) N (2A|1)(1A|1)(1D|1\/2) N (1A|1)(1D|1\/2)(2D|1) N (1D|1\/2)(2D|1)(0D|2) N (2D|1)(0D|2)(0D|1) N (0D|2)(0D|1)(0D|1) N (0D|1)(0D|1)(2D|1) N (0D|1)(2D|1)(0D|1\/2) N (2D|1)(0D|1\/2)(3D|1) N (0D|1\/2)(3D|1)(2A|2) N (3D|1)(2A|2)(1A|3) N (2A|2)(1A|3)(2A|1\/3) N (1A|3)(2A|1\/3)(0D|1) N (2A|1\/3)(0D|1)(0D|1) N (0D|1)(0D|1)(0D|1\/2) N (0D|1)(0D|1\/2)(2A|1\/2) N (0D|1\/2)(2A|1\/2)(1A|1) N (2A|1\/2)(1A|1)(1D|2) N (1A|1)(1D|2)(2D|1) N (1D|2)(2D|1)(2D|4) N (2D|1)(2D|4)(0D|1\/2) N (2D|4)(0D|1\/2)(0D|1) N (0D|1\/2)(0D|1)(1D|1\/2) N (0D|1)(1D|1\/2)(4D|1) N (1D|1\/2)(4D|1)(5A|1) N (4D|1)(5A|1)(5A|1) N (5A|1)(5A|1)(1D|1) N (5A|1)(1D|1)(2D|1) N (1D|1)(2D|1)(0D|2) N (2D|1)(0D|2)(2D|3) N (0D|2)(2D|3)(1D|1\/3) N (2D|3)(1D|1\/3)(0D|1) N (1D|1\/3)(0D|1)(0D|1) N (0D|1)(0D|1)(0D|1) N (0D|1)(0D|1)(0D|1) N (0D|1)(0D|1)(1A|2) N (0D|1)(1A|2)(0D|1\/2) N (1A|2)(0D|1\/2)(0D|1) N (0D|1\/2)(0D|1)(1D|1) N (0D|1)(1D|1)(0D|1) N (1D|1)(0D|1)(0D|1) N (0D|1)(0D|1)(0D|1) N (0D|1)(0D|1)(1A|2) N (0D|1)(1A|2)(0D|1\/2) N (1A|2)(0D|1\/2)(4A|1) N (0D|1\/2)(4A|1)(0D|1\/2) N (4A|1)(0D|1\/2)(2D|1) N (0D|1\/2)(2D|1)(2D|2) N (2D|1)(2D|2)(2A|1) N (2D|2)(2A|1)(2A|1) N (2A|1)(2A|1)(1A|2) N (2A|1)(1A|2)(1D|1\/2) N (1A|2)(1D|1\/2)(0D|1) N (1D|1\/2)(0D|1)(2D|1\/2) N (0D|1)(2D|1\/2)(1D|1) N (2D|1\/2)(1D|1)(1A|1) N (1D|1)(1A|1)(5A|1) N (1A|1)(5A|1)(2D|1) N (5A|1)(2D|1)(1D|1) N (2D|1)(1D|1)(0D|2) N (1D|1)(0D|2)(2D|2) N (0D|2)(2D|2)(1D|1\/2) N (2D|2)(1D|1\/2)(1A|2) N (1D|1\/2)(1A|2)(0D|1\/2) N (1A|2)(0D|1\/2)(2A|2) N (0D|1\/2)(2A|2)(0D|1\/2) N (2A|2)(0D|1\/2)(1A|3) N (0D|1\/2)(1A|3)(1D|2\/3) N (1A|3)(1D|2\/3)(0D|1\/2) N (1D|2\/3)(0D|1\/2)(2D|2) N (0D|1\/2)(2D|2)(0D|1\/2) N (2D|2)(0D|1\/2)(0D|1) N (0D|1\/2)(0D|1)(3A|1\/2) N (0D|1)(3A|1\/2)(1D|1) N (3A|1\/2)(1D|1)(2D|1) N (1D|1)(2D|1)(1D|1) N (2D|1)(1D|1)(1A|4) N (1D|1)(1A|4)(1D|1\/2) N (1A|4)(1D|1\/2)(1A|2) N (1D|1\/2)(1A|2)(0D|1\/2) N (1A|2)(0D|1\/2)(2A|2) N (0D|1\/2)(2A|2)(0D|1\/2) N (2A|2)(0D|1\/2)(1A|3) N (0D|1\/2)(1A|3)(1D|2\/3) N (1A|3)(1D|2\/3)(0D|1\/2) N (1D|2\/3)(0D|1\/2)(2D|2) N (0D|1\/2)(2D|2)(2D|1\/2) N (2D|2)(2D|1\/2)(0D|1) N (2D|1\/2)(0D|1)(4A|1\/2) N (0D|1)(4A|1\/2)(2D|1) N (4A|1\/2)(2D|1)(2D|1) N (2D|1)(2D|1)(1D|1) N (2D|1)(1D|1)(1A|6) N ","lyricist":"","composer":"","corpus_ref":"all:composers:bach:bach:chorals","id":"all:composers:bach:bach:chorals:bwv362:P1-1","title":"Jesu, nun sei gepreiset","rhythm":"(1)(1)(1) N (1)(1)(1) N (1)(1)(1) N (1)(1)(1\/2) N (1)(1\/2)(1) N (1\/2)(1)(2) N (1)(2)(1) N (2)(1)(1) N (1)(1)(1) N (1)(1)(1\/2) N (1)(1\/2)(1) N (1\/2)(1)(2) N (1)(2)(3) N (2)(3)(1\/3) N (3)(1\/3)(1) N (1\/3)(1)(1) N (1)(1)(1\/2) N (1)(1\/2)(1\/2) N (1\/2)(1\/2)(1) N (1\/2)(1)(2) N (1)(2)(1) N (2)(1)(4) N (1)(4)(1\/2) N (4)(1\/2)(1) N (1\/2)(1)(1\/2) N (1)(1\/2)(1) N (1\/2)(1)(1) N (1)(1)(1) N (1)(1)(1) N (1)(1)(1) N (1)(1)(2) N (1)(2)(3) N (2)(3)(1\/3) N (3)(1\/3)(1) N (1\/3)(1)(1) N (1)(1)(1) N (1)(1)(1) N (1)(1)(1) N (1)(1)(1\/2) N (1)(1\/2)(1) N (1\/2)(1)(2) N (1)(2)(1) N (2)(1)(1) N (1)(1)(1) N (1)(1)(1\/2) N (1)(1\/2)(1) N (1\/2)(1)(2) N (1)(2)(3) N (2)(3)(1\/3) N (3)(1\/3)(1) N (1\/3)(1)(1) N (1)(1)(1\/2) N (1)(1\/2)(1\/2) N (1\/2)(1\/2)(1) N (1\/2)(1)(2) N (1)(2)(1) N (2)(1)(4) N (1)(4)(1\/2) N (4)(1\/2)(1) N (1\/2)(1)(1\/2) N (1)(1\/2)(1) N (1\/2)(1)(1) N (1)(1)(1) N (1)(1)(1) N (1)(1)(1) N (1)(1)(2) N (1)(2)(3) N (2)(3)(1\/3) N (3)(1\/3)(1) N (1\/3)(1)(1) N (1)(1)(1) N (1)(1)(1) N (1)(1)(2) N (1)(2)(1\/2) N (2)(1\/2)(1) N (1\/2)(1)(1) N (1)(1)(1) N (1)(1)(1) N (1)(1)(1) N (1)(1)(2) N (1)(2)(1\/2) N (2)(1\/2)(1) N (1\/2)(1)(1\/2) N (1)(1\/2)(1) N (1\/2)(1)(2) N (1)(2)(1) N (2)(1)(1) N (1)(1)(2) N (1)(2)(1\/2) N (2)(1\/2)(1) N (1\/2)(1)(1\/2) N (1)(1\/2)(1) N (1\/2)(1)(1) N (1)(1)(1) N (1)(1)(1) N (1)(1)(1) N (1)(1)(2) N (1)(2)(2) N (2)(2)(1\/2) N (2)(1\/2)(2) N (1\/2)(2)(1\/2) N (2)(1\/2)(2) N (1\/2)(2)(1\/2) N (2)(1\/2)(3) N (1\/2)(3)(2\/3) N (3)(2\/3)(1\/2) N (2\/3)(1\/2)(2) N (1\/2)(2)(1\/2) N (2)(1\/2)(1) N (1\/2)(1)(1\/2) N (1)(1\/2)(1) N (1\/2)(1)(1) N (1)(1)(1) N (1)(1)(4) N (1)(4)(1\/2) N (4)(1\/2)(2) N (1\/2)(2)(1\/2) N (2)(1\/2)(2) N (1\/2)(2)(1\/2) N (2)(1\/2)(3) N (1\/2)(3)(2\/3) N (3)(2\/3)(1\/2) N (2\/3)(1\/2)(2) N (1\/2)(2)(1\/2) N (2)(1\/2)(1) N (1\/2)(1)(1\/2) N (1)(1\/2)(1) N (1\/2)(1)(1) N (1)(1)(1) N (1)(1)(6) N "}