{"voice":"P6-1","diatonic":"2A;2D;2D; N 2D;2D;4A; N 2D;4A;3D; N 4A;3D;4A; N 3D;4A;3D; N 4A;3D;2D; N 3D;2D;3D; N 2D;3D;6A; N 3D;6A;2A; N 6A;2A;2A; N 2A;2A;4D; N 2A;4D;2D; N 4D;2D;2D; N 2D;2D;3D; N 2D;3D;2A; N 3D;2A;4A; N 2A;4A;2D; N 4A;2D;2D; N 2D;2D;3D; N 2D;3D;5A; N 3D;5A;4D; N 5A;4D;2D; N 4D;2D;2D; N 2D;2D;2A; N 2D;2A;2A; N 2A;2A;2A; N 2A;2A;2A; N 2A;2A;3A; N 2A;3A;2D; N 3A;2D;2A; N 2D;2A;2D; N 2A;2D;2A; N 2D;2A;2D; N 2A;2D;2D; N 2D;2D;2D; N 2D;2D;2A; N 2D;2A;2A; N 2A;2A;3D; N 2A;3D;3D; N 3D;3D;4A; N 3D;4A;2D; N ","ref":"all:composers:bach:bach:chorals:bwv91.6","melody":"1A;1D;2D; N 1D;2D;5A; N 2D;5A;3D; N 5A;3D;5A; N 3D;5A;4D; N 5A;4D;1D; N 4D;1D;4D; N 1D;4D;9A; N 4D;9A;1A; N 9A;1A;2A; N 1A;2A;5D; N 2A;5D;2D; N 5D;2D;1D; N 2D;1D;4D; N 1D;4D;2A; N 4D;2A;5A; N 2A;5A;2D; N 5A;2D;1D; N 2D;1D;4D; N 1D;4D;7A; N 4D;7A;5D; N 7A;5D;2D; N 5D;2D;1D; N 2D;1D;1A; N 1D;1A;2A; N 1A;2A;2A; N 2A;2A;2A; N 2A;2A;3A; N 2A;3A;2D; N 3A;2D;2A; N 2D;2A;2D; N 2A;2D;2A; N 2D;2A;2D; N 2A;2D;2D; N 2D;2D;1D; N 2D;1D;1A; N 1D;1A;2A; N 1A;2A;3D; N 2A;3D;4D; N 3D;4D;5A; N 4D;5A;1D; N ","notes":"(1A|1)(1D|1)(2D|1\/2) N (1D|1)(2D|1\/2)(5A|1) N (2D|1\/2)(5A|1)(3D|2) N (5A|1)(3D|2)(5A|1\/2) N (3D|2)(5A|1\/2)(4D|1) N (5A|1\/2)(4D|1)(1D|2) N (4D|1)(1D|2)(4D|2) N (1D|2)(4D|2)(9A|1\/2) N (4D|2)(9A|1\/2)(1A|1) N (9A|1\/2)(1A|1)(2A|1) N (1A|1)(2A|1)(5D|1) N (2A|1)(5D|1)(0D|1) N (5D|1)(0D|1)(0D|1\/2) N (0D|1)(0D|1\/2)(2D|1) N (0D|1\/2)(2D|1)(1D|2) N (2D|1)(1D|2)(4D|1) N (1D|2)(4D|1)(2A|1) N (4D|1)(2A|1)(5A|1\/2) N (2A|1)(5A|1\/2)(2D|1) N (5A|1\/2)(2D|1)(1D|1) N (2D|1)(1D|1)(4D|1) N (1D|1)(4D|1)(7A|2) N (4D|1)(7A|2)(0D|1) N (7A|2)(0D|1)(5D|1\/2) N (0D|1)(5D|1\/2)(2D|1) N (5D|1\/2)(2D|1)(1D|2) N (2D|1)(1D|2)(0D|1\/2) N (1D|2)(0D|1\/2)(1A|1) N (0D|1\/2)(1A|1)(2A|1) N (1A|1)(2A|1)(2A|1) N (2A|1)(2A|1)(2A|1) N (2A|1)(2A|1)(3A|1) N (2A|1)(3A|1)(2D|2) N (3A|1)(2D|2)(0D|1) N (2D|2)(0D|1)(2A|1\/2) N (0D|1)(2A|1\/2)(2D|1) N (2A|1\/2)(2D|1)(2A|1) N (2D|1)(2A|1)(2D|1) N (2A|1)(2D|1)(0D|1) N (2D|1)(0D|1)(2D|1) N (0D|1)(2D|1)(1D|1) N (2D|1)(1D|1)(1A|1) N (1D|1)(1A|1)(2A|4) N (1A|1)(2A|4)(0D|1\/2) N (2A|4)(0D|1\/2)(3D|1) N (0D|1\/2)(3D|1)(4D|1) N (3D|1)(4D|1)(5A|1) N (4D|1)(5A|1)(1D|1) N ","lyricist":"","composer":"","corpus_ref":"all:composers:bach:bach:chorals","id":"all:composers:bach:bach:chorals:bwv91.6:P6-1","title":"Gelobet seist du, Jesu Christ","rhythm":"(1)(1)(1\/2) N (1)(1\/2)(1) N (1\/2)(1)(2) N (1)(2)(1\/2) N (2)(1\/2)(1) N (1\/2)(1)(2) N (1)(2)(2) N (2)(2)(1\/2) N (2)(1\/2)(1) N (1\/2)(1)(1) N (1)(1)(1) N (1)(1)(1) N (1)(1)(1\/2) N (1)(1\/2)(1) N (1\/2)(1)(2) N (1)(2)(1) N (2)(1)(1) N (1)(1)(1\/2) N (1)(1\/2)(1) N (1\/2)(1)(1) N (1)(1)(1) N (1)(1)(2) N (1)(2)(1) N (2)(1)(1\/2) N (1)(1\/2)(1) N (1\/2)(1)(2) N (1)(2)(1\/2) N (2)(1\/2)(1) N (1\/2)(1)(1) N (1)(1)(1) N (1)(1)(1) N (1)(1)(1) N (1)(1)(2) N (1)(2)(1) N (2)(1)(1\/2) N (1)(1\/2)(1) N (1\/2)(1)(1) N (1)(1)(1) N (1)(1)(1) N (1)(1)(1) N (1)(1)(1) N (1)(1)(1) N (1)(1)(4) N (1)(4)(1\/2) N (4)(1\/2)(1) N (1\/2)(1)(1) N (1)(1)(1) N (1)(1)(1) N "}