{"voice":"P1-1","diatonic":"4A;2D;2A; N 2D;2A;2A; N 2A;2A;2A; N 2A;2A;2D; N 2A;2D;2A; N 2D;2A;3D; N 2A;3D;4A; N 3D;4A;2D; N 4A;2D;2D; N 2D;2D;2A; N 2D;2A;3D; N 2A;3D;4D; N 3D;4D;4A; N 4D;4A;2D; N 4A;2D;2D; N 2D;2D;2D; N 2D;2D;2D; N 2D;2D;4A; N 2D;4A;3D; N 4A;3D;4A; N 3D;4A;2A; N 4A;2A;2A; N 2A;2A;6D; N 2A;6D;2D; N 6D;2D;2D; N 2D;2D;3A; N 2D;3A;2A; N 3A;2A;2A; N 2A;2A;2A; N 2A;2A;2A; N 2A;2A;3D; N 2A;3D;2A; N 3D;2A;2A; N 2A;2A;2A; N 2A;2A;3D; N 2A;3D;4A; N 3D;4A;2D; N 4A;2D;2D; N 2D;2D;2D; N 2D;2D;4D; N 2D;4D;2A; N 4D;2A;2D; N 2A;2D;2D; N 2D;2D;2A; N 2D;2A;4A; N 2A;4A;4D; N 4A;4D;2A; N 4D;2A;2D; N 2A;2D;2D; N 2D;2D;2D; N 2D;2D;2D; N 2D;2D;2A; N 2D;2A;2D; N 2A;2D;2D; N ","ref":"all:composers:bach:bach:chorals:bwv357","melody":"5A;1D;1A; N 1D;1A;2A; N 1A;2A;1A; N 2A;1A;1D; N 1A;1D;1A; N 1D;1A;3D; N 1A;3D;5A; N 3D;5A;2D; N 5A;2D;1D; N 2D;1D;1A; N 1D;1A;3D; N 1A;3D;5D; N 3D;5D;5A; N 5D;5A;2D; N 5A;2D;2D; N 2D;2D;1D; N 2D;1D;2D; N 1D;2D;5A; N 2D;5A;3D; N 5A;3D;5A; N 3D;5A;2A; N 5A;2A;1A; N 2A;1A;8D; N 1A;8D;2D; N 8D;2D;2D; N 2D;2D;4A; N 2D;4A;2A; N 4A;2A;2A; N 2A;2A;1A; N 2A;1A;2A; N 1A;2A;3D; N 2A;3D;1A; N 3D;1A;2A; N 1A;2A;1A; N 2A;1A;3D; N 1A;3D;5A; N 3D;5A;2D; N 5A;2D;1D; N 2D;1D;2D; N 1D;2D;5D; N 2D;5D;1A; N 5D;1A;1D; N 1A;1D;2D; N 1D;2D;2A; N 2D;2A;5A; N 2A;5A;5D; N 5A;5D;1A; N 5D;1A;1D; N 1A;1D;2D; N 1D;2D;2D; N 2D;2D;1D; N 2D;1D;1A; N 1D;1A;1D; N 1A;1D;2D; N ","notes":"(5A|1\/3)(1D|2)(1A|1) N (1D|2)(1A|1)(2A|1) N (1A|1)(2A|1)(1A|1\/2) N (2A|1)(1A|1\/2)(1D|1) N (1A|1\/2)(1D|1)(0D|4) N (1D|1)(0D|4)(1A|1\/2) N (0D|4)(1A|1\/2)(3D|1) N (1A|1\/2)(3D|1)(5A|1) N (3D|1)(5A|1)(2D|1) N (5A|1)(2D|1)(1D|1) N (2D|1)(1D|1)(0D|3\/4) N (1D|1)(0D|3\/4)(1A|1\/3) N (0D|3\/4)(1A|1\/3)(3D|4) N (1A|1\/3)(3D|4)(0D|1) N (3D|4)(0D|1)(5D|1) N (0D|1)(5D|1)(0D|1) N (5D|1)(0D|1)(5A|1) N (0D|1)(5A|1)(2D|1) N (5A|1)(2D|1)(2D|1) N (2D|1)(2D|1)(1D|1\/2) N (2D|1)(1D|1\/2)(2D|1) N (1D|1\/2)(2D|1)(0D|4) N (2D|1)(0D|4)(5A|1\/2) N (0D|4)(5A|1\/2)(3D|1) N (5A|1\/2)(3D|1)(5A|1\/2) N (3D|1)(5A|1\/2)(2A|1) N (5A|1\/2)(2A|1)(1A|2) N (2A|1)(1A|2)(8D|1) N (1A|2)(8D|1)(2D|1\/2) N (8D|1)(2D|1\/2)(2D|1) N (2D|1\/2)(2D|1)(0D|2) N (2D|1)(0D|2)(0D|1) N (0D|2)(0D|1)(4A|3\/2) N (0D|1)(4A|3\/2)(2A|1\/3) N (4A|3\/2)(2A|1\/3)(2A|2) N (2A|1\/3)(2A|2)(0D|1) N (2A|2)(0D|1)(1A|1) N (0D|1)(1A|1)(2A|1) N (1A|1)(2A|1)(3D|1) N (2A|1)(3D|1)(0D|1) N (3D|1)(0D|1)(1A|1) N (0D|1)(1A|1)(2A|1) N (1A|1)(2A|1)(1A|1) N (2A|1)(1A|1)(3D|1) N (1A|1)(3D|1)(5A|1) N (3D|1)(5A|1)(2D|1) N (5A|1)(2D|1)(1D|1) N (2D|1)(1D|1)(0D|1) N (1D|1)(0D|1)(2D|1) N (0D|1)(2D|1)(5D|1) N (2D|1)(5D|1)(1A|1) N (5D|1)(1A|1)(1D|1) N (1A|1)(1D|1)(0D|3\/2) N (1D|1)(0D|3\/2)(2D|1\/3) N (0D|3\/2)(2D|1\/3)(2A|4) N (2D|1\/3)(2A|4)(5A|1\/2) N (2A|4)(5A|1\/2)(5D|1) N (5A|1\/2)(5D|1)(1A|1\/2) N (5D|1)(1A|1\/2)(1D|1) N (1A|1\/2)(1D|1)(2D|1) N (1D|1)(2D|1)(2D|1\/2) N (2D|1)(2D|1\/2)(1D|1) N (2D|1\/2)(1D|1)(1A|4) N (1D|1)(1A|4)(1D|1\/2) N (1A|4)(1D|1\/2)(2D|1) N (1D|1\/2)(2D|1)(0D|4) N ","lyricist":"","composer":"","corpus_ref":"all:composers:bach:bach:chorals","id":"all:composers:bach:bach:chorals:bwv357:P1-1","title":"Jesu, Jesu, du bist mein","rhythm":"(1\/3)(2)(1) N (2)(1)(1) N (1)(1)(1\/2) N (1)(1\/2)(1) N (1\/2)(1)(4) N (1)(4)(1\/2) N (4)(1\/2)(1) N (1\/2)(1)(1) N (1)(1)(1) N (1)(1)(1) N (1)(1)(3\/4) N (1)(3\/4)(1\/3) N (3\/4)(1\/3)(4) N (1\/3)(4)(1) N (4)(1)(1) N (1)(1)(1) N (1)(1)(1) N (1)(1)(1) N (1)(1)(1) N (1)(1)(1\/2) N (1)(1\/2)(1) N (1\/2)(1)(4) N (1)(4)(1\/2) N (4)(1\/2)(1) N (1\/2)(1)(1\/2) N (1)(1\/2)(1) N (1\/2)(1)(2) N (1)(2)(1) N (2)(1)(1\/2) N (1)(1\/2)(1) N (1\/2)(1)(2) N (1)(2)(1) N (2)(1)(3\/2) N (1)(3\/2)(1\/3) N (3\/2)(1\/3)(2) N (1\/3)(2)(1) N (2)(1)(1) N (1)(1)(1) N (1)(1)(1) N (1)(1)(1) N (1)(1)(1) N (1)(1)(1) N (1)(1)(1) N (1)(1)(1) N (1)(1)(1) N (1)(1)(1) N (1)(1)(1) N (1)(1)(1) N (1)(1)(1) N (1)(1)(1) N (1)(1)(1) N (1)(1)(1) N (1)(1)(3\/2) N (1)(3\/2)(1\/3) N (3\/2)(1\/3)(4) N (1\/3)(4)(1\/2) N (4)(1\/2)(1) N (1\/2)(1)(1\/2) N (1)(1\/2)(1) N (1\/2)(1)(1) N (1)(1)(1\/2) N (1)(1\/2)(1) N (1\/2)(1)(4) N (1)(4)(1\/2) N (4)(1\/2)(1) N (1\/2)(1)(4) N "}