{"voice":"P12-1","diatonic":"2A;2A;2A; N 2A;2A;5D; N 2A;5D;2A; N 5D;2A;2A; N 2A;2A;3D; N 2A;3D;3D; N 3D;3D;4A; N 3D;4A;6A; N 4A;6A;3D; N 6A;3D;3A; N 3D;3A;2A; N 3A;2A;3D; N 2A;3D;2A; N 3D;2A;4D; N 2A;4D;2A; N 4D;2A;4D; N 2A;4D;2A; N 4D;2A;2A; N 2A;2A;2A; N 2A;2A;5D; N 2A;5D;2A; N 5D;2A;2A; N 2A;2A;3D; N 2A;3D;3D; N 3D;3D;4A; N 3D;4A;6A; N 4A;6A;3D; N 6A;3D;3A; N 3D;3A;2A; N 3A;2A;3D; N 2A;3D;2A; N 3D;2A;4D; N 2A;4D;2A; N 4D;2A;2A; N 2A;2A;2D; N 2A;2D;2A; N 2D;2A;3D; N 2A;3D;4A; N 3D;4A;5D; N 4A;5D;5A; N 5D;5A;3D; N 5A;3D;3D; N 3D;3D;2D; N 3D;2D;5A; N 2D;5A;4D; N 5A;4D;2D; N 4D;2D;2A; N 2D;2A;3D; N 2A;3D;2A; N 3D;2A;4A; N 2A;4A;2D; N 4A;2D;2D; N 2D;2D;2D; N ","ref":"all:composers:bach:bach:chorals:bwv248.64-6","melody":"2A;2A;1A; N 2A;1A;7D; N 1A;7D;2A; N 7D;2A;2A; N 2A;2A;4D; N 2A;4D;3D; N 4D;3D;5A; N 3D;5A;9A; N 5A;9A;4D; N 9A;4D;4A; N 4D;4A;1A; N 4A;1A;3D; N 1A;3D;2A; N 3D;2A;5D; N 2A;5D;1A; N 5D;1A;5D; N 1A;5D;2A; N 5D;2A;2A; N 2A;2A;1A; N 2A;1A;7D; N 1A;7D;2A; N 7D;2A;2A; N 2A;2A;4D; N 2A;4D;3D; N 4D;3D;5A; N 3D;5A;9A; N 5A;9A;4D; N 9A;4D;4A; N 4D;4A;1A; N 4A;1A;3D; N 1A;3D;2A; N 3D;2A;5D; N 2A;5D;1A; N 5D;1A;2A; N 1A;2A;2D; N 2A;2D;2A; N 2D;2A;3D; N 2A;3D;5A; N 3D;5A;7D; N 5A;7D;7A; N 7D;7A;4D; N 7A;4D;3D; N 4D;3D;1D; N 3D;1D;6A; N 1D;6A;5D; N 6A;5D;2D; N 5D;2D;2A; N 2D;2A;3D; N 2A;3D;1A; N 3D;1A;5A; N 1A;5A;1D; N 5A;1D;2D; N 1D;2D;2D; N ","notes":"(0D|1)(0D|8)(0D|1) N (0D|8)(0D|1)(0D|1) N (0D|1)(0D|1)(0D|1) N (0D|1)(0D|1)(0D|1) N (0D|1)(0D|1)(0D|1) N (0D|1)(0D|1)(0D|1) N (0D|1)(0D|1)(0D|1) N (0D|1)(0D|1)(0D|1) N (0D|1)(0D|1)(0D|1) N (0D|1)(0D|1)(0D|1) N (0D|1)(0D|1)(0D|1\/2) N (0D|1)(0D|1\/2)(0D|1\/2) N (0D|1\/2)(0D|1\/2)(12D|1) N (0D|1\/2)(12D|1)(2A|1\/2) N (12D|1)(2A|1\/2)(2A|1) N (2A|1\/2)(2A|1)(1A|2) N (2A|1)(1A|2)(7D|1) N (1A|2)(7D|1)(2A|1) N (7D|1)(2A|1)(2A|1\/2) N (2A|1)(2A|1\/2)(4D|1) N (2A|1\/2)(4D|1)(3D|1) N (4D|1)(3D|1)(5A|1) N (3D|1)(5A|1)(0D|2) N (5A|1)(0D|2)(12A|1) N (0D|2)(12A|1)(0D|4) N (12A|1)(0D|4)(0D|1\/2) N (0D|4)(0D|1\/2)(0D|1\/2) N (0D|1\/2)(0D|1\/2)(3D|1) N (0D|1\/2)(3D|1)(0D|1) N (3D|1)(0D|1)(4D|1\/2) N (0D|1)(4D|1\/2)(4A|1) N (4D|1\/2)(4A|1)(1A|1) N (4A|1)(1A|1)(3D|1) N (1A|1)(3D|1)(2A|1) N (3D|1)(2A|1)(5D|1) N (2A|1)(5D|1)(1A|4) N (5D|1)(1A|4)(7A|1) N (1A|4)(7A|1)(0D|2) N (7A|1)(0D|2)(0D|1) N (0D|2)(0D|1)(0D|1) N (0D|1)(0D|1)(0D|1) N (0D|1)(0D|1)(0D|1) N (0D|1)(0D|1)(0D|1) N (0D|1)(0D|1)(0D|1) N (0D|1)(0D|1)(0D|1) N (0D|1)(0D|1)(0D|1) N (0D|1)(0D|1)(0D|1) N (0D|1)(0D|1)(0D|1) N (0D|1)(0D|1)(0D|1\/2) N (0D|1)(0D|1\/2)(0D|1\/2) N (0D|1\/2)(0D|1\/2)(12D|1) N (0D|1\/2)(12D|1)(2A|1\/2) N (12D|1)(2A|1\/2)(2A|1) N (2A|1\/2)(2A|1)(1A|2) N (2A|1)(1A|2)(7D|1) N (1A|2)(7D|1)(2A|1) N (7D|1)(2A|1)(2A|1\/2) N (2A|1)(2A|1\/2)(4D|1) N (2A|1\/2)(4D|1)(3D|1) N (4D|1)(3D|1)(5A|1) N (3D|1)(5A|1)(0D|2) N (5A|1)(0D|2)(12A|1) N (0D|2)(12A|1)(0D|4) N (12A|1)(0D|4)(0D|1\/2) N (0D|4)(0D|1\/2)(0D|1\/2) N (0D|1\/2)(0D|1\/2)(3D|1) N (0D|1\/2)(3D|1)(0D|1) N (3D|1)(0D|1)(4D|1\/2) N (0D|1)(4D|1\/2)(4A|1) N (4D|1\/2)(4A|1)(1A|1) N (4A|1)(1A|1)(3D|1) N (1A|1)(3D|1)(2A|1) N (3D|1)(2A|1)(5D|1) N (2A|1)(5D|1)(1A|4) N (5D|1)(1A|4)(7A|1) N (1A|4)(7A|1)(0D|2) N (7A|1)(0D|2)(0D|1) N (0D|2)(0D|1)(0D|1) N (0D|1)(0D|1)(0D|1\/2) N (0D|1)(0D|1\/2)(0D|1\/2) N (0D|1\/2)(0D|1\/2)(5D|1) N (0D|1\/2)(5D|1)(0D|1) N (5D|1)(0D|1)(2D|1) N (0D|1)(2D|1)(0D|1) N (2D|1)(0D|1)(2A|1\/2) N (0D|1)(2A|1\/2)(3D|1) N (2A|1\/2)(3D|1)(5A|3) N (3D|1)(5A|3)(7D|1\/3) N (5A|3)(7D|1\/3)(7A|2) N (7D|1\/3)(7A|2)(3A|1) N (7A|2)(3A|1)(0D|4) N (3A|1)(0D|4)(0D|1\/4) N (0D|4)(0D|1\/4)(7D|1) N (0D|1\/4)(7D|1)(0D|1) N (7D|1)(0D|1)(0D|1) N (0D|1)(0D|1)(3D|1) N (0D|1)(3D|1)(0D|1\/2) N (3D|1)(0D|1\/2)(1D|1) N (0D|1\/2)(1D|1)(0D|2) N (1D|1)(0D|2)(11A|1) N (0D|2)(11A|1)(0D|4) N (11A|1)(0D|4)(0D|1) N (0D|4)(0D|1)(0D|1\/2) N (0D|1)(0D|1\/2)(0D|1\/2) N (0D|1\/2)(0D|1\/2)(5D|1) N (0D|1\/2)(5D|1)(0D|3\/2) N (5D|1)(0D|3\/2)(5D|1\/3) N (0D|3\/2)(5D|1\/3)(2D|3) N (5D|1\/3)(2D|3)(0D|1\/3) N (2D|3)(0D|1\/3)(0D|1) N (0D|1\/3)(0D|1)(2A|1) N (0D|1)(2A|1)(3D|2) N (2A|1)(3D|2)(1A|1) N (3D|2)(1A|1)(12A|1) N (1A|1)(12A|1)(0D|4) N (12A|1)(0D|4)(0D|1) N (0D|4)(0D|1)(0D|1) N (0D|1)(0D|1)(0D|1) N (0D|1)(0D|1)(0D|1\/2) N (0D|1)(0D|1\/2)(0D|1\/2) N (0D|1\/2)(0D|1\/2)(7D|1) N (0D|1\/2)(7D|1)(0D|1\/2) N (7D|1)(0D|1\/2)(1D|1\/2) N (0D|1\/2)(1D|1\/2)(2D|1) N (1D|1\/2)(2D|1)(2D|4) N (2D|1)(2D|4)(0D|1) N (2D|4)(0D|1)(0D|1) N (0D|1)(0D|1)(0D|4) N (0D|1)(0D|4)(12A|1) N (0D|4)(12A|1)(0D|1) N (12A|1)(0D|1)(0D|1) N (0D|1)(0D|1)(0D|1) N (0D|1)(0D|1)(0D|1) N (0D|1)(0D|1)(0D|1) N (0D|1)(0D|1)(0D|1) N (0D|1)(0D|1)(0D|1) N (0D|1)(0D|1)(0D|1) N (0D|1)(0D|1)(0D|1) N (0D|1)(0D|1)(0D|1\/2) N (0D|1)(0D|1\/2)(0D|1\/2) N ","lyricist":"","composer":"","corpus_ref":"all:composers:bach:bach:chorals","id":"all:composers:bach:bach:chorals:bwv248.64-6:P12-1","title":"score.xml","rhythm":"(-1)(-1)(-1) N (-1)(-1)(-1) N (-1)(-1)(-1) N (-1)(-1)(-1) N (-1)(-1)(-1) N (-1)(-1)(-1) N (-1)(-1)(-1) N (-1)(-1)(-1) N (-1)(-1)(-1) N (-1)(-1)(-1) N (-1)(-1)(-1) N (-1)(-1)(-1) N (-1)(-1)(1) N (-1)(1)(1\/2) N (1)(1\/2)(1) N (1\/2)(1)(2) N (1)(2)(1) N (2)(1)(1) N (1)(1)(1\/2) N (1)(1\/2)(1) N (1\/2)(1)(1) N (1)(1)(1) N (1)(1)(2) N (1)(2)(-1) N (2)(-1)(-1) N (-1)(-1)(-1) N (-1)(-1)(-1) N (-1)(-1)(1) N (-1)(1)(1) N (1)(1)(1\/2) N (1)(1\/2)(1) N (1\/2)(1)(1) N (1)(1)(1) N (1)(1)(1) N (1)(1)(1) N (1)(1)(4) N (1)(4)(-1) N (4)(-1)(-1) N (-1)(-1)(-1) N (-1)(-1)(-1) N (-1)(-1)(-1) N (-1)(-1)(-1) N (-1)(-1)(-1) N (-1)(-1)(-1) N (-1)(-1)(-1) N (-1)(-1)(-1) N (-1)(-1)(-1) N (-1)(-1)(-1) N (-1)(-1)(-1) N (-1)(-1)(-1) N (-1)(-1)(1) N (-1)(1)(1\/2) N (1)(1\/2)(1) N (1\/2)(1)(2) N (1)(2)(1) N (2)(1)(1) N (1)(1)(1\/2) N (1)(1\/2)(1) N (1\/2)(1)(1) N (1)(1)(1) N (1)(1)(2) N (1)(2)(-1) N (2)(-1)(-1) N (-1)(-1)(-1) N (-1)(-1)(-1) N (-1)(-1)(1) N (-1)(1)(1) N (1)(1)(1\/2) N (1)(1\/2)(1) N (1\/2)(1)(1) N (1)(1)(1) N (1)(1)(1) N (1)(1)(1) N (1)(1)(4) N (1)(4)(-1) N (4)(-1)(-1) N (-1)(-1)(-1) N (-1)(-1)(-1) N (-1)(-1)(-1) N (-1)(-1)(-1) N (-1)(-1)(1) N (-1)(1)(1) N (1)(1)(1) N (1)(1)(1) N (1)(1)(1\/2) N (1)(1\/2)(1) N (1\/2)(1)(3) N (1)(3)(1\/3) N (3)(1\/3)(2) N (1\/3)(2)(-1) N (2)(-1)(-1) N (-1)(-1)(-1) N (-1)(-1)(1) N (-1)(1)(1) N (1)(1)(1) N (1)(1)(1) N (1)(1)(1\/2) N (1)(1\/2)(1) N (1\/2)(1)(2) N (1)(2)(-1) N (2)(-1)(-1) N (-1)(-1)(-1) N (-1)(-1)(-1) N (-1)(-1)(-1) N (-1)(-1)(1) N (-1)(1)(3\/2) N (1)(3\/2)(1\/3) N (3\/2)(1\/3)(3) N (1\/3)(3)(1\/3) N (3)(1\/3)(1) N (1\/3)(1)(1) N (1)(1)(2) N (1)(2)(1) N (2)(1)(-1) N (1)(-1)(-1) N (-1)(-1)(-1) N (-1)(-1)(-1) N (-1)(-1)(-1) N (-1)(-1)(-1) N (-1)(-1)(-1) N (-1)(-1)(1) N (-1)(1)(1\/2) N (1)(1\/2)(1\/2) N (1\/2)(1\/2)(1) N (1\/2)(1)(4) N (1)(4)(1) N (4)(1)(1) N (1)(1)(4) N (1)(4)(-1) N (4)(-1)(-1) N (-1)(-1)(-1) N (-1)(-1)(-1) N (-1)(-1)(-1) N (-1)(-1)(-1) N (-1)(-1)(-1) N (-1)(-1)(-1) N (-1)(-1)(-1) N (-1)(-1)(-1) N (-1)(-1)(-1) N (-1)(-1)(-1) N "}