{"voice":"P8-1","diatonic":"2A;2D;2A; N 2D;2A;2D; N 2A;2D;2D; N 2D;2D;2D; N 2D;2D;2D; N 2D;2D;7A; N 2D;7A;2D; N 7A;2D;2D; N 2D;2D;2D; N 2D;2D;5A; N 2D;5A;2D; N 5A;2D;4A; N 2D;4A;2A; N 4A;2A;2D; N 2A;2D;2A; N 2D;2A;2D; N 2A;2D;2D; N 2D;2D;2D; N 2D;2D;2D; N 2D;2D;7A; N 2D;7A;2D; N 7A;2D;2D; N 2D;2D;2D; N 2D;2D;5A; N 2D;5A;2D; N 5A;2D;4A; N 2D;4A;2A; N 4A;2A;2D; N 2A;2D;2A; N 2D;2A;2D; N 2A;2D;2D; N 2D;2D;2D; N 2D;2D;2D; N 2D;2D;7A; N 2D;7A;2D; N 7A;2D;2D; N 2D;2D;2D; N 2D;2D;5A; N 2D;5A;2D; N 5A;2D;4A; N 2D;4A;2A; N 4A;2A;2D; N 2A;2D;2A; N 2D;2A;2D; N 2A;2D;2D; N 2D;2D;2D; N 2D;2D;2D; N 2D;2D;7A; N 2D;7A;2D; N 7A;2D;2D; N 2D;2D;2D; N 2D;2D;5A; N 2D;5A;2D; N 5A;2D;4A; N 2D;4A;3A; N 4A;3A;4A; N 3A;4A;5D; N 4A;5D;5A; N 5D;5A;2D; N 5A;2D;2D; N 2D;2D;2D; N 2D;2D;2D; N 2D;2D;2D; N 2D;2D;4D; N 2D;4D;2A; N 4D;2A;2D; N 2A;2D;2D; N 2D;2D;2A; N 2D;2A;3D; N 2A;3D;2A; N 3D;2A;4D; N 2A;4D;2A; N 4D;2A;5A; N 2A;5A;2D; N 5A;2D;4A; N ","ref":"all:composers:bach:bach:chorals:bwv120.8-a","melody":"12A;1D;1A; N 1D;1A;1D; N 1A;1D;2D; N 1D;2D;2D; N 2D;2D;12D; N 2D;12D;10A; N 12D;10A;1D; N 10A;1D;2D; N 1D;2D;2D; N 2D;2D;7A; N 2D;7A;12D; N 7A;12D;5A; N 12D;5A;12A; N 5A;12A;1D; N 12A;1D;1A; N 1D;1A;1D; N 1A;1D;2D; N 1D;2D;2D; N 2D;2D;12D; N 2D;12D;10A; N 12D;10A;1D; N 10A;1D;2D; N 1D;2D;2D; N 2D;2D;7A; N 2D;7A;12D; N 7A;12D;5A; N 12D;5A;12A; N 5A;12A;1D; N 12A;1D;1A; N 1D;1A;1D; N 1A;1D;2D; N 1D;2D;2D; N 2D;2D;12D; N 2D;12D;10A; N 12D;10A;1D; N 10A;1D;2D; N 1D;2D;2D; N 2D;2D;7A; N 2D;7A;12D; N 7A;12D;5A; N 12D;5A;12A; N 5A;12A;1D; N 12A;1D;1A; N 1D;1A;1D; N 1A;1D;2D; N 1D;2D;2D; N 2D;2D;12D; N 2D;12D;10A; N 12D;10A;1D; N 10A;1D;2D; N 1D;2D;2D; N 2D;2D;7A; N 2D;7A;12D; N 7A;12D;5A; N 12D;5A;4A; N 5A;4A;5A; N 4A;5A;7D; N 5A;7D;7A; N 7D;7A;2D; N 7A;2D;2D; N 2D;2D;1D; N 2D;1D;2D; N 1D;2D;2D; N 2D;2D;5D; N 2D;5D;12A; N 5D;12A;2D; N 12A;2D;1D; N 2D;1D;1A; N 1D;1A;3D; N 1A;3D;2A; N 3D;2A;5D; N 2A;5D;1A; N 5D;1A;7A; N 1A;7A;12D; N 7A;12D;5A; N ","notes":"(12A|1)(1D|1)(1A|3\/2) N (1D|1)(1A|3\/2)(1D|1\/3) N (1A|3\/2)(1D|1\/3)(2D|2) N (1D|1\/3)(2D|2)(2D|1) N (2D|2)(2D|1)(12D|1) N (2D|1)(12D|1)(10A|1) N (12D|1)(10A|1)(1D|1) N (10A|1)(1D|1)(2D|1) N (1D|1)(2D|1)(2D|1) N (2D|1)(2D|1)(7A|1) N (2D|1)(7A|1)(12D|1) N (7A|1)(12D|1)(5A|1) N (12D|1)(5A|1)(0D|1) N (5A|1)(0D|1)(12A|1) N (0D|1)(12A|1)(1D|1) N (12A|1)(1D|1)(1A|3\/2) N (1D|1)(1A|3\/2)(1D|1\/3) N (1A|3\/2)(1D|1\/3)(2D|2) N (1D|1\/3)(2D|2)(2D|1) N (2D|2)(2D|1)(12D|1) N (2D|1)(12D|1)(10A|1) N (12D|1)(10A|1)(1D|1) N (10A|1)(1D|1)(2D|1) N (1D|1)(2D|1)(2D|1) N (2D|1)(2D|1)(7A|1) N (2D|1)(7A|1)(12D|1) N (7A|1)(12D|1)(5A|1) N (12D|1)(5A|1)(0D|1) N (5A|1)(0D|1)(12A|1) N (0D|1)(12A|1)(1D|1) N (12A|1)(1D|1)(1A|3\/2) N (1D|1)(1A|3\/2)(1D|1\/3) N (1A|3\/2)(1D|1\/3)(2D|2) N (1D|1\/3)(2D|2)(2D|1) N (2D|2)(2D|1)(12D|1) N (2D|1)(12D|1)(10A|1) N (12D|1)(10A|1)(1D|1) N (10A|1)(1D|1)(2D|1) N (1D|1)(2D|1)(2D|1) N (2D|1)(2D|1)(7A|1) N (2D|1)(7A|1)(12D|1) N (7A|1)(12D|1)(5A|1) N (12D|1)(5A|1)(0D|1) N (5A|1)(0D|1)(12A|1) N (0D|1)(12A|1)(1D|1) N (12A|1)(1D|1)(1A|3\/2) N (1D|1)(1A|3\/2)(1D|1\/3) N (1A|3\/2)(1D|1\/3)(2D|2) N (1D|1\/3)(2D|2)(2D|1) N (2D|2)(2D|1)(12D|1) N (2D|1)(12D|1)(10A|1) N (12D|1)(10A|1)(1D|1) N (10A|1)(1D|1)(2D|1) N (1D|1)(2D|1)(2D|1) N (2D|1)(2D|1)(7A|1) N (2D|1)(7A|1)(12D|1) N (7A|1)(12D|1)(5A|1) N (12D|1)(5A|1)(0D|1) N (5A|1)(0D|1)(4A|1) N (0D|1)(4A|1)(5A|1) N (4A|1)(5A|1)(7D|3) N (5A|1)(7D|3)(7A|1\/3) N (7D|3)(7A|1\/3)(2D|1) N (7A|1\/3)(2D|1)(2D|1) N (2D|1)(2D|1)(1D|3\/2) N (2D|1)(1D|3\/2)(2D|1\/3) N (1D|3\/2)(2D|1\/3)(2D|2) N (2D|1\/3)(2D|2)(5D|3) N (2D|2)(5D|3)(12A|1\/3) N (5D|3)(12A|1\/3)(2D|1\/2) N (12A|1\/3)(2D|1\/2)(1D|1) N (2D|1\/2)(1D|1)(1A|1) N (1D|1)(1A|1)(3D|1) N (1A|1)(3D|1)(2A|2) N (3D|1)(2A|2)(5D|1) N (2A|2)(5D|1)(1A|1) N (5D|1)(1A|1)(7A|1) N (1A|1)(7A|1)(12D|1) N (7A|1)(12D|1)(5A|1) N ","lyricist":"","composer":"","corpus_ref":"all:composers:bach:bach:chorals","id":"all:composers:bach:bach:chorals:bwv120.8-a:P8-1","title":"score.xml","rhythm":"(1)(1)(3\/2) N (1)(3\/2)(1\/3) N (3\/2)(1\/3)(2) N (1\/3)(2)(1) N (2)(1)(1) N (1)(1)(1) N (1)(1)(1) N (1)(1)(1) N (1)(1)(1) N (1)(1)(1) N (1)(1)(1) N (1)(1)(1) N (1)(1)(1) N (1)(1)(1) N (1)(1)(1) N (1)(1)(3\/2) N (1)(3\/2)(1\/3) N (3\/2)(1\/3)(2) N (1\/3)(2)(1) N (2)(1)(1) N (1)(1)(1) N (1)(1)(1) N (1)(1)(1) N (1)(1)(1) N (1)(1)(1) N (1)(1)(1) N (1)(1)(1) N (1)(1)(1) N (1)(1)(1) N (1)(1)(1) N (1)(1)(3\/2) N (1)(3\/2)(1\/3) N (3\/2)(1\/3)(2) N (1\/3)(2)(1) N (2)(1)(1) N (1)(1)(1) N (1)(1)(1) N (1)(1)(1) N (1)(1)(1) N (1)(1)(1) N (1)(1)(1) N (1)(1)(1) N (1)(1)(1) N (1)(1)(1) N (1)(1)(1) N (1)(1)(3\/2) N (1)(3\/2)(1\/3) N (3\/2)(1\/3)(2) N (1\/3)(2)(1) N (2)(1)(1) N (1)(1)(1) N (1)(1)(1) N (1)(1)(1) N (1)(1)(1) N (1)(1)(1) N (1)(1)(1) N (1)(1)(1) N (1)(1)(1) N (1)(1)(1) N (1)(1)(1) N (1)(1)(3) N (1)(3)(1\/3) N (3)(1\/3)(1) N (1\/3)(1)(1) N (1)(1)(3\/2) N (1)(3\/2)(1\/3) N (3\/2)(1\/3)(2) N (1\/3)(2)(3) N (2)(3)(1\/3) N (3)(1\/3)(1\/2) N (1\/3)(1\/2)(1) N (1\/2)(1)(1) N (1)(1)(1) N (1)(1)(2) N (1)(2)(1) N (2)(1)(1) N (1)(1)(1) N (1)(1)(1) N (1)(1)(1) N "}