{"voice":"P3-1","diatonic":"2D;2A;2A; N 2A;2A;2D; N 2A;2D;3A; N 2D;3A;2A; N 3A;2A;2D; N 2A;2D;4D; N 2D;4D;2D; N 4D;2D;2D; N 2D;2D;2A; N 2D;2A;2A; N 2A;2A;2A; N 2A;2A;2D; N 2A;2D;2A; N 2D;2A;2A; N 2A;2A;2D; N 2A;2D;2A; N 2D;2A;2A; N 2A;2A;2A; N 2A;2A;2D; N 2A;2D;2A; N 2D;2A;2D; N 2A;2D;2D; N 2D;2D;2A; N 2D;2A;2A; N 2A;2A;2D; N 2A;2D;2D; N 2D;2D;2D; N 2D;2D;2D; N 2D;2D;3A; N 2D;3A;2D; N 3A;2D;2D; N 2D;2D;2D; N 2D;2D;3A; N 2D;3A;2D; N ","ref":"all:composers:bach:bach:chorals:bwv291","melody":"2D;2A;1A; N 2A;1A;1D; N 1A;1D;3A; N 1D;3A;2A; N 3A;2A;2D; N 2A;2D;5D; N 2D;5D;2D; N 5D;2D;1D; N 2D;1D;1A; N 1D;1A;2A; N 1A;2A;2A; N 2A;2A;2D; N 2A;2D;2A; N 2D;2A;1A; N 2A;1A;1D; N 1A;1D;1A; N 1D;1A;2A; N 1A;2A;2A; N 2A;2A;2D; N 2A;2D;2A; N 2D;2A;2D; N 2A;2D;1D; N 2D;1D;1A; N 1D;1A;1A; N 1A;1A;2D; N 1A;2D;2D; N 2D;2D;2D; N 2D;2D;2D; N 2D;2D;4A; N 2D;4A;2D; N 4A;2D;2D; N 2D;2D;1D; N 2D;1D;3A; N 1D;3A;1D; N ","notes":"(0D|1)(2D|1\/4)(2A|1) N (2D|1\/4)(2A|1)(1A|2) N (2A|1)(1A|2)(1D|4) N (1A|2)(1D|4)(3A|1\/2) N (1D|4)(3A|1\/2)(0D|1) N (3A|1\/2)(0D|1)(2A|1\/2) N (0D|1)(2A|1\/2)(2D|1) N (2A|1\/2)(2D|1)(0D|2) N (2D|1)(0D|2)(0D|1) N (0D|2)(0D|1)(5D|1\/2) N (0D|1)(5D|1\/2)(2D|1) N (5D|1\/2)(2D|1)(0D|1) N (2D|1)(0D|1)(1D|1) N (0D|1)(1D|1)(1A|2) N (1D|1)(1A|2)(0D|1\/2) N (1A|2)(0D|1\/2)(2A|1) N (0D|1\/2)(2A|1)(2A|2) N (2A|1)(2A|2)(2D|1\/2) N (2A|2)(2D|1\/2)(2A|1) N (2D|1\/2)(2A|1)(1A|2) N (2A|1)(1A|2)(1D|2) N (1A|2)(1D|2)(12A|1\/2) N (1D|2)(12A|1\/2)(12D|1\/2) N (12A|1\/2)(12D|1\/2)(1A|1) N (12D|1\/2)(1A|1)(2A|2) N (1A|1)(2A|2)(0D|1) N (2A|2)(0D|1)(0D|1) N (0D|1)(0D|1)(2A|1) N (0D|1)(2A|1)(2D|2) N (2A|1)(2D|2)(0D|1\/2) N (2D|2)(0D|1\/2)(2A|1) N (0D|1\/2)(2A|1)(2D|1) N (2A|1)(2D|1)(1D|1) N (2D|1)(1D|1)(1A|1) N (1D|1)(1A|1)(0D|1) N (1A|1)(0D|1)(1A|1\/2) N (0D|1)(1A|1\/2)(2D|1) N (1A|1\/2)(2D|1)(2D|1) N (2D|1)(2D|1)(2D|1) N (2D|1)(2D|1)(2D|2) N (2D|1)(2D|2)(4A|1) N (2D|2)(4A|1)(2D|3\/2) N (4A|1)(2D|3\/2)(2D|1\/3) N (2D|3\/2)(2D|1\/3)(1D|2) N (2D|1\/3)(1D|2)(0D|1\/2) N (1D|2)(0D|1\/2)(3A|1) N (0D|1\/2)(3A|1)(1D|6) N ","lyricist":"","composer":"","corpus_ref":"all:composers:bach:bach:chorals","id":"all:composers:bach:bach:chorals:bwv291:P3-1","title":"Das walt mein Gott, Vater, Sohn und heiliger Geist","rhythm":"(1)(1\/4)(1) N (1\/4)(1)(2) N (1)(2)(4) N (2)(4)(1\/2) N (4)(1\/2)(1) N (1\/2)(1)(1\/2) N (1)(1\/2)(1) N (1\/2)(1)(2) N (1)(2)(1) N (2)(1)(1\/2) N (1)(1\/2)(1) N (1\/2)(1)(1) N (1)(1)(1) N (1)(1)(2) N (1)(2)(1\/2) N (2)(1\/2)(1) N (1\/2)(1)(2) N (1)(2)(1\/2) N (2)(1\/2)(1) N (1\/2)(1)(2) N (1)(2)(2) N (2)(2)(-1) N (2)(-1)(1\/2) N (-1)(1\/2)(1) N (1\/2)(1)(2) N (1)(2)(1) N (2)(1)(1) N (1)(1)(1) N (1)(1)(2) N (1)(2)(1\/2) N (2)(1\/2)(1) N (1\/2)(1)(1) N (1)(1)(1) N (1)(1)(1) N (1)(1)(1) N (1)(1)(1\/2) N (1)(1\/2)(1) N (1\/2)(1)(1) N (1)(1)(1) N (1)(1)(2) N (1)(2)(1) N (2)(1)(3\/2) N (1)(3\/2)(1\/3) N (3\/2)(1\/3)(2) N (1\/3)(2)(1\/2) N (2)(1\/2)(1) N (1\/2)(1)(6) N "}