{"voice":"P3-1","diatonic":"4A;3A;3D; N 3A;3D;2A; N 3D;2A;2A; N 2A;2A;2D; N 2A;2D;2A; N 2D;2A;2D; N 2A;2D;2A; N 2D;2A;2D; N 2A;2D;2D; N 2D;2D;2D; N 2D;2D;2A; N 2D;2A;2D; N 2A;2D;4A; N 2D;4A;2A; N 4A;2A;2A; N 2A;2A;2D; N 2A;2D;2A; N 2D;2A;5D; N 2A;5D;2D; N 5D;2D;2A; N 2D;2A;5D; N 2A;5D;2A; N 5D;2A;2A; N 2A;2A;2A; N 2A;2A;2A; N 2A;2A;2A; N 2A;2A;2A; N ","ref":"all:composers:bach:bach:chorals:bwv153.9","melody":"5A;4A;4D; N 4A;4D;2A; N 4D;2A;2A; N 2A;2A;2D; N 2A;2D;2A; N 2D;2A;2D; N 2A;2D;2A; N 2D;2A;2D; N 2A;2D;2D; N 2D;2D;1D; N 2D;1D;1A; N 1D;1A;1D; N 1A;1D;5A; N 1D;5A;1A; N 5A;1A;2A; N 1A;2A;2D; N 2A;2D;2A; N 2D;2A;7D; N 2A;7D;1D; N 7D;1D;1A; N 1D;1A;7D; N 1A;7D;2A; N 7D;2A;2A; N 2A;2A;2A; N 2A;2A;1A; N 2A;1A;2A; N 1A;2A;2A; N ","notes":"(5A|1)(4A|1)(4D|1) N (4A|1)(4D|1)(2A|1) N (4D|1)(2A|1)(2A|1) N (2A|1)(2A|1)(2D|2) N (2A|1)(2D|2)(0D|1\/2) N (2D|2)(0D|1\/2)(0D|3) N (0D|1\/2)(0D|3)(0D|1\/3) N (0D|3)(0D|1\/3)(0D|1) N (0D|1\/3)(0D|1)(2A|1) N (0D|1)(2A|1)(2D|2) N (2A|1)(2D|2)(2A|1\/2) N (2D|2)(2A|1\/2)(2D|1) N (2A|1\/2)(2D|1)(0D|3\/2) N (2D|1)(0D|3\/2)(2D|1\/3) N (0D|3\/2)(2D|1\/3)(1D|6) N (2D|1\/3)(1D|6)(1A|1\/3) N (1D|6)(1A|1\/3)(1D|1) N (1A|1\/3)(1D|1)(5A|1) N (1D|1)(5A|1)(0D|1) N (5A|1)(0D|1)(1A|1) N (0D|1)(1A|1)(2A|1) N (1A|1)(2A|1)(2D|1) N (2A|1)(2D|1)(2A|1) N (2D|1)(2A|1)(7D|1) N (2A|1)(7D|1)(1D|3) N (7D|1)(1D|3)(1A|1\/3) N (1D|3)(1A|1\/3)(7D|1) N (1A|1\/3)(7D|1)(2A|1) N (7D|1)(2A|1)(2A|1) N (2A|1)(2A|1)(2A|1) N (2A|1)(2A|1)(1A|1) N (2A|1)(1A|1)(2A|1) N (1A|1)(2A|1)(0D|2) N (2A|1)(0D|2)(2A|3\/2) N ","lyricist":"","composer":"","corpus_ref":"all:composers:bach:bach:chorals","id":"all:composers:bach:bach:chorals:bwv153.9:P3-1","title":"Herr Jesu Christ, meins Lebens Licht","rhythm":"(1)(1)(1) N (1)(1)(1) N (1)(1)(1) N (1)(1)(2) N (1)(2)(1\/2) N (2)(1\/2)(3) N (1\/2)(3)(1\/3) N (3)(1\/3)(1) N (1\/3)(1)(1) N (1)(1)(2) N (1)(2)(1\/2) N (2)(1\/2)(1) N (1\/2)(1)(3\/2) N (1)(3\/2)(1\/3) N (3\/2)(1\/3)(6) N (1\/3)(6)(1\/3) N (6)(1\/3)(1) N (1\/3)(1)(1) N (1)(1)(1) N (1)(1)(1) N (1)(1)(1) N (1)(1)(1) N (1)(1)(1) N (1)(1)(1) N (1)(1)(3) N (1)(3)(1\/3) N (3)(1\/3)(1) N (1\/3)(1)(1) N (1)(1)(1) N (1)(1)(1) N (1)(1)(1) N (1)(1)(1) N (1)(1)(2) N (1)(2)(3\/2) N "}