{"voice":"P4-1","diatonic":"2D;2D;2D; N 2D;2D;2D; N 2D;2D;2D; N 2D;2D;2A; N 2D;2A;4D; N 2A;4D;2A; N 4D;2A;2D; N 2A;2D;2D; N 2D;2D;2D; N 2D;2D;2A; N 2D;2A;2A; N 2A;2A;2A; N 2A;2A;3D; N 2A;3D;4A; N 3D;4A;5D; N 4A;5D;3D; N 5D;3D;2A; N 3D;2A;2D; N 2A;2D;2D; N 2D;2D;2D; N 2D;2D;2D; N 2D;2D;2A; N 2D;2A;2A; N 2A;2A;4A; N 2A;4A;2D; N 4A;2D;2D; N 2D;2D;2D; N 2D;2D;2A; N 2D;2A;2A; N 2A;2A;2A; N 2A;2A;3D; N 2A;3D;4A; N 3D;4A;2D; N 4A;2D;4A; N 2D;4A;2D; N 4A;2D;4A; N 2D;4A;2D; N 4A;2D;2D; N 2D;2D;2A; N 2D;2A;5D; N 2A;5D;4A; N 5D;4A;2A; N 4A;2A;2A; N 2A;2A;2A; N 2A;2A;2D; N 2A;2D;2D; N 2D;2D;2D; N 2D;2D;2D; N 2D;2D;2A; N 2D;2A;4A; N 2A;4A;4D; N 4A;4D;2A; N 4D;2A;4D; N 2A;4D;2D; N 4D;2D;2D; N 2D;2D;2A; N 2D;2A;5D; N ","ref":"all:composers:bach:bach:chorals:bwv292","melody":"1D;2D;2D; N 2D;2D;2D; N 2D;2D;1D; N 2D;1D;1A; N 1D;1A;5D; N 1A;5D;12A; N 5D;12A;1D; N 12A;1D;2D; N 1D;2D;2D; N 2D;2D;2A; N 2D;2A;2A; N 2A;2A;1A; N 2A;1A;3D; N 1A;3D;5A; N 3D;5A;7D; N 5A;7D;3D; N 7D;3D;12A; N 3D;12A;2D; N 12A;2D;2D; N 2D;2D;1D; N 2D;1D;2D; N 1D;2D;2A; N 2D;2A;1A; N 2A;1A;5A; N 1A;5A;1D; N 5A;1D;2D; N 1D;2D;2D; N 2D;2D;2A; N 2D;2A;2A; N 2A;2A;1A; N 2A;1A;3D; N 1A;3D;5A; N 3D;5A;12D; N 5A;12D;5A; N 12D;5A;1D; N 5A;1D;5A; N 1D;5A;2D; N 5A;2D;2D; N 2D;2D;2A; N 2D;2A;7D; N 2A;7D;5A; N 7D;5A;2A; N 5A;2A;2A; N 2A;2A;1A; N 2A;1A;1D; N 1A;1D;2D; N 1D;2D;2D; N 2D;2D;1D; N 2D;1D;1A; N 1D;1A;5A; N 1A;5A;5D; N 5A;5D;2A; N 5D;2A;5D; N 2A;5D;2D; N 5D;2D;2D; N 2D;2D;2A; N 2D;2A;7D; N ","notes":"(1D|1\/3)(2D|2)(2D|1\/2) N (2D|2)(2D|1\/2)(2D|1) N (2D|1\/2)(2D|1)(1D|2) N (2D|1)(1D|2)(1A|1) N (1D|2)(1A|1)(5D|2) N (1A|1)(5D|2)(12A|3\/4) N (5D|2)(12A|3\/4)(1D|1\/3) N (12A|3\/4)(1D|1\/3)(0D|1) N (1D|1\/3)(0D|1)(2D|1) N (0D|1)(2D|1)(2D|1) N (2D|1)(2D|1)(2A|1\/2) N (2D|1)(2A|1\/2)(2A|1) N (2A|1\/2)(2A|1)(1A|2) N (2A|1)(1A|2)(3D|1) N (1A|2)(3D|1)(5A|2) N (3D|1)(5A|2)(7D|2) N (5A|2)(7D|2)(3D|1\/4) N (7D|2)(3D|1\/4)(12A|2) N (3D|1\/4)(12A|2)(2D|1\/2) N (12A|2)(2D|1\/2)(2D|2) N (2D|1\/2)(2D|2)(1D|1) N (2D|2)(1D|1)(2D|1) N (1D|1)(2D|1)(2A|1) N (2D|1)(2A|1)(1A|2) N (2A|1)(1A|2)(5A|3\/4) N (1A|2)(5A|3\/4)(1D|1\/3) N (5A|3\/4)(1D|1\/3)(0D|1) N (1D|1\/3)(0D|1)(2D|1) N (0D|1)(2D|1)(2D|1) N (2D|1)(2D|1)(2A|1\/2) N (2D|1)(2A|1\/2)(2A|1) N (2A|1\/2)(2A|1)(1A|2) N (2A|1)(1A|2)(3D|1) N (1A|2)(3D|1)(5A|1) N (3D|1)(5A|1)(12D|1) N (5A|1)(12D|1)(5A|4) N (12D|1)(5A|4)(0D|3\/4) N (5A|4)(0D|3\/4)(1D|1\/3) N (0D|3\/4)(1D|1\/3)(5A|2) N (1D|1\/3)(5A|2)(2D|1) N (5A|2)(2D|1)(2D|1) N (2D|1)(2D|1)(2A|1) N (2D|1)(2A|1)(7D|2) N (2A|1)(7D|2)(5A|1\/4) N (7D|2)(5A|1\/4)(2A|1) N (5A|1\/4)(2A|1)(2A|2) N (2A|1)(2A|2)(1A|1\/2) N (2A|2)(1A|1\/2)(1D|1) N (1A|1\/2)(1D|1)(2D|2) N (1D|1)(2D|2)(2D|3\/2) N (2D|2)(2D|3\/2)(1D|1\/3) N (2D|3\/2)(1D|1\/3)(1A|4) N (1D|1\/3)(1A|4)(5A|1\/2) N (1A|4)(5A|1\/2)(5D|1) N (5A|1\/2)(5D|1)(2A|1) N (5D|1)(2A|1)(5D|1\/2) N (2A|1)(5D|1\/2)(2D|1) N (5D|1\/2)(2D|1)(2D|2) N (2D|1)(2D|2)(2A|1) N (2D|2)(2A|1)(7D|2) N ","lyricist":"","composer":"","corpus_ref":"all:composers:bach:bach:chorals","id":"all:composers:bach:bach:chorals:bwv292:P4-1","title":"Den Vater dort oben","rhythm":"(1\/3)(2)(1\/2) N (2)(1\/2)(1) N (1\/2)(1)(2) N (1)(2)(1) N (2)(1)(2) N (1)(2)(3\/4) N (2)(3\/4)(1\/3) N (3\/4)(1\/3)(1) N (1\/3)(1)(1) N (1)(1)(1) N (1)(1)(1\/2) N (1)(1\/2)(1) N (1\/2)(1)(2) N (1)(2)(1) N (2)(1)(2) N (1)(2)(2) N (2)(2)(1\/4) N (2)(1\/4)(2) N (1\/4)(2)(1\/2) N (2)(1\/2)(2) N (1\/2)(2)(1) N (2)(1)(1) N (1)(1)(1) N (1)(1)(2) N (1)(2)(3\/4) N (2)(3\/4)(1\/3) N (3\/4)(1\/3)(1) N (1\/3)(1)(1) N (1)(1)(1) N (1)(1)(1\/2) N (1)(1\/2)(1) N (1\/2)(1)(2) N (1)(2)(1) N (2)(1)(1) N (1)(1)(1) N (1)(1)(4) N (1)(4)(3\/4) N (4)(3\/4)(1\/3) N (3\/4)(1\/3)(2) N (1\/3)(2)(1) N (2)(1)(1) N (1)(1)(1) N (1)(1)(2) N (1)(2)(1\/4) N (2)(1\/4)(1) N (1\/4)(1)(2) N (1)(2)(1\/2) N (2)(1\/2)(1) N (1\/2)(1)(2) N (1)(2)(3\/2) N (2)(3\/2)(1\/3) N (3\/2)(1\/3)(4) N (1\/3)(4)(1\/2) N (4)(1\/2)(1) N (1\/2)(1)(1) N (1)(1)(1\/2) N (1)(1\/2)(1) N (1\/2)(1)(2) N (1)(2)(1) N (2)(1)(2) N "}