{"voice":"P2-1","diatonic":"4A;3D;2D; N 3D;2D;2D; N 2D;2D;5A; N 2D;5A;2A; N 5A;2A;2A; N 2A;2A;2D; N 2A;2D;2A; N 2D;2A;2A; N 2A;2A;2A; N 2A;2A;2A; N 2A;2A;2A; N 2A;2A;2A; N 2A;2A;2A; N 2A;2A;2D; N 2A;2D;3D; N 2D;3D;2D; N 3D;2D;2A; N 2D;2A;2A; N 2A;2A;3D; N 2A;3D;2D; N 3D;2D;2D; N 2D;2D;5A; N 2D;5A;2A; N 5A;2A;2A; N 2A;2A;2D; N 2A;2D;2A; N 2D;2A;2A; N 2A;2A;2A; N 2A;2A;2A; N 2A;2A;2A; N 2A;2A;2A; N 2A;2A;2A; N 2A;2A;2D; N 2A;2D;3D; N 2D;3D;2D; N 3D;2D;2D; N 2D;2D;2A; N 2D;2A;2A; N 2A;2A;2A; N 2A;2A;5D; N 2A;5D;4A; N 5D;4A;2D; N 4A;2D;5D; N 2D;5D;4A; N 5D;4A;4A; N 4A;4A;2A; N 4A;2A;2D; N 2A;2D;2D; N 2D;2D;2D; N 2D;2D;2D; N 2D;2D;3A; N 2D;3A;2A; N 3A;2A;4D; N 2A;4D;2D; N 4D;2D;2A; N 2D;2A;4A; N 2A;4A;2D; N 4A;2D;3D; N 2D;3D;4A; N 3D;4A;2D; N 4A;2D;3D; N ","ref":"all:composers:bach:bach:chorals:bwv14.5","melody":"5A;4D;1D; N 4D;1D;2D; N 1D;2D;7A; N 2D;7A;2A; N 7A;2A;1A; N 2A;1A;12D; N 1A;12D;2A; N 12D;2A;2A; N 2A;2A;1A; N 2A;1A;2A; N 1A;2A;2A; N 2A;2A;2A; N 2A;2A;1A; N 2A;1A;1D; N 1A;1D;4D; N 1D;4D;2D; N 4D;2D;2A; N 2D;2A;2A; N 2A;2A;4D; N 2A;4D;1D; N 4D;1D;2D; N 1D;2D;7A; N 2D;7A;2A; N 7A;2A;1A; N 2A;1A;12D; N 1A;12D;2A; N 12D;2A;2A; N 2A;2A;1A; N 2A;1A;2A; N 1A;2A;2A; N 2A;2A;2A; N 2A;2A;1A; N 2A;1A;1D; N 1A;1D;4D; N 1D;4D;2D; N 4D;2D;1D; N 2D;1D;2A; N 1D;2A;1A; N 2A;1A;2A; N 1A;2A;7D; N 2A;7D;5A; N 7D;5A;2D; N 5A;2D;6D; N 2D;6D;5A; N 6D;5A;5A; N 5A;5A;1A; N 5A;1A;1D; N 1A;1D;2D; N 1D;2D;2D; N 2D;2D;1D; N 2D;1D;4A; N 1D;4A;1A; N 4A;1A;5D; N 1A;5D;1D; N 5D;1D;1A; N 1D;1A;5A; N 1A;5A;1D; N 5A;1D;4D; N 1D;4D;5A; N 4D;5A;1D; N 5A;1D;4D; N ","notes":"(5A|1)(0D|1)(0D|1) N (0D|1)(0D|1)(0D|1) N (0D|1)(0D|1)(4D|1) N (0D|1)(4D|1)(1D|1) N (4D|1)(1D|1)(2D|1) N (1D|1)(2D|1)(7A|1\/2) N (2D|1)(7A|1\/2)(2A|1) N (7A|1\/2)(2A|1)(1A|1) N (2A|1)(1A|1)(12D|2) N (1A|1)(12D|2)(2A|1\/2) N (12D|2)(2A|1\/2)(2A|1) N (2A|1\/2)(2A|1)(1A|1) N (2A|1)(1A|1)(2A|1) N (1A|1)(2A|1)(2A|1) N (2A|1)(2A|1)(2A|1) N (2A|1)(2A|1)(1A|2) N (2A|1)(1A|2)(1D|1\/2) N (1A|2)(1D|1\/2)(4D|2) N (1D|1\/2)(4D|2)(2D|1) N (4D|2)(2D|1)(2A|1) N (2D|1)(2A|1)(2A|1) N (2A|1)(2A|1)(0D|1) N (2A|1)(0D|1)(0D|1) N (0D|1)(0D|1)(4D|1) N (0D|1)(4D|1)(1D|1) N (4D|1)(1D|1)(2D|1) N (1D|1)(2D|1)(7A|1\/2) N (2D|1)(7A|1\/2)(2A|1) N (7A|1\/2)(2A|1)(1A|1) N (2A|1)(1A|1)(12D|2) N (1A|1)(12D|2)(2A|1\/2) N (12D|2)(2A|1\/2)(2A|1) N (2A|1\/2)(2A|1)(1A|1) N (2A|1)(1A|1)(2A|1) N (1A|1)(2A|1)(2A|1) N (2A|1)(2A|1)(2A|1) N (2A|1)(2A|1)(1A|2) N (2A|1)(1A|2)(1D|1\/2) N (1A|2)(1D|1\/2)(4D|2) N (1D|1\/2)(4D|2)(0D|1\/2) N (4D|2)(0D|1\/2)(2D|1) N (0D|1\/2)(2D|1)(1D|1) N (2D|1)(1D|1)(2A|1) N (1D|1)(2A|1)(1A|1) N (2A|1)(1A|1)(2A|1) N (1A|1)(2A|1)(7D|2) N (2A|1)(7D|2)(5A|1) N (7D|2)(5A|1)(2D|1) N (5A|1)(2D|1)(6D|1\/2) N (2D|1)(6D|1\/2)(5A|1) N (6D|1\/2)(5A|1)(0D|2) N (5A|1)(0D|2)(0D|1) N (0D|2)(0D|1)(5A|1\/2) N (0D|1)(5A|1\/2)(1A|1) N (5A|1\/2)(1A|1)(1D|1) N (1A|1)(1D|1)(2D|1) N (1D|1)(2D|1)(2D|2) N (2D|1)(2D|2)(1D|1\/2) N (2D|2)(1D|1\/2)(4A|1) N (1D|1\/2)(4A|1)(1A|1) N (4A|1)(1A|1)(5D|2) N (1A|1)(5D|2)(1D|1\/2) N (5D|2)(1D|1\/2)(1A|2) N (1D|1\/2)(1A|2)(0D|1) N (1A|2)(0D|1)(0D|1) N (0D|1)(0D|1)(5A|1) N (0D|1)(5A|1)(1D|1\/2) N (5A|1)(1D|1\/2)(4D|1) N (1D|1\/2)(4D|1)(5A|2) N (4D|1)(5A|2)(0D|1) N (5A|2)(0D|1)(1D|1) N (0D|1)(1D|1)(4D|1) N ","lyricist":"","composer":"","corpus_ref":"all:composers:bach:bach:chorals","id":"all:composers:bach:bach:chorals:bwv14.5:P2-1","title":"Wär Gott nicht mit uns diese Zeit","rhythm":"(1)(1)(1) N (1)(1)(1) N (1)(1)(1) N (1)(1)(1) N (1)(1)(1) N (1)(1)(1\/2) N (1)(1\/2)(1) N (1\/2)(1)(1) N (1)(1)(2) N (1)(2)(1\/2) N (2)(1\/2)(1) N (1\/2)(1)(1) N (1)(1)(1) N (1)(1)(1) N (1)(1)(1) N (1)(1)(2) N (1)(2)(1\/2) N (2)(1\/2)(2) N (1\/2)(2)(1) N (2)(1)(1) N (1)(1)(1) N (1)(1)(1) N (1)(1)(1) N (1)(1)(1) N (1)(1)(1) N (1)(1)(1) N (1)(1)(1\/2) N (1)(1\/2)(1) N (1\/2)(1)(1) N (1)(1)(2) N (1)(2)(1\/2) N (2)(1\/2)(1) N (1\/2)(1)(1) N (1)(1)(1) N (1)(1)(1) N (1)(1)(1) N (1)(1)(2) N (1)(2)(1\/2) N (2)(1\/2)(2) N (1\/2)(2)(1\/2) N (2)(1\/2)(1) N (1\/2)(1)(1) N (1)(1)(1) N (1)(1)(1) N (1)(1)(1) N (1)(1)(2) N (1)(2)(1) N (2)(1)(1) N (1)(1)(1\/2) N (1)(1\/2)(1) N (1\/2)(1)(2) N (1)(2)(1) N (2)(1)(1\/2) N (1)(1\/2)(1) N (1\/2)(1)(1) N (1)(1)(1) N (1)(1)(2) N (1)(2)(1\/2) N (2)(1\/2)(1) N (1\/2)(1)(1) N (1)(1)(2) N (1)(2)(1\/2) N (2)(1\/2)(2) N (1\/2)(2)(1) N (2)(1)(1) N (1)(1)(1) N (1)(1)(1\/2) N (1)(1\/2)(1) N (1\/2)(1)(2) N (1)(2)(1) N (2)(1)(1) N (1)(1)(1) N "}