{"voice":"P4-1","diatonic":"2A;2A;2A; N 2A;2A;2A; N 2A;2A;5D; N 2A;5D;7A; N 5D;7A;3D; N 7A;3D;5A; N 3D;5A;2D; N 5A;2D;4A; N 2D;4A;2A; N 4A;2A;2D; N 2A;2D;2D; N 2D;2D;3D; N 2D;3D;4A; N 3D;4A;3A; N 4A;3A;4A; N 3A;4A;2D; N 4A;2D;2D; N 2D;2D;3D; N 2D;3D;4A; N 3D;4A;2D; N 4A;2D;4A; N 2D;4A;4A; N 4A;4A;5D; N 4A;5D;2A; N 5D;2A;2A; N 2A;2A;2A; N 2A;2A;2A; N 2A;2A;4D; N 2A;4D;3A; N 4D;3A;2A; N 3A;2A;2A; N 2A;2A;2A; N 2A;2A;2D; N 2A;2D;2D; N 2D;2D;3D; N 2D;3D;4A; N 3D;4A;2D; N 4A;2D;4A; N 2D;4A;4A; N 4A;4A;2D; N 4A;2D;2D; N 2D;2D;3A; N 2D;3A;2A; N 3A;2A;2D; N 2A;2D;2D; N 2D;2D;3D; N 2D;3D;4A; N 3D;4A;2D; N 4A;2D;2D; N 2D;2D;3D; N 2D;3D;2A; N 3D;2A;2D; N 2A;2D;4A; N 2D;4A;2A; N 4A;2A;4D; N 2A;4D;2A; N 4D;2A;2A; N 2A;2A;2A; N 2A;2A;2A; N 2A;2A;2A; N 2A;2A;2A; N 2A;2A;2A; N 2A;2A;5D; N 2A;5D;2A; N 5D;2A;5D; N 2A;5D;4A; N 5D;4A;2D; N 4A;2D;2D; N 2D;2D;3A; N 2D;3A;2A; N 3A;2A;2D; N 2A;2D;2D; N 2D;2D;3D; N 2D;3D;4A; N 3D;4A;2D; N 4A;2D;2D; N 2D;2D;2D; N 2D;2D;2D; N 2D;2D;3D; N 2D;3D;4A; N 3D;4A;5D; N ","ref":"all:composers:bach:bach:chorals:bwv325","melody":"2A;2A;1A; N 2A;1A;2A; N 1A;2A;7D; N 2A;7D;11A; N 7D;11A;4D; N 11A;4D;7A; N 4D;7A;12D; N 7A;12D;5A; N 12D;5A;2A; N 5A;2A;2D; N 2A;2D;1D; N 2D;1D;4D; N 1D;4D;5A; N 4D;5A;4A; N 5A;4A;5A; N 4A;5A;2D; N 5A;2D;2D; N 2D;2D;3D; N 2D;3D;5A; N 3D;5A;12D; N 5A;12D;5A; N 12D;5A;5A; N 5A;5A;7D; N 5A;7D;2A; N 7D;2A;2A; N 2A;2A;2A; N 2A;2A;1A; N 2A;1A;5D; N 1A;5D;4A; N 5D;4A;1A; N 4A;1A;2A; N 1A;2A;2A; N 2A;2A;2D; N 2A;2D;2D; N 2D;2D;3D; N 2D;3D;5A; N 3D;5A;12D; N 5A;12D;5A; N 12D;5A;5A; N 5A;5A;1D; N 5A;1D;2D; N 1D;2D;3A; N 2D;3A;2A; N 3A;2A;2D; N 2A;2D;1D; N 2D;1D;4D; N 1D;4D;5A; N 4D;5A;1D; N 5A;1D;2D; N 1D;2D;4D; N 2D;4D;2A; N 4D;2A;12D; N 2A;12D;5A; N 12D;5A;12A; N 5A;12A;5D; N 12A;5D;2A; N 5D;2A;2A; N 2A;2A;1A; N 2A;1A;2A; N 1A;2A;2A; N 2A;2A;2A; N 2A;2A;1A; N 2A;1A;7D; N 1A;7D;2A; N 7D;2A;7D; N 2A;7D;5A; N 7D;5A;1D; N 5A;1D;2D; N 1D;2D;3A; N 2D;3A;2A; N 3A;2A;2D; N 2A;2D;1D; N 2D;1D;4D; N 1D;4D;5A; N 4D;5A;1D; N 5A;1D;2D; N 1D;2D;2D; N 2D;2D;2D; N 2D;2D;3D; N 2D;3D;5A; N 3D;5A;7D; N ","notes":"(2A|1)(2A|1)(1A|1) N (2A|1)(1A|1)(2A|4) N (1A|1)(2A|4)(7D|1) N (2A|4)(7D|1)(11A|1\/4) N (7D|1)(11A|1\/4)(4D|1) N (11A|1\/4)(4D|1)(7A|1) N (4D|1)(7A|1)(12D|1) N (7A|1)(12D|1)(5A|4) N (12D|1)(5A|4)(2A|1\/4) N (5A|4)(2A|1\/4)(2D|1) N (2A|1\/4)(2D|1)(1D|1) N (2D|1)(1D|1)(4D|1) N (1D|1)(4D|1)(5A|1) N (4D|1)(5A|1)(4A|1) N (5A|1)(4A|1)(5A|1) N (4A|1)(5A|1)(2D|1) N (5A|1)(2D|1)(2D|1) N (2D|1)(2D|1)(3D|1) N (2D|1)(3D|1)(5A|1) N (3D|1)(5A|1)(12D|1) N (5A|1)(12D|1)(5A|4) N (12D|1)(5A|4)(5A|1\/2) N (5A|4)(5A|1\/2)(7D|1) N (5A|1\/2)(7D|1)(2A|1) N (7D|1)(2A|1)(2A|1\/2) N (2A|1)(2A|1\/2)(2A|1) N (2A|1\/2)(2A|1)(1A|4) N (2A|1)(1A|4)(16A|1\/2) N (1A|4)(16A|1\/2)(21D|1\/2) N (16A|1\/2)(21D|1\/2)(4A|1) N (21D|1\/2)(4A|1)(1A|1) N (4A|1)(1A|1)(2A|1) N (1A|1)(2A|1)(2A|1) N (2A|1)(2A|1)(2D|1) N (2A|1)(2D|1)(2D|1) N (2D|1)(2D|1)(3D|1) N (2D|1)(3D|1)(5A|1) N (3D|1)(5A|1)(12D|1) N (5A|1)(12D|1)(5A|4) N (12D|1)(5A|4)(5A|1\/4) N (5A|4)(5A|1\/4)(1D|1) N (5A|1\/4)(1D|1)(2D|1) N (1D|1)(2D|1)(3A|1) N (2D|1)(3A|1)(2A|1) N (3A|1)(2A|1)(2D|1) N (2A|1)(2D|1)(1D|1) N (2D|1)(1D|1)(4D|1) N (1D|1)(4D|1)(5A|1) N (4D|1)(5A|1)(1D|1) N (5A|1)(1D|1)(2D|1) N (1D|1)(2D|1)(4D|1) N (2D|1)(4D|1)(2A|2) N (4D|1)(2A|2)(12D|1) N (2A|2)(12D|1)(5A|2) N (12D|1)(5A|2)(28A|1\/2) N (5A|2)(28A|1\/2)(16D|1) N (28A|1\/2)(16D|1)(5D|2) N (16D|1)(5D|2)(2A|1\/2) N (5D|2)(2A|1\/2)(2A|1) N (2A|1\/2)(2A|1)(1A|1) N (2A|1)(1A|1)(2A|1) N (1A|1)(2A|1)(2A|1) N (2A|1)(2A|1)(0D|1) N (2A|1)(0D|1)(2A|1) N (0D|1)(2A|1)(1A|1) N (2A|1)(1A|1)(7D|1) N (1A|1)(7D|1)(2A|1) N (7D|1)(2A|1)(7D|2) N (2A|1)(7D|2)(5A|1\/4) N (7D|2)(5A|1\/4)(1D|1) N (5A|1\/4)(1D|1)(2D|1) N (1D|1)(2D|1)(3A|1) N (2D|1)(3A|1)(2A|1) N (3A|1)(2A|1)(2D|1) N (2A|1)(2D|1)(1D|1) N (2D|1)(1D|1)(4D|1) N (1D|1)(4D|1)(5A|1) N (4D|1)(5A|1)(1D|1) N (5A|1)(1D|1)(2D|1) N (1D|1)(2D|1)(2D|1) N (2D|1)(2D|1)(2D|1) N (2D|1)(2D|1)(3D|1) N (2D|1)(3D|1)(5A|2) N (3D|1)(5A|2)(7D|2) N ","lyricist":"","composer":"","corpus_ref":"all:composers:bach:bach:chorals","id":"all:composers:bach:bach:chorals:bwv325:P4-1","title":"Heilig, heilig, heilig","rhythm":"(1)(1)(1) N (1)(1)(4) N (1)(4)(1) N (4)(1)(1\/4) N (1)(1\/4)(1) N (1\/4)(1)(1) N (1)(1)(1) N (1)(1)(4) N (1)(4)(1\/4) N (4)(1\/4)(1) N (1\/4)(1)(1) N (1)(1)(1) N (1)(1)(1) N (1)(1)(1) N (1)(1)(1) N (1)(1)(1) N (1)(1)(1) N (1)(1)(1) N (1)(1)(1) N (1)(1)(1) N (1)(1)(4) N (1)(4)(1\/2) N (4)(1\/2)(1) N (1\/2)(1)(1) N (1)(1)(1\/2) N (1)(1\/2)(1) N (1\/2)(1)(4) N (1)(4)(-1) N (4)(-1)(1\/2) N (-1)(1\/2)(1) N (1\/2)(1)(1) N (1)(1)(1) N (1)(1)(1) N (1)(1)(1) N (1)(1)(1) N (1)(1)(1) N (1)(1)(1) N (1)(1)(1) N (1)(1)(4) N (1)(4)(1\/4) N (4)(1\/4)(1) N (1\/4)(1)(1) N (1)(1)(1) N (1)(1)(1) N (1)(1)(1) N (1)(1)(1) N (1)(1)(1) N (1)(1)(1) N (1)(1)(1) N (1)(1)(1) N (1)(1)(1) N (1)(1)(2) N (1)(2)(1) N (2)(1)(2) N (1)(2)(-1) N (2)(-1)(1) N (-1)(1)(2) N (1)(2)(1\/2) N (2)(1\/2)(1) N (1\/2)(1)(1) N (1)(1)(1) N (1)(1)(1) N (1)(1)(1) N (1)(1)(1) N (1)(1)(1) N (1)(1)(1) N (1)(1)(1) N (1)(1)(2) N (1)(2)(1\/4) N (2)(1\/4)(1) N (1\/4)(1)(1) N (1)(1)(1) N (1)(1)(1) N (1)(1)(1) N (1)(1)(1) N (1)(1)(1) N (1)(1)(1) N (1)(1)(1) N (1)(1)(1) N (1)(1)(1) N (1)(1)(1) N (1)(1)(1) N (1)(1)(2) N (1)(2)(2) N "}