{"voice":"P2-1","diatonic":"2A;2A;2A; N 2A;2A;2A; N 2A;2A;2D; N 2A;2D;2D; N 2D;2D;2D; N 2D;2D;2A; N 2D;2A;2A; N 2A;2A;2A; N 2A;2A;2A; N 2A;2A;2D; N 2A;2D;2D; N 2D;2D;2A; N 2D;2A;3D; N 2A;3D;3D; N 3D;3D;2A; N 3D;2A;2A; N 2A;2A;2A; N 2A;2A;2A; N 2A;2A;2D; N 2A;2D;2D; N 2D;2D;2D; N 2D;2D;2A; N 2D;2A;2A; N 2A;2A;2A; N 2A;2A;2A; N 2A;2A;2D; N 2A;2D;2D; N 2D;2D;2A; N 2D;2A;3D; N 2A;3D;2D; N 3D;2D;3A; N 2D;3A;2A; N 3A;2A;2A; N 2A;2A;2D; N 2A;2D;2D; N 2D;2D;2D; N 2D;2D;2D; N 2D;2D;2A; N 2D;2A;2A; N 2A;2A;2D; N 2A;2D;2A; N 2D;2A;2A; N 2A;2A;2A; N 2A;2A;4D; N 2A;4D;2D; N 4D;2D;2A; N 2D;2A;2A; N 2A;2A;5D; N 2A;5D;2A; N 5D;2A;2A; N 2A;2A;2A; N 2A;2A;2A; N 2A;2A;2A; N 2A;2A;2D; N 2A;2D;2D; N 2D;2D;2D; N 2D;2D;2A; N 2D;2A;2A; N 2A;2A;2A; N 2A;2A;2A; N 2A;2A;2D; N 2A;2D;2D; N 2D;2D;2A; N 2D;2A;3D; N ","ref":"all:composers:bach:bach:chorals:bwv111.6","melody":"2A;2A;1A; N 2A;1A;2A; N 1A;2A;2D; N 2A;2D;1D; N 2D;1D;2D; N 1D;2D;2A; N 2D;2A;2A; N 2A;2A;2A; N 2A;2A;1A; N 2A;1A;1D; N 1A;1D;2D; N 1D;2D;2A; N 2D;2A;4D; N 2A;4D;4D; N 4D;4D;2A; N 4D;2A;2A; N 2A;2A;1A; N 2A;1A;2A; N 1A;2A;2D; N 2A;2D;1D; N 2D;1D;2D; N 1D;2D;2A; N 2D;2A;2A; N 2A;2A;2A; N 2A;2A;1A; N 2A;1A;1D; N 1A;1D;2D; N 1D;2D;2A; N 2D;2A;4D; N 2A;4D;2D; N 4D;2D;4A; N 2D;4A;1A; N 4A;1A;2A; N 1A;2A;2D; N 2A;2D;1D; N 2D;1D;2D; N 1D;2D;2D; N 2D;2D;2A; N 2D;2A;2A; N 2A;2A;2D; N 2A;2D;2A; N 2D;2A;2A; N 2A;2A;1A; N 2A;1A;5D; N 1A;5D;2D; N 5D;2D;2A; N 2D;2A;1A; N 2A;1A;6D; N 1A;6D;1A; N 6D;1A;2A; N 1A;2A;2A; N 2A;2A;1A; N 2A;1A;2A; N 1A;2A;2D; N 2A;2D;1D; N 2D;1D;2D; N 1D;2D;2A; N 2D;2A;2A; N 2A;2A;2A; N 2A;2A;1A; N 2A;1A;1D; N 1A;1D;2D; N 1D;2D;2A; N 2D;2A;4D; N ","notes":"(0D|1)(0D|1\/2)(2A|1) N (0D|1\/2)(2A|1)(2A|1) N (2A|1)(2A|1)(1A|1) N (2A|1)(1A|1)(2A|2) N (1A|1)(2A|2)(0D|1) N (2A|2)(0D|1)(0D|1) N (0D|1)(0D|1)(0D|1) N (0D|1)(0D|1)(0D|1) N (0D|1)(0D|1)(0D|1) N (0D|1)(0D|1)(2D|1\/2) N (0D|1)(2D|1\/2)(1D|1) N (2D|1\/2)(1D|1)(2D|1) N (1D|1)(2D|1)(2A|1) N (2D|1)(2A|1)(0D|1) N (2A|1)(0D|1)(2A|1) N (0D|1)(2A|1)(2A|2) N (2A|1)(2A|2)(1A|3\/2) N (2A|2)(1A|3\/2)(1D|1\/6) N (1A|3\/2)(1D|1\/6)(2D|1) N (1D|1\/6)(2D|1)(2A|4) N (2D|1)(2A|4)(4D|3) N (2A|4)(4D|3)(4D|1\/3) N (4D|3)(4D|1\/3)(0D|1) N (4D|1\/3)(0D|1)(0D|1\/2) N (0D|1)(0D|1\/2)(2A|1) N (0D|1\/2)(2A|1)(2A|1) N (2A|1)(2A|1)(1A|1) N (2A|1)(1A|1)(2A|2) N (1A|1)(2A|2)(0D|1) N (2A|2)(0D|1)(0D|1) N (0D|1)(0D|1)(0D|1) N (0D|1)(0D|1)(0D|1) N (0D|1)(0D|1)(0D|1) N (0D|1)(0D|1)(2D|1\/2) N (0D|1)(2D|1\/2)(1D|1) N (2D|1\/2)(1D|1)(2D|1) N (1D|1)(2D|1)(2A|1) N (2D|1)(2A|1)(0D|1) N (2A|1)(0D|1)(2A|1) N (0D|1)(2A|1)(2A|2) N (2A|1)(2A|2)(1A|3\/2) N (2A|2)(1A|3\/2)(1D|1\/6) N (1A|3\/2)(1D|1\/6)(2D|1) N (1D|1\/6)(2D|1)(2A|4) N (2D|1)(2A|4)(4D|3) N (2A|4)(4D|3)(0D|1\/3) N (4D|3)(0D|1\/3)(2D|3\/2) N (0D|1\/3)(2D|3\/2)(4A|1\/3) N (2D|3\/2)(4A|1\/3)(1A|3) N (4A|1\/3)(1A|3)(2A|1\/3) N (1A|3)(2A|1\/3)(2D|2) N (2A|1\/3)(2D|2)(0D|1\/2) N (2D|2)(0D|1\/2)(1D|1) N (0D|1\/2)(1D|1)(2D|2) N (1D|1)(2D|2)(2D|1) N (2D|2)(2D|1)(0D|3) N (2D|1)(0D|3)(2A|1\/3) N (0D|3)(2A|1\/3)(2A|1\/2) N (2A|1\/3)(2A|1\/2)(2D|1) N (2A|1\/2)(2D|1)(2A|1) N (2D|1)(2A|1)(2A|1) N (2A|1)(2A|1)(1A|2) N (2A|1)(1A|2)(5D|1) N (1A|2)(5D|1)(0D|1) N (5D|1)(0D|1)(2D|1\/2) N (0D|1)(2D|1\/2)(2A|1\/2) N (2D|1\/2)(2A|1\/2)(1A|1) N (2A|1\/2)(1A|1)(6D|4) N (1A|1)(6D|4)(1A|1) N (6D|4)(1A|1)(0D|1) N (1A|1)(0D|1)(0D|1\/2) N (0D|1)(0D|1\/2)(2A|1) N (0D|1\/2)(2A|1)(2A|1) N (2A|1)(2A|1)(1A|1) N (2A|1)(1A|1)(2A|2) N (1A|1)(2A|2)(0D|1) N (2A|2)(0D|1)(0D|1) N (0D|1)(0D|1)(0D|1) N (0D|1)(0D|1)(0D|1) N (0D|1)(0D|1)(0D|1) N (0D|1)(0D|1)(2D|1\/2) N (0D|1)(2D|1\/2)(1D|1) N (2D|1\/2)(1D|1)(2D|1) N (1D|1)(2D|1)(2A|1) N (2D|1)(2A|1)(0D|1) N (2A|1)(0D|1)(2A|1) N (0D|1)(2A|1)(2A|2) N (2A|1)(2A|2)(1A|3\/2) N (2A|2)(1A|3\/2)(1D|1\/6) N (1A|3\/2)(1D|1\/6)(2D|1) N (1D|1\/6)(2D|1)(2A|4) N (2D|1)(2A|4)(4D|3) N ","lyricist":"","composer":"","corpus_ref":"all:composers:bach:bach:chorals","id":"all:composers:bach:bach:chorals:bwv111.6:P2-1","title":"Was mein Gott will, das gscheh allzeit","rhythm":"(1)(1\/2)(1) N (1\/2)(1)(1) N (1)(1)(1) N (1)(1)(2) N (1)(2)(1) N (2)(1)(1) N (1)(1)(1) N (1)(1)(1) N (1)(1)(1) N (1)(1)(1\/2) N (1)(1\/2)(1) N (1\/2)(1)(1) N (1)(1)(1) N (1)(1)(1) N (1)(1)(1) N (1)(1)(2) N (1)(2)(3\/2) N (2)(3\/2)(1\/6) N (3\/2)(1\/6)(1) N (1\/6)(1)(4) N (1)(4)(3) N (4)(3)(1\/3) N (3)(1\/3)(1) N (1\/3)(1)(1\/2) N (1)(1\/2)(1) N (1\/2)(1)(1) N (1)(1)(1) N (1)(1)(2) N (1)(2)(1) N (2)(1)(1) N (1)(1)(1) N (1)(1)(1) N (1)(1)(1) N (1)(1)(1\/2) N (1)(1\/2)(1) N (1\/2)(1)(1) N (1)(1)(1) N (1)(1)(1) N (1)(1)(1) N (1)(1)(2) N (1)(2)(3\/2) N (2)(3\/2)(1\/6) N (3\/2)(1\/6)(1) N (1\/6)(1)(4) N (1)(4)(3) N (4)(3)(1\/3) N (3)(1\/3)(3\/2) N (1\/3)(3\/2)(1\/3) N (3\/2)(1\/3)(3) N (1\/3)(3)(1\/3) N (3)(1\/3)(2) N (1\/3)(2)(1\/2) N (2)(1\/2)(1) N (1\/2)(1)(2) N (1)(2)(1) N (2)(1)(3) N (1)(3)(1\/3) N (3)(1\/3)(1\/2) N (1\/3)(1\/2)(1) N (1\/2)(1)(1) N (1)(1)(1) N (1)(1)(2) N (1)(2)(1) N (2)(1)(1) N (1)(1)(1\/2) N (1)(1\/2)(1\/2) N (1\/2)(1\/2)(1) N (1\/2)(1)(4) N (1)(4)(1) N (4)(1)(1) N (1)(1)(1\/2) N (1)(1\/2)(1) N (1\/2)(1)(1) N (1)(1)(1) N (1)(1)(2) N (1)(2)(1) N (2)(1)(1) N (1)(1)(1) N (1)(1)(1) N (1)(1)(1) N (1)(1)(1\/2) N (1)(1\/2)(1) N (1\/2)(1)(1) N (1)(1)(1) N (1)(1)(1) N (1)(1)(1) N (1)(1)(2) N (1)(2)(3\/2) N (2)(3\/2)(1\/6) N (3\/2)(1\/6)(1) N (1\/6)(1)(4) N (1)(4)(3) N "}