{"voice":"P3-1","diatonic":"2D;2D;2A; N 2D;2A;2A; N 2A;2A;2A; N 2A;2A;2D; N 2A;2D;2D; N 2D;2D;3D; N 2D;3D;2D; N 3D;2D;2D; N 2D;2D;2A; N 2D;2A;2A; N 2A;2A;2A; N 2A;2A;2D; N 2A;2D;2D; N 2D;2D;2D; N 2D;2D;6A; N 2D;6A;2D; N 6A;2D;2D; N 2D;2D;2A; N 2D;2A;2A; N 2A;2A;2A; N 2A;2A;2D; N 2A;2D;2D; N 2D;2D;3D; N 2D;3D;2D; N 3D;2D;2D; N 2D;2D;2A; N 2D;2A;2A; N 2A;2A;2A; N 2A;2A;2D; N 2A;2D;2D; N 2D;2D;2D; N 2D;2D;4A; N 2D;4A;3D; N 4A;3D;2D; N 3D;2D;5A; N 2D;5A;3D; N 5A;3D;2D; N 3D;2D;2A; N 2D;2A;5A; N 2A;5A;2D; N 5A;2D;2D; N 2D;2D;3D; N 2D;3D;2D; N 3D;2D;2D; N 2D;2D;2D; N 2D;2D;2A; N 2D;2A;2A; N 2A;2A;3D; N 2A;3D;2A; N 3D;2A;3D; N 2A;3D;5A; N 3D;5A;2D; N 5A;2D;2D; N ","ref":"all:composers:bach:bach:chorals:bwv279","melody":"2D;1D;1A; N 1D;1A;2A; N 1A;2A;2A; N 2A;2A;2D; N 2A;2D;1D; N 2D;1D;4D; N 1D;4D;2D; N 4D;2D;2D; N 2D;2D;2A; N 2D;2A;2A; N 2A;2A;1A; N 2A;1A;1D; N 1A;1D;2D; N 1D;2D;2D; N 2D;2D;9A; N 2D;9A;2D; N 9A;2D;1D; N 2D;1D;1A; N 1D;1A;2A; N 1A;2A;2A; N 2A;2A;2D; N 2A;2D;1D; N 2D;1D;4D; N 1D;4D;2D; N 4D;2D;2D; N 2D;2D;2A; N 2D;2A;2A; N 2A;2A;1A; N 2A;1A;1D; N 1A;1D;2D; N 1D;2D;2D; N 2D;2D;5A; N 2D;5A;3D; N 5A;3D;2D; N 3D;2D;7A; N 2D;7A;3D; N 7A;3D;2D; N 3D;2D;2A; N 2D;2A;7A; N 2A;7A;2D; N 7A;2D;2D; N 2D;2D;3D; N 2D;3D;2D; N 3D;2D;2D; N 2D;2D;1D; N 2D;1D;1A; N 1D;1A;2A; N 1A;2A;3D; N 2A;3D;1A; N 3D;1A;3D; N 1A;3D;7A; N 3D;7A;2D; N 7A;2D;1D; N ","notes":"(2D|1)(1D|2)(1A|1\/2) N (1D|2)(1A|1\/2)(2A|1) N (1A|1\/2)(2A|1)(2A|2) N (2A|1)(2A|2)(0D|1) N (2A|2)(0D|1)(0D|1) N (0D|1)(0D|1)(0D|1\/2) N (0D|1)(0D|1\/2)(2D|1) N (0D|1\/2)(2D|1)(1D|2) N (2D|1)(1D|2)(4D|1) N (1D|2)(4D|1)(0D|1) N (4D|1)(0D|1)(2D|1) N (0D|1)(2D|1)(2D|1\/2) N (2D|1)(2D|1\/2)(2A|1) N (2D|1\/2)(2A|1)(2A|2) N (2A|1)(2A|2)(1A|1) N (2A|2)(1A|1)(1D|1\/2) N (1A|1)(1D|1\/2)(2D|1) N (1D|1\/2)(2D|1)(2D|2) N (2D|1)(2D|2)(9A|1\/2) N (2D|2)(9A|1\/2)(2D|1) N (9A|1\/2)(2D|1)(1D|2) N (2D|1)(1D|2)(1A|1\/2) N (1D|2)(1A|1\/2)(2A|1) N (1A|1\/2)(2A|1)(2A|2) N (2A|1)(2A|2)(0D|1) N (2A|2)(0D|1)(0D|1) N (0D|1)(0D|1)(0D|1\/2) N (0D|1)(0D|1\/2)(2D|1) N (0D|1\/2)(2D|1)(1D|2) N (2D|1)(1D|2)(4D|1) N (1D|2)(4D|1)(0D|1) N (4D|1)(0D|1)(2D|1) N (0D|1)(2D|1)(2D|1\/2) N (2D|1)(2D|1\/2)(2A|1) N (2D|1\/2)(2A|1)(2A|2) N (2A|1)(2A|2)(1A|1) N (2A|2)(1A|1)(1D|1\/2) N (1A|1)(1D|1\/2)(2D|1) N (1D|1\/2)(2D|1)(2D|2) N (2D|1)(2D|2)(14A|1) N (2D|2)(14A|1)(14D|1) N (14A|1)(14D|1)(0D|1) N (14D|1)(0D|1)(5A|1) N (0D|1)(5A|1)(3D|1) N (5A|1)(3D|1)(2D|1) N (3D|1)(2D|1)(7A|1) N (2D|1)(7A|1)(0D|1) N (7A|1)(0D|1)(3D|1) N (0D|1)(3D|1)(0D|1) N (3D|1)(0D|1)(2D|1) N (0D|1)(2D|1)(2A|1) N (2D|1)(2A|1)(0D|1) N (2A|1)(0D|1)(7A|1) N (0D|1)(7A|1)(0D|1\/2) N (7A|1)(0D|1\/2)(2D|1) N (0D|1\/2)(2D|1)(2D|2) N (2D|1)(2D|2)(3D|1) N (2D|2)(3D|1)(2D|1) N (3D|1)(2D|1)(2D|1) N (2D|1)(2D|1)(0D|1) N (2D|1)(0D|1)(1D|1) N (0D|1)(1D|1)(1A|1) N (1D|1)(1A|1)(2A|1) N (1A|1)(2A|1)(0D|2) N (2A|1)(0D|2)(3D|1) N (0D|2)(3D|1)(1A|1\/4) N (3D|1)(1A|1\/4)(3D|1) N (1A|1\/4)(3D|1)(7A|1) N (3D|1)(7A|1)(2D|1) N (7A|1)(2D|1)(1D|6) N ","lyricist":"","composer":"","corpus_ref":"all:composers:bach:bach:chorals","id":"all:composers:bach:bach:chorals:bwv279:P3-1","title":"Christ lag in Todesbanden","rhythm":"(1)(2)(1\/2) N (2)(1\/2)(1) N (1\/2)(1)(2) N (1)(2)(1) N (2)(1)(1) N (1)(1)(1\/2) N (1)(1\/2)(1) N (1\/2)(1)(2) N (1)(2)(1) N (2)(1)(1) N (1)(1)(1) N (1)(1)(1\/2) N (1)(1\/2)(1) N (1\/2)(1)(2) N (1)(2)(1) N (2)(1)(1\/2) N (1)(1\/2)(1) N (1\/2)(1)(2) N (1)(2)(1\/2) N (2)(1\/2)(1) N (1\/2)(1)(2) N (1)(2)(1\/2) N (2)(1\/2)(1) N (1\/2)(1)(2) N (1)(2)(1) N (2)(1)(1) N (1)(1)(1\/2) N (1)(1\/2)(1) N (1\/2)(1)(2) N (1)(2)(1) N (2)(1)(1) N (1)(1)(1) N (1)(1)(1\/2) N (1)(1\/2)(1) N (1\/2)(1)(2) N (1)(2)(1) N (2)(1)(1\/2) N (1)(1\/2)(1) N (1\/2)(1)(2) N (1)(2)(-1) N (2)(-1)(1) N (-1)(1)(1) N (1)(1)(1) N (1)(1)(1) N (1)(1)(1) N (1)(1)(1) N (1)(1)(1) N (1)(1)(1) N (1)(1)(1) N (1)(1)(1) N (1)(1)(1) N (1)(1)(1) N (1)(1)(1) N (1)(1)(1\/2) N (1)(1\/2)(1) N (1\/2)(1)(2) N (1)(2)(1) N (2)(1)(1) N (1)(1)(1) N (1)(1)(1) N (1)(1)(1) N (1)(1)(1) N (1)(1)(1) N (1)(1)(2) N (1)(2)(1) N (2)(1)(1\/4) N (1)(1\/4)(1) N (1\/4)(1)(1) N (1)(1)(1) N (1)(1)(6) N "}