{"voice":"P3-1","diatonic":"2D;2A;2A; N 2A;2A;2D; N 2A;2D;2A; N 2D;2A;2D; N 2A;2D;2A; N 2D;2A;2A; N 2A;2A;2D; N 2A;2D;2A; N 2D;2A;2D; N 2A;2D;2D; N 2D;2D;2A; N 2D;2A;2A; N 2A;2A;2D; N 2A;2D;2A; N 2D;2A;2D; N 2A;2D;2A; N 2D;2A;2A; N 2A;2A;2D; N 2A;2D;2A; N 2D;2A;2D; N 2A;2D;2D; N 2D;2D;3A; N 2D;3A;3A; N 3A;3A;2D; N 3A;2D;2D; N 2D;2D;2D; N 2D;2D;2D; N 2D;2D;2A; N 2D;2A;2A; N 2A;2A;2D; N 2A;2D;2D; N 2D;2D;2A; N 2D;2A;4A; N 2A;4A;2D; N 4A;2D;2D; N 2D;2D;2D; N 2D;2D;2A; N 2D;2A;2D; N 2A;2D;2A; N 2D;2A;2A; N 2A;2A;3D; N 2A;3D;6A; N 3D;6A;2D; N 6A;2D;5D; N 2D;5D;2D; N 5D;2D;2A; N ","ref":"all:composers:bach:bach:chorals:bwv244.44","melody":"2D;2A;2A; N 2A;2A;2D; N 2A;2D;2A; N 2D;2A;2D; N 2A;2D;1A; N 2D;1A;1A; N 1A;1A;1D; N 1A;1D;1A; N 1D;1A;2D; N 1A;2D;2D; N 2D;2D;2A; N 2D;2A;2A; N 2A;2A;2D; N 2A;2D;2A; N 2D;2A;2D; N 2A;2D;1A; N 2D;1A;1A; N 1A;1A;1D; N 1A;1D;1A; N 1D;1A;2D; N 1A;2D;2D; N 2D;2D;4A; N 2D;4A;3A; N 4A;3A;1D; N 3A;1D;2D; N 1D;2D;2D; N 2D;2D;2D; N 2D;2D;2A; N 2D;2A;2A; N 2A;2A;2D; N 2A;2D;2D; N 2D;2D;2A; N 2D;2A;5A; N 2A;5A;2D; N 5A;2D;1D; N 2D;1D;2D; N 1D;2D;2A; N 2D;2A;2D; N 2A;2D;2A; N 2D;2A;2A; N 2A;2A;4D; N 2A;4D;9A; N 4D;9A;2D; N 9A;2D;7D; N 2D;7D;2D; N 7D;2D;2A; N ","notes":"(2D|1)(2A|1)(2A|1\/2) N (2A|1)(2A|1\/2)(2D|1) N (2A|1\/2)(2D|1)(0D|2) N (2D|1)(0D|2)(2A|1) N (0D|2)(2A|1)(2D|1) N (2A|1)(2D|1)(0D|1) N (2D|1)(0D|1)(1A|1) N (0D|1)(1A|1)(1A|1) N (1A|1)(1A|1)(0D|1) N (1A|1)(0D|1)(0D|1) N (0D|1)(0D|1)(1D|1) N (0D|1)(1D|1)(1A|3) N (1D|1)(1A|3)(2D|1\/3) N (1A|3)(2D|1\/3)(2D|1) N (2D|1\/3)(2D|1)(2A|1) N (2D|1)(2A|1)(2A|1\/2) N (2A|1)(2A|1\/2)(2D|1) N (2A|1\/2)(2D|1)(0D|2) N (2D|1)(0D|2)(2A|1) N (0D|2)(2A|1)(2D|1) N (2A|1)(2D|1)(0D|1) N (2D|1)(0D|1)(1A|1) N (0D|1)(1A|1)(1A|1) N (1A|1)(1A|1)(0D|1) N (1A|1)(0D|1)(0D|1) N (0D|1)(0D|1)(1D|1) N (0D|1)(1D|1)(1A|3) N (1D|1)(1A|3)(0D|1\/6) N (1A|3)(0D|1\/6)(2D|1) N (0D|1\/6)(2D|1)(2D|1) N (2D|1)(2D|1)(4A|1) N (2D|1)(4A|1)(3A|1) N (4A|1)(3A|1)(1D|1) N (3A|1)(1D|1)(2D|1) N (1D|1)(2D|1)(2D|1) N (2D|1)(2D|1)(2D|1) N (2D|1)(2D|1)(2A|1) N (2D|1)(2A|1)(2A|2) N (2A|1)(2A|2)(2D|1\/2) N (2A|2)(2D|1\/2)(2D|1) N (2D|1\/2)(2D|1)(2A|2) N (2D|1)(2A|2)(5A|1) N (2A|2)(5A|1)(0D|1) N (5A|1)(0D|1)(2D|1) N (0D|1)(2D|1)(1D|1) N (2D|1)(1D|1)(0D|1) N (1D|1)(0D|1)(0D|3) N (0D|1)(0D|3)(0D|1\/3) N (0D|3)(0D|1\/3)(2D|1) N (0D|1\/3)(2D|1)(2A|1) N (2D|1)(2A|1)(2D|1\/2) N (2A|1)(2D|1\/2)(2A|1) N (2D|1\/2)(2A|1)(2A|1) N (2A|1)(2A|1)(4D|1) N (2A|1)(4D|1)(9A|2) N (4D|1)(9A|2)(2D|1) N (9A|2)(2D|1)(0D|1) N (2D|1)(0D|1)(7D|1) N (0D|1)(7D|1)(2D|1) N (7D|1)(2D|1)(2A|1) N (2D|1)(2A|1)(0D|1) N (2A|1)(0D|1)(0D|1) N (0D|1)(0D|1)(0D|3) N ","lyricist":"","composer":"","corpus_ref":"all:composers:bach:bach:chorals","id":"all:composers:bach:bach:chorals:bwv244.44:P3-1","title":"Herzlich tut mich verlangen","rhythm":"(1)(1)(1\/2) N (1)(1\/2)(1) N (1\/2)(1)(2) N (1)(2)(1) N (2)(1)(1) N (1)(1)(1) N (1)(1)(1) N (1)(1)(1) N (1)(1)(1) N (1)(1)(1) N (1)(1)(1) N (1)(1)(3) N (1)(3)(1\/3) N (3)(1\/3)(1) N (1\/3)(1)(1) N (1)(1)(1\/2) N (1)(1\/2)(1) N (1\/2)(1)(2) N (1)(2)(1) N (2)(1)(1) N (1)(1)(1) N (1)(1)(1) N (1)(1)(1) N (1)(1)(1) N (1)(1)(1) N (1)(1)(1) N (1)(1)(3) N (1)(3)(1\/6) N (3)(1\/6)(1) N (1\/6)(1)(1) N (1)(1)(1) N (1)(1)(1) N (1)(1)(1) N (1)(1)(1) N (1)(1)(1) N (1)(1)(1) N (1)(1)(1) N (1)(1)(2) N (1)(2)(1\/2) N (2)(1\/2)(1) N (1\/2)(1)(2) N (1)(2)(1) N (2)(1)(1) N (1)(1)(1) N (1)(1)(1) N (1)(1)(1) N (1)(1)(3) N (1)(3)(1\/3) N (3)(1\/3)(1) N (1\/3)(1)(1) N (1)(1)(1\/2) N (1)(1\/2)(1) N (1\/2)(1)(1) N (1)(1)(1) N (1)(1)(2) N (1)(2)(1) N (2)(1)(1) N (1)(1)(1) N (1)(1)(1) N (1)(1)(1) N (1)(1)(1) N (1)(1)(1) N (1)(1)(3) N "}