{"voice":"P3-1","diatonic":"2A;2D;2D; N 2D;2D;2D; N 2D;2D;2A; N 2D;2A;2A; N 2A;2A;2A; N 2A;2A;2D; N 2A;2D;2D; N 2D;2D;4A; N 2D;4A;2D; N 4A;2D;2D; N 2D;2D;2A; N 2D;2A;2A; N 2A;2A;5D; N 2A;5D;4A; N 5D;4A;2D; N 4A;2D;2D; N 2D;2D;4A; N 2D;4A;2D; N 4A;2D;2D; N 2D;2D;2A; N 2D;2A;3D; N 2A;3D;2A; N 3D;2A;2A; N 2A;2A;2D; N 2A;2D;2D; N 2D;2D;2D; N 2D;2D;2A; N 2D;2A;2A; N 2A;2A;2A; N 2A;2A;2D; N 2A;2D;2D; N 2D;2D;4A; N 2D;4A;2D; N 4A;2D;2D; N 2D;2D;2A; N 2D;2A;2A; N 2A;2A;5D; N 2A;5D;4A; N 5D;4A;2D; N 4A;2D;2D; N 2D;2D;4A; N 2D;4A;2D; N 4A;2D;2D; N 2D;2D;2A; N 2D;2A;3D; N 2A;3D;4A; N 3D;4A;2D; N 4A;2D;2D; N 2D;2D;2A; N 2D;2A;2A; N 2A;2A;2D; N 2A;2D;2D; N 2D;2D;2D; N 2D;2D;4A; N 2D;4A;2D; N 4A;2D;2D; N ","ref":"all:composers:bach:bach:chorals:bwv345","melody":"2A;2D;1D; N 2D;1D;2D; N 1D;2D;2A; N 2D;2A;1A; N 2A;1A;2A; N 1A;2A;2D; N 2A;2D;1D; N 2D;1D;5A; N 1D;5A;2D; N 5A;2D;2D; N 2D;2D;2A; N 2D;2A;2A; N 2A;2A;7D; N 2A;7D;5A; N 7D;5A;2D; N 5A;2D;1D; N 2D;1D;5A; N 1D;5A;1D; N 5A;1D;2D; N 1D;2D;2A; N 2D;2A;4D; N 2A;4D;1A; N 4D;1A;2A; N 1A;2A;2D; N 2A;2D;1D; N 2D;1D;2D; N 1D;2D;2A; N 2D;2A;1A; N 2A;1A;2A; N 1A;2A;2D; N 2A;2D;1D; N 2D;1D;5A; N 1D;5A;2D; N 5A;2D;2D; N 2D;2D;2A; N 2D;2A;2A; N 2A;2A;7D; N 2A;7D;5A; N 7D;5A;2D; N 5A;2D;1D; N 2D;1D;5A; N 1D;5A;1D; N 5A;1D;2D; N 1D;2D;2A; N 2D;2A;4D; N 2A;4D;5A; N 4D;5A;2D; N 5A;2D;1D; N 2D;1D;1A; N 1D;1A;2A; N 1A;2A;2D; N 2A;2D;2D; N 2D;2D;1D; N 2D;1D;5A; N 1D;5A;2D; N 5A;2D;2D; N ","notes":"(2A|1\/2)(2D|1)(1D|2) N (2D|1)(1D|2)(2D|3\/2) N (1D|2)(2D|3\/2)(2A|1\/3) N (2D|3\/2)(2A|1\/3)(1A|2) N (2A|1\/3)(1A|2)(2A|1\/2) N (1A|2)(2A|1\/2)(2D|1) N (2A|1\/2)(2D|1)(1D|2) N (2D|1)(1D|2)(5A|1) N (1D|2)(5A|1)(0D|1) N (5A|1)(0D|1)(2D|1) N (0D|1)(2D|1)(2D|3\/2) N (2D|1)(2D|3\/2)(2A|1\/3) N (2D|3\/2)(2A|1\/3)(2A|2) N (2A|1\/3)(2A|2)(7D|1\/2) N (2A|2)(7D|1\/2)(5A|1) N (7D|1\/2)(5A|1)(0D|2) N (5A|1)(0D|2)(2D|1) N (0D|2)(2D|1)(0D|1) N (2D|1)(0D|1)(1D|1) N (0D|1)(1D|1)(0D|1) N (1D|1)(0D|1)(0D|1\/2) N (0D|1)(0D|1\/2)(5A|1) N (0D|1\/2)(5A|1)(0D|1) N (5A|1)(0D|1)(1D|1\/2) N (0D|1)(1D|1\/2)(2D|1) N (1D|1\/2)(2D|1)(2A|4) N (2D|1)(2A|4)(4D|1) N (2A|4)(4D|1)(1A|1) N (4D|1)(1A|1)(2A|1\/2) N (1A|1)(2A|1\/2)(2D|1) N (2A|1\/2)(2D|1)(1D|2) N (2D|1)(1D|2)(2D|3\/2) N (1D|2)(2D|3\/2)(2A|1\/3) N (2D|3\/2)(2A|1\/3)(1A|2) N (2A|1\/3)(1A|2)(2A|1\/2) N (1A|2)(2A|1\/2)(2D|1) N (2A|1\/2)(2D|1)(1D|2) N (2D|1)(1D|2)(5A|1) N (1D|2)(5A|1)(0D|1) N (5A|1)(0D|1)(2D|1) N (0D|1)(2D|1)(2D|3\/2) N (2D|1)(2D|3\/2)(2A|1\/3) N (2D|3\/2)(2A|1\/3)(2A|2) N (2A|1\/3)(2A|2)(7D|1\/2) N (2A|2)(7D|1\/2)(5A|1) N (7D|1\/2)(5A|1)(0D|2) N (5A|1)(0D|2)(2D|1) N (0D|2)(2D|1)(0D|1) N (2D|1)(0D|1)(1D|1) N (0D|1)(1D|1)(0D|1) N (1D|1)(0D|1)(0D|1\/2) N (0D|1)(0D|1\/2)(5A|1) N (0D|1\/2)(5A|1)(0D|1) N (5A|1)(0D|1)(1D|1\/2) N (0D|1)(1D|1\/2)(2D|1) N (1D|1\/2)(2D|1)(2A|4) N (2D|1)(2A|4)(4D|1) N (2A|4)(4D|1)(5A|1) N (4D|1)(5A|1)(0D|1) N (5A|1)(0D|1)(0D|1) N (0D|1)(0D|1)(2D|3\/2) N (0D|1)(2D|3\/2)(0D|1\/3) N (2D|3\/2)(0D|1\/3)(0D|2) N (0D|1\/3)(0D|2)(1D|1) N (0D|2)(1D|1)(1A|1) N (1D|1)(1A|1)(2A|1) N (1A|1)(2A|1)(0D|1) N (2A|1)(0D|1)(2D|1) N (0D|1)(2D|1)(0D|1\/2) N (2D|1)(0D|1\/2)(2D|1) N (0D|1\/2)(2D|1)(1D|1) N (2D|1)(1D|1)(5A|1) N (1D|1)(5A|1)(0D|2) N (5A|1)(0D|2)(2D|1\/2) N (0D|2)(2D|1\/2)(2D|1) N (2D|1\/2)(2D|1)(0D|2) N ","lyricist":"","composer":"","corpus_ref":"all:composers:bach:bach:chorals","id":"all:composers:bach:bach:chorals:bwv345:P3-1","title":"Ich bin ja, Herr, in deiner Macht","rhythm":"(1\/2)(1)(2) N (1)(2)(3\/2) N (2)(3\/2)(1\/3) N (3\/2)(1\/3)(2) N (1\/3)(2)(1\/2) N (2)(1\/2)(1) N (1\/2)(1)(2) N (1)(2)(1) N (2)(1)(1) N (1)(1)(1) N (1)(1)(3\/2) N (1)(3\/2)(1\/3) N (3\/2)(1\/3)(2) N (1\/3)(2)(1\/2) N (2)(1\/2)(1) N (1\/2)(1)(2) N (1)(2)(1) N (2)(1)(1) N (1)(1)(1) N (1)(1)(1) N (1)(1)(1\/2) N (1)(1\/2)(1) N (1\/2)(1)(1) N (1)(1)(1\/2) N (1)(1\/2)(1) N (1\/2)(1)(4) N (1)(4)(1) N (4)(1)(1) N (1)(1)(1\/2) N (1)(1\/2)(1) N (1\/2)(1)(2) N (1)(2)(3\/2) N (2)(3\/2)(1\/3) N (3\/2)(1\/3)(2) N (1\/3)(2)(1\/2) N (2)(1\/2)(1) N (1\/2)(1)(2) N (1)(2)(1) N (2)(1)(1) N (1)(1)(1) N (1)(1)(3\/2) N (1)(3\/2)(1\/3) N (3\/2)(1\/3)(2) N (1\/3)(2)(1\/2) N (2)(1\/2)(1) N (1\/2)(1)(2) N (1)(2)(1) N (2)(1)(1) N (1)(1)(1) N (1)(1)(1) N (1)(1)(1\/2) N (1)(1\/2)(1) N (1\/2)(1)(1) N (1)(1)(1\/2) N (1)(1\/2)(1) N (1\/2)(1)(4) N (1)(4)(1) N (4)(1)(1) N (1)(1)(1) N (1)(1)(1) N (1)(1)(3\/2) N (1)(3\/2)(1\/3) N (3\/2)(1\/3)(2) N (1\/3)(2)(1) N (2)(1)(1) N (1)(1)(1) N (1)(1)(1) N (1)(1)(1) N (1)(1)(1\/2) N (1)(1\/2)(1) N (1\/2)(1)(1) N (1)(1)(1) N (1)(1)(2) N (1)(2)(1\/2) N (2)(1\/2)(1) N (1\/2)(1)(2) N "}