{"voice":"P3-1","diatonic":"2A;2A;2D; N 2A;2D;2A; N 2D;2A;3A; N 2A;3A;2A; N 3A;2A;2A; N 2A;2A;2D; N 2A;2D;2D; N 2D;2D;2D; N 2D;2D;3A; N 2D;3A;2D; N 3A;2D;2A; N 2D;2A;5D; N 2A;5D;4A; N 5D;4A;2A; N 4A;2A;4D; N 2A;4D;3A; N 4D;3A;2A; N 3A;2A;3D; N 2A;3D;3D; N 3D;3D;4A; N 3D;4A;2D; N 4A;2D;2D; N 2D;2D;3D; N 2D;3D;2A; N 3D;2A;2A; N 2A;2A;2D; N 2A;2D;2D; N 2D;2D;4A; N 2D;4A;2D; N 4A;2D;2D; N 2D;2D;2A; N 2D;2A;2D; N 2A;2D;2D; N 2D;2D;2A; N 2D;2A;3D; N 2A;3D;6A; N 3D;6A;2A; N 6A;2A;5D; N 2A;5D;4A; N 5D;4A;4A; N 4A;4A;3D; N 4A;3D;2D; N 3D;2D;2A; N 2D;2A;3D; N 2A;3D;3D; N 3D;3D;2A; N 3D;2A;2D; N 2A;2D;2D; N 2D;2D;6A; N 2D;6A;2D; N 6A;2D;2D; N 2D;2D;2D; N 2D;2D;2D; N 2D;2D;2A; N 2D;2A;2A; N 2A;2A;3D; N 2A;3D;3D; N 3D;3D;4A; N 3D;4A;2D; N 4A;2D;2D; N 2D;2D;2A; N 2D;2A;2A; N 2A;2A;2A; N 2A;2A;2A; N 2A;2A;2A; N 2A;2A;3D; N 2A;3D;3D; N 3D;3D;4A; N 3D;4A;2D; N 4A;2D;2D; N 2D;2D;3A; N 2D;3A;4A; N 3A;4A;3D; N 4A;3D;3D; N 3D;3D;4A; N 3D;4A;2D; N 4A;2D;2D; N 2D;2D;2A; N 2D;2A;2D; N 2A;2D;2D; N 2D;2D;2A; N 2D;2A;2A; N 2A;2A;2D; N 2A;2D;2D; N 2D;2D;2A; N 2D;2A;2D; N 2A;2D;2D; N 2D;2D;2D; N 2D;2D;2A; N 2D;2A;2A; N 2A;2A;2A; N 2A;2A;2D; N 2A;2D;2D; N 2D;2D;3D; N 2D;3D;2A; N 3D;2A;2D; N 2A;2D;2A; N 2D;2A;2A; N 2A;2A;2D; N 2A;2D;2D; N 2D;2D;3A; N 2D;3A;4A; N 3A;4A;2D; N 4A;2D;2D; N 2D;2D;2D; N 2D;2D;2A; N 2D;2A;2A; N 2A;2A;2A; N 2A;2A;3D; N 2A;3D;3D; N 3D;3D;5A; N 3D;5A;2D; N 5A;2D;2D; N 2D;2D;2D; N 2D;2D;4A; N 2D;4A;2D; N 4A;2D;2D; N 2D;2D;2A; N 2D;2A;5D; N 2A;5D;2A; N 5D;2A;2A; N 2A;2A;2D; N ","ref":"all:composers:bach:bach:chorals:bwv425","melody":"2A;2A;2D; N 2A;2D;2A; N 2D;2A;3A; N 2A;3A;2A; N 3A;2A;2A; N 2A;2A;2D; N 2A;2D;2D; N 2D;2D;1D; N 2D;1D;3A; N 1D;3A;2D; N 3A;2D;2A; N 2D;2A;7D; N 2A;7D;5A; N 7D;5A;2A; N 5A;2A;5D; N 2A;5D;3A; N 5D;3A;2A; N 3A;2A;4D; N 2A;4D;3D; N 4D;3D;5A; N 3D;5A;2D; N 5A;2D;1D; N 2D;1D;4D; N 1D;4D;2A; N 4D;2A;2A; N 2A;2A;2D; N 2A;2D;2D; N 2D;2D;5A; N 2D;5A;1D; N 5A;1D;2D; N 1D;2D;2A; N 2D;2A;1D; N 2A;1D;2D; N 1D;2D;1A; N 2D;1A;3D; N 1A;3D;8A; N 3D;8A;2A; N 8A;2A;7D; N 2A;7D;5A; N 7D;5A;5A; N 5A;5A;3D; N 5A;3D;1D; N 3D;1D;1A; N 1D;1A;4D; N 1A;4D;3D; N 4D;3D;2A; N 3D;2A;2D; N 2A;2D;2D; N 2D;2D;9A; N 2D;9A;2D; N 9A;2D;2D; N 2D;2D;1D; N 2D;1D;2D; N 1D;2D;2A; N 2D;2A;1A; N 2A;1A;3D; N 1A;3D;3D; N 3D;3D;5A; N 3D;5A;2D; N 5A;2D;2D; N 2D;2D;2A; N 2D;2A;2A; N 2A;2A;2A; N 2A;2A;1A; N 2A;1A;2A; N 1A;2A;3D; N 2A;3D;4D; N 3D;4D;5A; N 4D;5A;1D; N 5A;1D;2D; N 1D;2D;3A; N 2D;3A;5A; N 3A;5A;3D; N 5A;3D;3D; N 3D;3D;5A; N 3D;5A;2D; N 5A;2D;1D; N 2D;1D;1A; N 1D;1A;2D; N 1A;2D;1D; N 2D;1D;1A; N 1D;1A;2A; N 1A;2A;2D; N 2A;2D;2D; N 2D;2D;2A; N 2D;2A;2D; N 2A;2D;1D; N 2D;1D;2D; N 1D;2D;2A; N 2D;2A;1A; N 2A;1A;2A; N 1A;2A;2D; N 2A;2D;1D; N 2D;1D;4D; N 1D;4D;2A; N 4D;2A;2D; N 2A;2D;2A; N 2D;2A;2A; N 2A;2A;2D; N 2A;2D;2D; N 2D;2D;4A; N 2D;4A;5A; N 4A;5A;2D; N 5A;2D;2D; N 2D;2D;1D; N 2D;1D;2A; N 1D;2A;1A; N 2A;1A;2A; N 1A;2A;3D; N 2A;3D;4D; N 3D;4D;7A; N 4D;7A;2D; N 7A;2D;2D; N 2D;2D;1D; N 2D;1D;5A; N 1D;5A;2D; N 5A;2D;2D; N 2D;2D;1A; N 2D;1A;7D; N 1A;7D;1A; N 7D;1A;2A; N 1A;2A;1D; N ","notes":"(2A|1)(2A|2)(2D|1) N (2A|2)(2D|1)(2A|1) N (2D|1)(2A|1)(3A|1) N (2A|1)(3A|1)(0D|1\/2) N (3A|1)(0D|1\/2)(2A|1) N (0D|1\/2)(2A|1)(2A|2) N (2A|1)(2A|2)(2D|3\/2) N (2A|2)(2D|3\/2)(2D|1\/3) N (2D|3\/2)(2D|1\/3)(1D|2) N (2D|1\/3)(1D|2)(0D|1\/2) N (1D|2)(0D|1\/2)(3A|1) N (0D|1\/2)(3A|1)(2D|2) N (3A|1)(2D|2)(0D|1) N (2D|2)(0D|1)(2A|1\/2) N (0D|1)(2A|1\/2)(7D|1) N (2A|1\/2)(7D|1)(5A|2) N (7D|1)(5A|2)(0D|1) N (5A|2)(0D|1)(0D|1) N (0D|1)(0D|1)(2A|1\/2) N (0D|1)(2A|1\/2)(5D|1) N (2A|1\/2)(5D|1)(3A|2) N (5D|1)(3A|2)(2A|1\/2) N (3A|2)(2A|1\/2)(4D|1) N (2A|1\/2)(4D|1)(3D|1) N (4D|1)(3D|1)(5A|1\/2) N (3D|1)(5A|1\/2)(2D|1) N (5A|1\/2)(2D|1)(1D|8) N (2D|1)(1D|8)(12A|1\/2) N (1D|8)(12A|1\/2)(16D|1\/2) N (12A|1\/2)(16D|1\/2)(2A|1) N (16D|1\/2)(2A|1)(2A|2) N (2A|1)(2A|2)(2D|1) N (2A|2)(2D|1)(2D|1\/2) N (2D|1)(2D|1\/2)(5A|1) N (2D|1\/2)(5A|1)(0D|2) N (5A|1)(0D|2)(1D|1\/2) N (0D|2)(1D|1\/2)(2D|1) N (1D|1\/2)(2D|1)(0D|1) N (2D|1)(0D|1)(2A|1) N (0D|1)(2A|1)(0D|1) N (2A|1)(0D|1)(1D|1\/2) N (0D|1)(1D|1\/2)(2D|1) N (1D|1\/2)(2D|1)(1A|4) N (2D|1)(1A|4)(3D|2) N (1A|4)(3D|2)(17A|1\/2) N (3D|2)(17A|1\/2)(9D|1) N (17A|1\/2)(9D|1)(2A|1\/2) N (9D|1)(2A|1\/2)(7D|1) N (2A|1\/2)(7D|1)(5A|2) N (7D|1)(5A|2)(0D|1) N (5A|2)(0D|1)(0D|1\/2) N (0D|1)(0D|1\/2)(5A|1) N (0D|1\/2)(5A|1)(3D|1) N (5A|1)(3D|1)(1D|1) N (3D|1)(1D|1)(0D|1) N (1D|1)(0D|1)(1A|1) N (0D|1)(1A|1)(4D|1) N (1A|1)(4D|1)(3D|1) N (4D|1)(3D|1)(0D|1) N (3D|1)(0D|1)(2A|1\/2) N (0D|1)(2A|1\/2)(2D|1) N (2A|1\/2)(2D|1)(2D|8) N (2D|1)(2D|8)(16A|1\/2) N (2D|8)(16A|1\/2)(7D|1\/2) N (16A|1\/2)(7D|1\/2)(2D|1) N (7D|1\/2)(2D|1)(2D|1) N (2D|1)(2D|1)(1D|1) N (2D|1)(1D|1)(0D|1) N (1D|1)(0D|1)(2D|1\/2) N (0D|1)(2D|1\/2)(2A|1) N (2D|1\/2)(2A|1)(1A|2) N (2A|1)(1A|2)(3D|1) N (1A|2)(3D|1)(3D|1) N (3D|1)(3D|1)(5A|1\/2) N (3D|1)(5A|1\/2)(2D|1) N (5A|1\/2)(2D|1)(2D|8) N (2D|1)(2D|8)(16A|1\/2) N (2D|8)(16A|1\/2)(16D|1\/2) N (16A|1\/2)(16D|1\/2)(2A|1) N (16D|1\/2)(2A|1)(2A|1) N (2A|1)(2A|1)(2A|1\/2) N (2A|1)(2A|1\/2)(1A|1) N (2A|1\/2)(1A|1)(2A|2) N (1A|1)(2A|2)(3D|1) N (2A|2)(3D|1)(4D|1) N (3D|1)(4D|1)(5A|1\/2) N (4D|1)(5A|1\/2)(1D|1) N (5A|1\/2)(1D|1)(2D|2) N (1D|1)(2D|2)(3A|1) N (2D|2)(3A|1)(5A|1) N (3A|1)(5A|1)(3D|1) N (5A|1)(3D|1)(3D|1) N (3D|1)(3D|1)(5A|1\/2) N (3D|1)(5A|1\/2)(2D|1) N (5A|1\/2)(2D|1)(1D|4) N (2D|1)(1D|4)(1A|1) N (1D|4)(1A|1)(0D|1\/2) N (1A|1)(0D|1\/2)(2D|1\/2) N (0D|1\/2)(2D|1\/2)(1D|1) N (2D|1\/2)(1D|1)(1A|4) N (1D|1)(1A|4)(0D|1) N (1A|4)(0D|1)(0D|1\/2) N (0D|1)(0D|1\/2)(2A|1\/2) N (0D|1\/2)(2A|1\/2)(2D|1) N (2A|1\/2)(2D|1)(2D|2) N (2D|1)(2D|2)(2A|1) N (2D|2)(2A|1)(0D|1\/2) N (2A|1)(0D|1\/2)(2D|1) N (0D|1\/2)(2D|1)(1D|2) N (2D|1)(1D|2)(2D|1\/2) N (1D|2)(2D|1\/2)(2A|1) N (2D|1\/2)(2A|1)(1A|4) N (2A|1)(1A|4)(2A|1\/4) N (1A|4)(2A|1\/4)(2D|1) N (2A|1\/4)(2D|1)(1D|8) N (2D|1)(1D|8)(12A|1\/2) N (1D|8)(12A|1\/2)(16D|1) N (12A|1\/2)(16D|1)(2A|3\/2) N (16D|1)(2A|3\/2)(2D|1\/6) N (2A|3\/2)(2D|1\/6)(2A|1) N (2D|1\/6)(2A|1)(2A|6) N (2A|1)(2A|6)(2D|1\/3) N (2A|6)(2D|1\/3)(2D|4) N (2D|1\/3)(2D|4)(16A|1\/2) N (2D|4)(16A|1\/2)(12D|1) N (16A|1\/2)(12D|1)(0D|1) N (12D|1)(0D|1)(0D|1) N (0D|1)(0D|1)(0D|1) N (0D|1)(0D|1)(5A|1\/2) N (0D|1)(5A|1\/2)(2D|1\/2) N (5A|1\/2)(2D|1\/2)(2D|1) N (2D|1\/2)(2D|1)(1D|2) N (2D|1)(1D|2)(2A|1\/2) N (1D|2)(2A|1\/2)(1A|1) N (2A|1\/2)(1A|1)(2A|2) N (1A|1)(2A|2)(3D|1) N (2A|2)(3D|1)(4D|1) N (3D|1)(4D|1)(7A|1) N (4D|1)(7A|1)(2D|2) N (7A|1)(2D|2)(0D|1\/2) N (2D|2)(0D|1\/2)(2D|1) N (0D|1\/2)(2D|1)(1D|1) N (2D|1)(1D|1)(5A|1) N (1D|1)(5A|1)(0D|1) N (5A|1)(0D|1)(2D|1) N (0D|1)(2D|1)(2D|1) N (2D|1)(2D|1)(1A|1) N (2D|1)(1A|1)(7D|2) N (1A|1)(7D|2)(0D|1\/4) N (7D|2)(0D|1\/4)(1A|1) N (0D|1\/4)(1A|1)(2A|2) N (1A|1)(2A|2)(1D|4) N ","lyricist":"","composer":"","corpus_ref":"all:composers:bach:bach:chorals","id":"all:composers:bach:bach:chorals:bwv425:P3-1","title":"Was willst du dich, o meine Seele, kränken","rhythm":"(1)(2)(1) N (2)(1)(1) N (1)(1)(1) N (1)(1)(1\/2) N (1)(1\/2)(1) N (1\/2)(1)(2) N (1)(2)(3\/2) N (2)(3\/2)(1\/3) N (3\/2)(1\/3)(2) N (1\/3)(2)(1\/2) N (2)(1\/2)(1) N (1\/2)(1)(2) N (1)(2)(1) N (2)(1)(1\/2) N (1)(1\/2)(1) N (1\/2)(1)(2) N (1)(2)(1) N (2)(1)(1) N (1)(1)(1\/2) N (1)(1\/2)(1) N (1\/2)(1)(2) N (1)(2)(1\/2) N (2)(1\/2)(1) N (1\/2)(1)(1) N (1)(1)(1\/2) N (1)(1\/2)(1) N (1\/2)(1)(8) N (1)(8)(-1) N (8)(-1)(1\/2) N (-1)(1\/2)(1) N (1\/2)(1)(2) N (1)(2)(1) N (2)(1)(1\/2) N (1)(1\/2)(1) N (1\/2)(1)(2) N (1)(2)(1\/2) N (2)(1\/2)(1) N (1\/2)(1)(1) N (1)(1)(1) N (1)(1)(1) N (1)(1)(1\/2) N (1)(1\/2)(1) N (1\/2)(1)(4) N (1)(4)(2) N (4)(2)(-1) N (2)(-1)(1) N (-1)(1)(1\/2) N (1)(1\/2)(1) N (1\/2)(1)(2) N (1)(2)(1) N (2)(1)(1\/2) N (1)(1\/2)(1) N (1\/2)(1)(1) N (1)(1)(1) N (1)(1)(1) N (1)(1)(1) N (1)(1)(1) N (1)(1)(1) N (1)(1)(1) N (1)(1)(1\/2) N (1)(1\/2)(1) N (1\/2)(1)(8) N (1)(8)(-1) N (8)(-1)(1\/2) N (-1)(1\/2)(1) N (1\/2)(1)(1) N (1)(1)(1) N (1)(1)(1) N (1)(1)(1\/2) N (1)(1\/2)(1) N (1\/2)(1)(2) N (1)(2)(1) N (2)(1)(1) N (1)(1)(1\/2) N (1)(1\/2)(1) N (1\/2)(1)(8) N (1)(8)(-1) N (8)(-1)(1\/2) N (-1)(1\/2)(1) N (1\/2)(1)(1) N (1)(1)(1\/2) N (1)(1\/2)(1) N (1\/2)(1)(2) N (1)(2)(1) N (2)(1)(1) N (1)(1)(1\/2) N (1)(1\/2)(1) N (1\/2)(1)(2) N (1)(2)(1) N (2)(1)(1) N (1)(1)(1) N (1)(1)(1) N (1)(1)(1\/2) N (1)(1\/2)(1) N (1\/2)(1)(4) N (1)(4)(1) N (4)(1)(1\/2) N (1)(1\/2)(1\/2) N (1\/2)(1\/2)(1) N (1\/2)(1)(4) N (1)(4)(1) N (4)(1)(1\/2) N (1)(1\/2)(1\/2) N (1\/2)(1\/2)(1) N (1\/2)(1)(2) N (1)(2)(1) N (2)(1)(1\/2) N (1)(1\/2)(1) N (1\/2)(1)(2) N (1)(2)(1\/2) N (2)(1\/2)(1) N (1\/2)(1)(4) N (1)(4)(1\/4) N (4)(1\/4)(1) N (1\/4)(1)(8) N (1)(8)(-1) N (8)(-1)(1) N (-1)(1)(3\/2) N (1)(3\/2)(1\/6) N (3\/2)(1\/6)(1) N (1\/6)(1)(6) N (1)(6)(1\/3) N (6)(1\/3)(4) N (1\/3)(4)(-1) N (4)(-1)(1) N (-1)(1)(1) N (1)(1)(1) N (1)(1)(1) N (1)(1)(1\/2) N (1)(1\/2)(1\/2) N (1\/2)(1\/2)(1) N (1\/2)(1)(2) N (1)(2)(1\/2) N (2)(1\/2)(1) N (1\/2)(1)(2) N (1)(2)(1) N (2)(1)(1) N (1)(1)(1) N (1)(1)(2) N (1)(2)(1\/2) N (2)(1\/2)(1) N (1\/2)(1)(1) N (1)(1)(1) N (1)(1)(1) N (1)(1)(1) N (1)(1)(1) N (1)(1)(1) N (1)(1)(2) N (1)(2)(1\/4) N (2)(1\/4)(1) N (1\/4)(1)(2) N (1)(2)(4) N "}