{"voice":"P7-1","diatonic":"3A;2A;2A; N 2A;2A;2A; N 2A;2A;3D; N 2A;3D;2D; N 3D;2D;2D; N 2D;2D;2A; N 2D;2A;3A; N 2A;3A;4D; N 3A;4D;3A; N 4D;3A;2A; N 3A;2A;2A; N 2A;2A;3D; N 2A;3D;2D; N 3D;2D;2A; N 2D;2A;6A; N 2A;6A;2D; N 6A;2D;5D; N 2D;5D;3D; N 5D;3D;3A; N 3D;3A;2A; N 3A;2A;2A; N 2A;2A;2A; N 2A;2A;3D; N 2A;3D;2D; N 3D;2D;2D; N 2D;2D;2A; N 2D;2A;3A; N 2A;3A;4D; N 3A;4D;3A; N 4D;3A;2A; N 3A;2A;2A; N 2A;2A;3D; N 2A;3D;2D; N 3D;2D;2A; N 2D;2A;6A; N 2A;6A;2D; N 6A;2D;5D; N 2D;5D;2D; N 5D;2D;2A; N 2D;2A;2A; N 2A;2A;3D; N 2A;3D;2A; N 3D;2A;2D; N 2A;2D;2A; N 2D;2A;2A; N 2A;2A;3D; N 2A;3D;2A; N 3D;2A;3A; N 2A;3A;3D; N 3A;3D;2A; N 3D;2A;2A; N 2A;2A;2D; N 2A;2D;3D; N 2D;3D;2D; N 3D;2D;3A; N 2D;3A;2A; N 3A;2A;2A; N 2A;2A;3D; N 2A;3D;2A; N 3D;2A;2A; N 2A;2A;3D; N 2A;3D;2A; N 3D;2A;2A; N 2A;2A;2D; N 2A;2D;3D; N 2D;3D;2D; N 3D;2D;3A; N 2D;3A;2A; N 3A;2A;2A; N 2A;2A;3D; N 2A;3D;2A; N 3D;2A;2D; N 2A;2D;3D; N 2D;3D;3A; N 3D;3A;2A; N 3A;2A;2A; N 2A;2A;2A; N 2A;2A;5D; N 2A;5D;2A; N 5D;2A;2A; N 2A;2A;2D; N 2A;2D;2D; N 2D;2D;2A; N ","ref":"all:composers:bach:bach:chorals:bwv190.7-inst","melody":"4A;1A;2A; N 1A;2A;2A; N 2A;2A;4D; N 2A;4D;1D; N 4D;1D;2D; N 1D;2D;2A; N 2D;2A;3A; N 2A;3A;5D; N 3A;5D;4A; N 5D;4A;1A; N 4A;1A;1A; N 1A;1A;4D; N 1A;4D;2D; N 4D;2D;2A; N 2D;2A;8A; N 2A;8A;1D; N 8A;1D;7D; N 1D;7D;4D; N 7D;4D;4A; N 4D;4A;1A; N 4A;1A;2A; N 1A;2A;2A; N 2A;2A;4D; N 2A;4D;1D; N 4D;1D;2D; N 1D;2D;2A; N 2D;2A;3A; N 2A;3A;5D; N 3A;5D;4A; N 5D;4A;1A; N 4A;1A;1A; N 1A;1A;4D; N 1A;4D;2D; N 4D;2D;2A; N 2D;2A;8A; N 2A;8A;1D; N 8A;1D;7D; N 1D;7D;2D; N 7D;2D;2A; N 2D;2A;1A; N 2A;1A;3D; N 1A;3D;2A; N 3D;2A;2D; N 2A;2D;2A; N 2D;2A;1A; N 2A;1A;3D; N 1A;3D;2A; N 3D;2A;3A; N 2A;3A;3D; N 3A;3D;1A; N 3D;1A;2A; N 1A;2A;2D; N 2A;2D;3D; N 2D;3D;2D; N 3D;2D;4A; N 2D;4A;1A; N 4A;1A;2A; N 1A;2A;3D; N 2A;3D;1A; N 3D;1A;2A; N 1A;2A;3D; N 2A;3D;1A; N 3D;1A;2A; N 1A;2A;2D; N 2A;2D;3D; N 2D;3D;2D; N 3D;2D;4A; N 2D;4A;1A; N 4A;1A;2A; N 1A;2A;3D; N 2A;3D;1A; N 3D;1A;1D; N 1A;1D;4D; N 1D;4D;4A; N 4D;4A;1A; N 4A;1A;2A; N 1A;2A;2A; N 2A;2A;7D; N 2A;7D;2A; N 7D;2A;1A; N 2A;1A;1D; N 1A;1D;2D; N 1D;2D;2A; N ","notes":"(0D|1)(4A|1)(1A|1) N (4A|1)(1A|1)(2A|1) N (1A|1)(2A|1)(2A|2) N (2A|1)(2A|2)(4D|1\/2) N (2A|2)(4D|1\/2)(0D|1) N (4D|1\/2)(0D|1)(1D|1) N (0D|1)(1D|1)(0D|1) N (1D|1)(0D|1)(2D|1) N (0D|1)(2D|1)(0D|1) N (2D|1)(0D|1)(2A|3) N (0D|1)(2A|3)(3A|1\/3) N (2A|3)(3A|1\/3)(5D|1) N (3A|1\/3)(5D|1)(4A|1) N (5D|1)(4A|1)(1A|1) N (4A|1)(1A|1)(1A|1) N (1A|1)(1A|1)(4D|2) N (1A|1)(4D|2)(0D|1\/2) N (4D|2)(0D|1\/2)(0D|1) N (0D|1\/2)(0D|1)(2D|1) N (0D|1)(2D|1)(2A|1\/2) N (2D|1)(2A|1\/2)(8A|1) N (2A|1\/2)(8A|1)(0D|2) N (8A|1)(0D|2)(1D|1) N (0D|2)(1D|1)(7D|3) N (1D|1)(7D|3)(4D|1\/3) N (7D|3)(4D|1\/3)(0D|1) N (4D|1\/3)(0D|1)(4A|1) N (0D|1)(4A|1)(1A|1) N (4A|1)(1A|1)(2A|1) N (1A|1)(2A|1)(2A|2) N (2A|1)(2A|2)(4D|1\/2) N (2A|2)(4D|1\/2)(0D|1) N (4D|1\/2)(0D|1)(1D|1) N (0D|1)(1D|1)(0D|1) N (1D|1)(0D|1)(2D|1) N (0D|1)(2D|1)(0D|1) N (2D|1)(0D|1)(2A|3) N (0D|1)(2A|3)(3A|1\/3) N (2A|3)(3A|1\/3)(5D|1) N (3A|1\/3)(5D|1)(4A|1) N (5D|1)(4A|1)(1A|1) N (4A|1)(1A|1)(1A|1) N (1A|1)(1A|1)(4D|2) N (1A|1)(4D|2)(0D|1\/2) N (4D|2)(0D|1\/2)(0D|1) N (0D|1\/2)(0D|1)(2D|1) N (0D|1)(2D|1)(2A|1\/2) N (2D|1)(2A|1\/2)(8A|1) N (2A|1\/2)(8A|1)(0D|2) N (8A|1)(0D|2)(1D|1) N (0D|2)(1D|1)(7D|3) N (1D|1)(7D|3)(2D|1\/3) N (7D|3)(2D|1\/3)(0D|1) N (2D|1\/3)(0D|1)(0D|1) N (0D|1)(0D|1)(2A|1) N (0D|1)(2A|1)(1A|1\/2) N (2A|1)(1A|1\/2)(3D|1) N (1A|1\/2)(3D|1)(2A|4) N (3D|1)(2A|4)(0D|1\/2) N (2A|4)(0D|1\/2)(2D|1) N (0D|1\/2)(2D|1)(0D|1) N (2D|1)(0D|1)(0D|1) N (0D|1)(0D|1)(2A|1) N (0D|1)(2A|1)(1A|1\/2) N (2A|1)(1A|1\/2)(3D|1) N (1A|1\/2)(3D|1)(2A|4) N (3D|1)(2A|4)(0D|1\/2) N (2A|4)(0D|1\/2)(3A|1) N (0D|1\/2)(3A|1)(0D|1) N (3A|1)(0D|1)(3D|1) N (0D|1)(3D|1)(1A|1) N (3D|1)(1A|1)(2A|1) N (1A|1)(2A|1)(2D|1) N (2A|1)(2D|1)(3D|1) N (2D|1)(3D|1)(2D|1) N (3D|1)(2D|1)(4A|1) N (2D|1)(4A|1)(1A|1) N (4A|1)(1A|1)(2A|1) N (1A|1)(2A|1)(3D|1) N (2A|1)(3D|1)(0D|1) N (3D|1)(0D|1)(1A|3) N (0D|1)(1A|3)(2A|1\/3) N (1A|3)(2A|1\/3)(0D|1) N (2A|1\/3)(0D|1)(3D|1) N (0D|1)(3D|1)(1A|1) N (3D|1)(1A|1)(2A|1) N (1A|1)(2A|1)(2D|1) N (2A|1)(2D|1)(3D|1) N (2D|1)(3D|1)(2D|1) N (3D|1)(2D|1)(4A|1) N (2D|1)(4A|1)(1A|1) N (4A|1)(1A|1)(2A|1) N (1A|1)(2A|1)(3D|1) N (2A|1)(3D|1)(0D|1) N (3D|1)(0D|1)(1A|3) N (0D|1)(1A|3)(1D|1\/3) N (1A|3)(1D|1\/3)(4D|1) N (1D|1\/3)(4D|1)(4A|1) N (4D|1)(4A|1)(1A|1) N (4A|1)(1A|1)(2A|1) N (1A|1)(2A|1)(2A|2) N (2A|1)(2A|2)(7D|1\/4) N (2A|2)(7D|1\/4)(2A|1) N (7D|1\/4)(2A|1)(1A|2) N (2A|1)(1A|2)(1D|1) N (1A|2)(1D|1)(0D|1) N (1D|1)(0D|1)(2D|1) N (0D|1)(2D|1)(0D|1) N (2D|1)(0D|1)(2A|3) N ","lyricist":"","composer":"","corpus_ref":"all:composers:bach:bach:chorals","id":"all:composers:bach:bach:chorals:bwv190.7-inst:P7-1","title":"Jesu, nun sei gepreiset","rhythm":"(1)(1)(1) N (1)(1)(1) N (1)(1)(2) N (1)(2)(1\/2) N (2)(1\/2)(1) N (1\/2)(1)(1) N (1)(1)(1) N (1)(1)(1) N (1)(1)(1) N (1)(1)(3) N (1)(3)(1\/3) N (3)(1\/3)(1) N (1\/3)(1)(1) N (1)(1)(1) N (1)(1)(1) N (1)(1)(2) N (1)(2)(1\/2) N (2)(1\/2)(1) N (1\/2)(1)(1) N (1)(1)(1\/2) N (1)(1\/2)(1) N (1\/2)(1)(2) N (1)(2)(1) N (2)(1)(3) N (1)(3)(1\/3) N (3)(1\/3)(1) N (1\/3)(1)(1) N (1)(1)(1) N (1)(1)(1) N (1)(1)(2) N (1)(2)(1\/2) N (2)(1\/2)(1) N (1\/2)(1)(1) N (1)(1)(1) N (1)(1)(1) N (1)(1)(1) N (1)(1)(3) N (1)(3)(1\/3) N (3)(1\/3)(1) N (1\/3)(1)(1) N (1)(1)(1) N (1)(1)(1) N (1)(1)(2) N (1)(2)(1\/2) N (2)(1\/2)(1) N (1\/2)(1)(1) N (1)(1)(1\/2) N (1)(1\/2)(1) N (1\/2)(1)(2) N (1)(2)(1) N (2)(1)(3) N (1)(3)(1\/3) N (3)(1\/3)(1) N (1\/3)(1)(1) N (1)(1)(1) N (1)(1)(1\/2) N (1)(1\/2)(1) N (1\/2)(1)(4) N (1)(4)(1\/2) N (4)(1\/2)(1) N (1\/2)(1)(1) N (1)(1)(1) N (1)(1)(1) N (1)(1)(1\/2) N (1)(1\/2)(1) N (1\/2)(1)(4) N (1)(4)(1\/2) N (4)(1\/2)(1) N (1\/2)(1)(1) N (1)(1)(1) N (1)(1)(1) N (1)(1)(1) N (1)(1)(1) N (1)(1)(1) N (1)(1)(1) N (1)(1)(1) N (1)(1)(1) N (1)(1)(1) N (1)(1)(1) N (1)(1)(1) N (1)(1)(3) N (1)(3)(1\/3) N (3)(1\/3)(1) N (1\/3)(1)(1) N (1)(1)(1) N (1)(1)(1) N (1)(1)(1) N (1)(1)(1) N (1)(1)(1) N (1)(1)(1) N (1)(1)(1) N (1)(1)(1) N (1)(1)(1) N (1)(1)(1) N (1)(1)(3) N (1)(3)(1\/3) N (3)(1\/3)(1) N (1\/3)(1)(1) N (1)(1)(1) N (1)(1)(1) N (1)(1)(2) N (1)(2)(1\/4) N (2)(1\/4)(1) N (1\/4)(1)(2) N (1)(2)(1) N (2)(1)(1) N (1)(1)(1) N (1)(1)(1) N (1)(1)(3) N "}