{"voice":"P4-1","diatonic":"4D;4A;4D; N 4A;4D;4A; N 4D;4A;4D; N 4A;4D;4A; N 4D;4A;4D; N 4A;4D;4A; N 4D;4A;4D; N 4A;4D;4A; N 4D;4A;4D; N 4A;4D;4A; N 4D;4A;4D; N 4A;4D;4A; N 4D;4A;4D; N 4A;4D;4A; N 4D;4A;4D; N 4A;4D;4A; N 4D;4A;4D; N 4A;4D;4A; N 4D;4A;4D; N 4A;4D;4A; N ","ref":"all:composers:bach:bach:chorals:bwv120.8-a","melody":"5D;5A;5D; N 5A;5D;5A; N 5D;5A;5D; N 5A;5D;5A; N 5D;5A;5D; N 5A;5D;5A; N 5D;5A;5D; N 5A;5D;5A; N 5D;5A;5D; N 5A;5D;5A; N 5D;5A;5D; N 5A;5D;5A; N 5D;5A;5D; N 5A;5D;5A; N 5D;5A;5D; N 5A;5D;5A; N 5D;5A;5D; N 5A;5D;5A; N 5D;5A;5D; N 5A;5D;5A; N ","notes":"(0D|1)(0D|1)(0D|1) N (0D|1)(0D|1)(0D|1) N (0D|1)(0D|1)(0D|1) N (0D|1)(0D|1)(0D|1) N (0D|1)(0D|1)(0D|1) N (0D|1)(0D|1)(0D|1) N (0D|1)(0D|1)(0D|1) N (0D|1)(0D|1)(19D|1\/2) N (0D|1)(19D|1\/2)(0D|1) N (19D|1\/2)(0D|1)(5D|1) N (0D|1)(5D|1)(5A|3\/2) N (5D|1)(5A|3\/2)(0D|1\/3) N (5A|3\/2)(0D|1\/3)(0D|2) N (0D|1\/3)(0D|2)(5D|1) N (0D|2)(5D|1)(0D|1) N (5D|1)(0D|1)(0D|1) N (0D|1)(0D|1)(5A|1) N (0D|1)(5A|1)(5D|1) N (5A|1)(5D|1)(5A|1) N (5D|1)(5A|1)(5D|1\/2) N (5A|1)(5D|1\/2)(0D|1\/2) N (5D|1\/2)(0D|1\/2)(0D|1) N (0D|1\/2)(0D|1)(0D|2) N (0D|1)(0D|2)(0D|1) N (0D|2)(0D|1)(5A|2) N (0D|1)(5A|2)(0D|1) N (5A|2)(0D|1)(0D|1) N (0D|1)(0D|1)(5D|1) N (0D|1)(5D|1)(5A|3\/2) N (5D|1)(5A|3\/2)(0D|1\/3) N (5A|3\/2)(0D|1\/3)(0D|2) N (0D|1\/3)(0D|2)(5D|1) N (0D|2)(5D|1)(0D|1) N (5D|1)(0D|1)(0D|1) N (0D|1)(0D|1)(5A|1) N (0D|1)(5A|1)(5D|1) N (5A|1)(5D|1)(5A|1) N (5D|1)(5A|1)(5D|1\/2) N (5A|1)(5D|1\/2)(0D|1\/2) N (5D|1\/2)(0D|1\/2)(0D|1) N (0D|1\/2)(0D|1)(0D|2) N (0D|1)(0D|2)(0D|1) N (0D|2)(0D|1)(5A|2) N (0D|1)(5A|2)(19A|2) N (5A|2)(19A|2)(0D|1) N (19A|2)(0D|1)(19D|1\/2) N (0D|1)(19D|1\/2)(19A|1) N (19D|1\/2)(19A|1)(0D|1) N (19A|1)(0D|1)(19D|1) N (0D|1)(19D|1)(19A|1) N (19D|1)(19A|1)(19D|1) N (19A|1)(19D|1)(5D|3) N (19D|1)(5D|3)(0D|1\/3) N (5D|3)(0D|1\/3)(0D|2) N (0D|1\/3)(0D|2)(5A|1\/2) N (0D|2)(5A|1\/2)(5D|1) N (5A|1\/2)(5D|1)(5A|1) N (5D|1)(5A|1)(5D|2) N (5A|1)(5D|2)(5A|1\/2) N ","lyricist":"","composer":"","corpus_ref":"all:composers:bach:bach:chorals","id":"all:composers:bach:bach:chorals:bwv120.8-a:P4-1","title":"score.xml","rhythm":"(-1)(-1)(-1) N (-1)(-1)(-1) N (-1)(-1)(-1) N (-1)(-1)(-1) N (-1)(-1)(-1) N (-1)(-1)(-1) N (-1)(-1)(-1) N (-1)(-1)(1\/2) N (-1)(1\/2)(1) N (1\/2)(1)(1) N (1)(1)(3\/2) N (1)(3\/2)(1\/3) N (3\/2)(1\/3)(2) N (1\/3)(2)(1) N (2)(1)(1) N (1)(1)(1) N (1)(1)(1) N (1)(1)(1) N (1)(1)(1) N (1)(1)(1\/2) N (1)(1\/2)(1\/2) N (1\/2)(1\/2)(1) N (1\/2)(1)(2) N (1)(2)(1) N (2)(1)(2) N (1)(2)(1) N (2)(1)(1) N (1)(1)(1) N (1)(1)(3\/2) N (1)(3\/2)(1\/3) N (3\/2)(1\/3)(2) N (1\/3)(2)(1) N (2)(1)(1) N (1)(1)(1) N (1)(1)(1) N (1)(1)(1) N (1)(1)(1) N (1)(1)(1\/2) N (1)(1\/2)(1\/2) N (1\/2)(1\/2)(1) N (1\/2)(1)(2) N (1)(2)(1) N (2)(1)(2) N (1)(2)(-1) N (2)(-1)(-1) N (-1)(-1)(1\/2) N (-1)(1\/2)(-1) N (1\/2)(-1)(-1) N (-1)(-1)(1) N (-1)(1)(-1) N (1)(-1)(1) N (-1)(1)(3) N (1)(3)(1\/3) N (3)(1\/3)(2) N (1\/3)(2)(1\/2) N (2)(1\/2)(1) N (1\/2)(1)(1) N (1)(1)(2) N (1)(2)(1\/2) N "}