{"voice":"P1-1","diatonic":"2D;3D;4A; N 3D;4A;2A; N 4A;2A;2A; N 2A;2A;2A; N 2A;2A;2D; N 2A;2D;2D; N 2D;2D;2A; N 2D;2A;2A; N 2A;2A;2A; N 2A;2A;2D; N 2A;2D;2D; N 2D;2D;4A; N 2D;4A;2D; N 4A;2D;2D; N 2D;2D;2D; N 2D;2D;2D; N 2D;2D;2D; N 2D;2D;2D; N 2D;2D;2D; N 2D;2D;3D; N 2D;3D;2A; N 3D;2A;2A; N 2A;2A;2A; N 2A;2A;2D; N 2A;2D;2D; N 2D;2D;2D; N 2D;2D;2A; N 2D;2A;2D; N 2A;2D;2D; N 2D;2D;2D; N 2D;2D;2D; N ","ref":"all:composers:bach:bach:chorals:bwv245.3","melody":"1D;4D;5A; N 4D;5A;2A; N 5A;2A;1A; N 2A;1A;2A; N 1A;2A;2D; N 2A;2D;1D; N 2D;1D;1A; N 1D;1A;2A; N 1A;2A;2A; N 2A;2A;2D; N 2A;2D;2D; N 2D;2D;5A; N 2D;5A;1D; N 5A;1D;1D; N 1D;1D;1D; N 1D;1D;2D; N 1D;2D;1D; N 2D;1D;2D; N 1D;2D;2D; N 2D;2D;3D; N 2D;3D;1A; N 3D;1A;2A; N 1A;2A;2A; N 2A;2A;2D; N 2A;2D;2D; N 2D;2D;1D; N 2D;1D;12A; N 1D;12A;2D; N 12A;2D;2D; N 2D;2D;1D; N 2D;1D;2D; N ","notes":"(0D|1)(0D|1)(1D|1) N (0D|1)(1D|1)(4D|1) N (1D|1)(4D|1)(5A|1) N (4D|1)(5A|1)(2A|1) N (5A|1)(2A|1)(1A|1) N (2A|1)(1A|1)(0D|1) N (1A|1)(0D|1)(2A|1) N (0D|1)(2A|1)(2D|1) N (2A|1)(2D|1)(1D|1) N (2D|1)(1D|1)(0D|1) N (1D|1)(0D|1)(1A|1) N (0D|1)(1A|1)(2A|1) N (1A|1)(2A|1)(2A|1\/2) N (2A|1)(2A|1\/2)(2D|1) N (2A|1\/2)(2D|1)(2D|2) N (2D|1)(2D|2)(5A|1) N (2D|2)(5A|1)(0D|1) N (5A|1)(0D|1)(1D|1) N (0D|1)(1D|1)(1D|1\/2) N (1D|1)(1D|1\/2)(1D|1) N (1D|1\/2)(1D|1)(0D|4) N (1D|1)(0D|4)(2D|1\/2) N (0D|4)(2D|1\/2)(0D|1) N (2D|1\/2)(0D|1)(1D|1) N (0D|1)(1D|1)(2D|1) N (1D|1)(2D|1)(2D|1) N (2D|1)(2D|1)(3D|1\/2) N (2D|1)(3D|1\/2)(1A|1) N (3D|1\/2)(1A|1)(2A|2) N (1A|1)(2A|2)(0D|1) N (2A|2)(0D|1)(2A|1) N (0D|1)(2A|1)(2D|1) N (2A|1)(2D|1)(2D|2) N (2D|1)(2D|2)(1D|1\/2) N (2D|2)(1D|1\/2)(12A|1) N (1D|1\/2)(12A|1)(2D|1) N (12A|1)(2D|1)(2D|1\/2) N (2D|1)(2D|1\/2)(1D|1) N (2D|1\/2)(1D|1)(0D|4) N (1D|1)(0D|4)(2D|3\/2) N ","lyricist":"","composer":"","corpus_ref":"all:composers:bach:bach:chorals","id":"all:composers:bach:bach:chorals:bwv245.3:P1-1","title":"Herzliebster Jesu, was hast du verbrochen","rhythm":"(1)(1)(1) N (1)(1)(1) N (1)(1)(1) N (1)(1)(1) N (1)(1)(1) N (1)(1)(1) N (1)(1)(1) N (1)(1)(1) N (1)(1)(1) N (1)(1)(1) N (1)(1)(1) N (1)(1)(1) N (1)(1)(1\/2) N (1)(1\/2)(1) N (1\/2)(1)(2) N (1)(2)(1) N (2)(1)(1) N (1)(1)(1) N (1)(1)(1\/2) N (1)(1\/2)(1) N (1\/2)(1)(4) N (1)(4)(1\/2) N (4)(1\/2)(1) N (1\/2)(1)(1) N (1)(1)(1) N (1)(1)(1) N (1)(1)(1\/2) N (1)(1\/2)(1) N (1\/2)(1)(2) N (1)(2)(1) N (2)(1)(1) N (1)(1)(1) N (1)(1)(2) N (1)(2)(1\/2) N (2)(1\/2)(1) N (1\/2)(1)(1) N (1)(1)(1\/2) N (1)(1\/2)(1) N (1\/2)(1)(4) N (1)(4)(3\/2) N "}