{"voice":"P3-1","diatonic":"4D;2D;5A; N 2D;5A;4D; N 5A;4D;2D; N 4D;2D;2D; N 2D;2D;6A; N 2D;6A;4D; N 6A;4D;2A; N 4D;2A;2A; N 2A;2A;2A; N 2A;2A;2A; N 2A;2A;2D; N 2A;2D;2A; N 2D;2A;2D; N 2A;2D;2D; N 2D;2D;3D; N 2D;3D;2A; N 3D;2A;2A; N 2A;2A;2A; N 2A;2A;2D; N 2A;2D;2D; N 2D;2D;2A; N 2D;2A;2D; N 2A;2D;2A; N 2D;2A;2D; N 2A;2D;2D; N 2D;2D;2A; N 2D;2A;2D; N 2A;2D;2A; N 2D;2A;2A; N 2A;2A;2A; N 2A;2A;2D; N 2A;2D;2A; N 2D;2A;3D; N 2A;3D;2D; N 3D;2D;2D; N 2D;2D;2A; N 2D;2A;5A; N 2A;5A;5D; N 5A;5D;4A; N 5D;4A;3D; N 4A;3D;2D; N 3D;2D;2D; N 2D;2D;2D; N 2D;2D;4A; N 2D;4A;2A; N 4A;2A;2A; N 2A;2A;5D; N 2A;5D;4A; N 5D;4A;3D; N ","ref":"all:composers:bach:bach:chorals:bwv245.5","melody":"5D;2D;7A; N 2D;7A;5D; N 7A;5D;2D; N 5D;2D;2D; N 2D;2D;9A; N 2D;9A;5D; N 9A;5D;1A; N 5D;1A;2A; N 1A;2A;1A; N 2A;1A;1A; N 1A;1A;1D; N 1A;1D;1A; N 1D;1A;1D; N 1A;1D;1D; N 1D;1D;3D; N 1D;3D;2A; N 3D;2A;2A; N 2A;2A;1A; N 2A;1A;2D; N 1A;2D;2D; N 2D;2D;1A; N 2D;1A;2D; N 1A;2D;2A; N 2D;2A;2D; N 2A;2D;1D; N 2D;1D;1A; N 1D;1A;1D; N 1A;1D;1A; N 1D;1A;2A; N 1A;2A;1A; N 2A;1A;1D; N 1A;1D;1A; N 1D;1A;3D; N 1A;3D;2D; N 3D;2D;2D; N 2D;2D;2A; N 2D;2A;7A; N 2A;7A;7D; N 7A;7D;5A; N 7D;5A;3D; N 5A;3D;2D; N 3D;2D;2D; N 2D;2D;1D; N 2D;1D;5A; N 1D;5A;1A; N 5A;1A;1A; N 1A;1A;7D; N 1A;7D;5A; N 7D;5A;3D; N ","notes":"(5D|1)(0D|1)(2D|1) N (0D|1)(2D|1)(7A|1) N (2D|1)(7A|1)(0D|1) N (7A|1)(0D|1)(5D|1\/2) N (0D|1)(5D|1\/2)(2D|1) N (5D|1\/2)(2D|1)(2D|2) N (2D|1)(2D|2)(9A|1) N (2D|2)(9A|1)(5D|1) N (9A|1)(5D|1)(1A|1) N (5D|1)(1A|1)(2A|3\/2) N (1A|1)(2A|3\/2)(1A|1\/3) N (2A|3\/2)(1A|1\/3)(1A|1) N (1A|1\/3)(1A|1)(1D|1) N (1A|1)(1D|1)(1A|2) N (1D|1)(1A|2)(1D|1) N (1A|2)(1D|1)(1D|1) N (1D|1)(1D|1)(0D|1\/2) N (1D|1)(0D|1\/2)(3D|1) N (0D|1\/2)(3D|1)(2A|1) N (3D|1)(2A|1)(2A|1) N (2A|1)(2A|1)(1A|1) N (2A|1)(1A|1)(2D|1) N (1A|1)(2D|1)(2D|2) N (2D|1)(2D|2)(1A|1) N (2D|2)(1A|1)(2D|1) N (1A|1)(2D|1)(0D|1) N (2D|1)(0D|1)(2A|1) N (0D|1)(2A|1)(0D|1\/2) N (2A|1)(0D|1\/2)(2D|1) N (0D|1\/2)(2D|1)(0D|1) N (2D|1)(0D|1)(1D|1) N (0D|1)(1D|1)(1A|3) N (1D|1)(1A|3)(1D|1\/3) N (1A|3)(1D|1\/3)(1A|2) N (1D|1\/3)(1A|2)(2A|1) N (1A|2)(2A|1)(1A|1) N (2A|1)(1A|1)(1D|1) N (1A|1)(1D|1)(1A|1\/2) N (1D|1)(1A|1\/2)(3D|1) N (1A|1\/2)(3D|1)(2D|1) N (3D|1)(2D|1)(2D|1) N (2D|1)(2D|1)(2A|2) N (2D|1)(2A|2)(7A|1) N (2A|2)(7A|1)(0D|1) N (7A|1)(0D|1)(7D|1\/2) N (0D|1)(7D|1\/2)(5A|1) N (7D|1\/2)(5A|1)(3D|2) N (5A|1)(3D|2)(0D|1) N (3D|2)(0D|1)(2D|1\/2) N (0D|1)(2D|1\/2)(2D|1) N (2D|1\/2)(2D|1)(1D|2) N (2D|1)(1D|2)(5A|1) N (1D|2)(5A|1)(1A|1) N (5A|1)(1A|1)(1A|1) N (1A|1)(1A|1)(7D|1\/2) N (1A|1)(7D|1\/2)(5A|1) N (7D|1\/2)(5A|1)(3D|2) N ","lyricist":"","composer":"","corpus_ref":"all:composers:bach:bach:chorals","id":"all:composers:bach:bach:chorals:bwv245.5:P3-1","title":"Vater unser im Himmelreich","rhythm":"(1)(1)(1) N (1)(1)(1) N (1)(1)(1) N (1)(1)(1\/2) N (1)(1\/2)(1) N (1\/2)(1)(2) N (1)(2)(1) N (2)(1)(1) N (1)(1)(1) N (1)(1)(3\/2) N (1)(3\/2)(1\/3) N (3\/2)(1\/3)(1) N (1\/3)(1)(1) N (1)(1)(2) N (1)(2)(1) N (2)(1)(1) N (1)(1)(1\/2) N (1)(1\/2)(1) N (1\/2)(1)(1) N (1)(1)(1) N (1)(1)(1) N (1)(1)(1) N (1)(1)(2) N (1)(2)(1) N (2)(1)(1) N (1)(1)(1) N (1)(1)(1) N (1)(1)(1\/2) N (1)(1\/2)(1) N (1\/2)(1)(1) N (1)(1)(1) N (1)(1)(3) N (1)(3)(1\/3) N (3)(1\/3)(2) N (1\/3)(2)(1) N (2)(1)(1) N (1)(1)(1) N (1)(1)(1\/2) N (1)(1\/2)(1) N (1\/2)(1)(1) N (1)(1)(1) N (1)(1)(2) N (1)(2)(1) N (2)(1)(1) N (1)(1)(1\/2) N (1)(1\/2)(1) N (1\/2)(1)(2) N (1)(2)(1) N (2)(1)(1\/2) N (1)(1\/2)(1) N (1\/2)(1)(2) N (1)(2)(1) N (2)(1)(1) N (1)(1)(1) N (1)(1)(1\/2) N (1)(1\/2)(1) N (1\/2)(1)(2) N "}