{"voice":"P7-1","diatonic":"2D;2A;4D; N 2A;4D;2D; N 4D;2D;2A; N 2D;2A;3D; N 2A;3D;2A; N 3D;2A;4A; N 2A;4A;5D; N 4A;5D;2A; N 5D;2A;3D; N 2A;3D;4D; N 3D;4D;2D; N 4D;2D;2D; N 2D;2D;2A; N 2D;2A;2D; N 2A;2D;2A; N 2D;2A;2A; N 2A;2A;2D; N 2A;2D;2D; N 2D;2D;2A; N 2D;2A;2D; N 2A;2D;6A; N 2D;6A;2A; N 6A;2A;2A; N 2A;2A;2D; N 2A;2D;4A; N 2D;4A;3A; N 4A;3A;2A; N 3A;2A;3A; N 2A;3A;5D; N 3A;5D;4A; N 5D;4A;3D; N 4A;3D;3D; N 3D;3D;2D; N 3D;2D;2D; N 2D;2D;2D; N 2D;2D;4A; N 2D;4A;2D; N 4A;2D;4A; N 2D;4A;2D; N 4A;2D;2A; N 2D;2A;4D; N 2A;4D;2D; N 4D;2D;2A; N 2D;2A;3D; N 2A;3D;2A; N 3D;2A;4A; N 2A;4A;5D; N 4A;5D;2A; N 5D;2A;3D; N 2A;3D;4D; N 3D;4D;2D; N 4D;2D;2D; N 2D;2D;2A; N 2D;2A;2D; N 2A;2D;2A; N 2D;2A;2A; N 2A;2A;2D; N 2A;2D;2D; N 2D;2D;2A; N 2D;2A;2D; N 2A;2D;6A; N 2D;6A;2A; N 6A;2A;2A; N 2A;2A;2D; N 2A;2D;4A; N 2D;4A;3A; N 4A;3A;2A; N 3A;2A;3A; N 2A;3A;5D; N 3A;5D;4A; N 5D;4A;3D; N 4A;3D;3D; N 3D;3D;2D; N 3D;2D;2D; N 2D;2D;2D; N 2D;2D;4A; N 2D;4A;2D; N 4A;2D;4A; N 2D;4A;3D; N 4A;3D;4A; N 3D;4A;4D; N 4A;4D;2D; N 4D;2D;2A; N 2D;2A;2A; N 2A;2A;3A; N 2A;3A;2D; N 3A;2D;2A; N 2D;2A;3D; N 2A;3D;3D; N 3D;3D;2D; N 3D;2D;2D; N 2D;2D;4A; N 2D;4A;2D; N 4A;2D;2D; N 2D;2D;2D; N 2D;2D;2D; N 2D;2D;2A; N 2D;2A;4A; N 2A;4A;2A; N 4A;2A;2D; N 2A;2D;2A; N 2D;2A;4D; N 2A;4D;2D; N 4D;2D;2D; N 2D;2D;3D; N 2D;3D;3D; N 3D;3D;2A; N 3D;2A;2D; N 2A;2D;2D; N 2D;2D;2D; N 2D;2D;2D; N 2D;2D;7A; N 2D;7A;2D; N 7A;2D;2A; N 2D;2A;2A; N 2A;2A;2D; N 2A;2D;2D; N 2D;2D;4A; N 2D;4A;5D; N 4A;5D;4D; N 5D;4D;2D; N 4D;2D;6A; N 2D;6A;5D; N 6A;5D;4A; N 5D;4A;2D; N 4A;2D;2D; N 2D;2D;6A; N 2D;6A;2D; N 6A;2D;2A; N 2D;2A;4D; N 2A;4D;2D; N 4D;2D;2A; N 2D;2A;3D; N 2A;3D;2A; N 3D;2A;4A; N 2A;4A;5D; N 4A;5D;2A; N ","ref":"all:composers:bach:bach:chorals:bwv248.42-4","melody":"1D;1A;5D; N 1A;5D;2D; N 5D;2D;2A; N 2D;2A;3D; N 2A;3D;12A; N 3D;12A;5A; N 12A;5A;7D; N 5A;7D;2A; N 7D;2A;4D; N 2A;4D;5D; N 4D;5D;2D; N 5D;2D;1D; N 2D;1D;1A; N 1D;1A;1D; N 1A;1D;1A; N 1D;1A;2A; N 1A;2A;2D; N 2A;2D;1D; N 2D;1D;1A; N 1D;1A;1D; N 1A;1D;8A; N 1D;8A;2A; N 8A;2A;2A; N 2A;2A;12D; N 2A;12D;5A; N 12D;5A;3A; N 5A;3A;2A; N 3A;2A;3A; N 2A;3A;6D; N 3A;6D;5A; N 6D;5A;4D; N 5A;4D;3D; N 4D;3D;2D; N 3D;2D;2D; N 2D;2D;1D; N 2D;1D;5A; N 1D;5A;2D; N 5A;2D;5A; N 2D;5A;1D; N 5A;1D;1A; N 1D;1A;5D; N 1A;5D;2D; N 5D;2D;2A; N 2D;2A;3D; N 2A;3D;12A; N 3D;12A;5A; N 12A;5A;7D; N 5A;7D;2A; N 7D;2A;4D; N 2A;4D;5D; N 4D;5D;2D; N 5D;2D;1D; N 2D;1D;1A; N 1D;1A;1D; N 1A;1D;1A; N 1D;1A;2A; N 1A;2A;2D; N 2A;2D;1D; N 2D;1D;1A; N 1D;1A;1D; N 1A;1D;8A; N 1D;8A;2A; N 8A;2A;2A; N 2A;2A;12D; N 2A;12D;5A; N 12D;5A;3A; N 5A;3A;2A; N 3A;2A;3A; N 2A;3A;6D; N 3A;6D;5A; N 6D;5A;4D; N 5A;4D;3D; N 4D;3D;2D; N 3D;2D;2D; N 2D;2D;1D; N 2D;1D;5A; N 1D;5A;2D; N 5A;2D;5A; N 2D;5A;3D; N 5A;3D;5A; N 3D;5A;5D; N 5A;5D;2D; N 5D;2D;2A; N 2D;2A;2A; N 2A;2A;3A; N 2A;3A;2D; N 3A;2D;2A; N 2D;2A;3D; N 2A;3D;4D; N 3D;4D;2D; N 4D;2D;1D; N 2D;1D;5A; N 1D;5A;2D; N 5A;2D;2D; N 2D;2D;1D; N 2D;1D;2D; N 1D;2D;2A; N 2D;2A;5A; N 2A;5A;12A; N 5A;12A;1D; N 12A;1D;1A; N 1D;1A;5D; N 1A;5D;2D; N 5D;2D;2D; N 2D;2D;3D; N 2D;3D;4D; N 3D;4D;12A; N 4D;12A;1D; N 12A;1D;2D; N 1D;2D;12D; N 2D;12D;2D; N 12D;2D;10A; N 2D;10A;1D; N 10A;1D;1A; N 1D;1A;2A; N 1A;2A;2D; N 2A;2D;1D; N 2D;1D;5A; N 1D;5A;7D; N 5A;7D;5D; N 7D;5D;2D; N 5D;2D;9A; N 2D;9A;7D; N 9A;7D;5A; N 7D;5A;2D; N 5A;2D;1D; N 2D;1D;8A; N 1D;8A;1D; N 8A;1D;1A; N 1D;1A;5D; N 1A;5D;2D; N 5D;2D;2A; N 2D;2A;3D; N 2A;3D;12A; N 3D;12A;5A; N 12A;5A;7D; N 5A;7D;2A; N ","notes":"(0D|1\/2)(4D|1\/2)(1D|1) N (4D|1\/2)(1D|1)(1A|2) N (1D|1)(1A|2)(0D|1) N (1A|2)(0D|1)(0D|1) N (0D|1)(0D|1)(5D|1) N (0D|1)(5D|1)(9A|1) N (5D|1)(9A|1)(9D|1\/2) N (9A|1)(9D|1\/2)(2D|1) N (9D|1\/2)(2D|1)(2A|2) N (2D|1)(2A|2)(0D|1) N (2A|2)(0D|1)(0D|1) N (0D|1)(0D|1)(3D|1) N (0D|1)(3D|1)(12A|2) N (3D|1)(12A|2)(0D|1\/2) N (12A|2)(0D|1\/2)(0D|1) N (0D|1\/2)(0D|1)(5A|2) N (0D|1)(5A|2)(5D|1) N (5A|2)(5D|1)(0D|1\/2) N (5D|1)(0D|1\/2)(2D|1) N (0D|1\/2)(2D|1)(2A|1) N (2D|1)(2A|1)(4D|1) N (2A|1)(4D|1)(5D|4) N (4D|1)(5D|4)(0D|3\/4) N (5D|4)(0D|3\/4)(2D|1\/3) N (0D|3\/4)(2D|1\/3)(1D|2) N (2D|1\/3)(1D|2)(1A|2) N (1D|2)(1A|2)(1D|1\/4) N (1A|2)(1D|1\/4)(1A|1\/2) N (1D|1\/4)(1A|1\/2)(2A|1) N (1A|1\/2)(2A|1)(0D|4) N (2A|1)(0D|4)(2D|1\/2) N (0D|4)(2D|1\/2)(1D|1) N (2D|1\/2)(1D|1)(1A|2) N (1D|1)(1A|2)(1D|1) N (1A|2)(1D|1)(12A|2) N (1D|1)(12A|2)(0D|1) N (12A|2)(0D|1)(0D|1\/4) N (0D|1)(0D|1\/4)(4D|1\/2) N (0D|1\/4)(4D|1\/2)(2A|1) N (4D|1\/2)(2A|1)(2A|2) N (2A|1)(2A|2)(12D|1) N (2A|2)(12D|1)(5A|1) N (12D|1)(5A|1)(3A|1) N (5A|1)(3A|1)(2A|1) N (3A|1)(2A|1)(3A|1) N (2A|1)(3A|1)(6D|2) N (3A|1)(6D|2)(5A|1) N (6D|2)(5A|1)(0D|1\/2) N (5A|1)(0D|1\/2)(4D|1) N (0D|1\/2)(4D|1)(3D|4) N (4D|1)(3D|4)(2D|1\/4) N (3D|4)(2D|1\/4)(2D|1) N (2D|1\/4)(2D|1)(1D|4) N (2D|1)(1D|4)(5A|1\/4) N (1D|4)(5A|1\/4)(2D|1) N (5A|1\/4)(2D|1)(0D|4) N (2D|1)(0D|4)(0D|1\/2) N (0D|4)(0D|1\/2)(9A|1\/2) N (0D|1\/2)(9A|1\/2)(9D|1\/2) N (9A|1\/2)(9D|1\/2)(0D|1) N (9D|1\/2)(0D|1)(0D|2) N (0D|1)(0D|2)(0D|1) N (0D|2)(0D|1)(0D|1) N (0D|1)(0D|1)(5A|1) N (0D|1)(5A|1)(4A|1) N (5A|1)(4A|1)(4D|1\/2) N (4A|1)(4D|1\/2)(1D|1) N (4D|1\/2)(1D|1)(1A|2) N (1D|1)(1A|2)(0D|1) N (1A|2)(0D|1)(0D|1) N (0D|1)(0D|1)(5D|1) N (0D|1)(5D|1)(9A|1) N (5D|1)(9A|1)(9D|1\/2) N (9A|1)(9D|1\/2)(2D|1) N (9D|1\/2)(2D|1)(2A|2) N (2D|1)(2A|2)(0D|1) N (2A|2)(0D|1)(0D|1) N (0D|1)(0D|1)(3D|1) N (0D|1)(3D|1)(12A|2) N (3D|1)(12A|2)(0D|1\/2) N (12A|2)(0D|1\/2)(0D|1) N (0D|1\/2)(0D|1)(5A|2) N (0D|1)(5A|2)(5D|1) N (5A|2)(5D|1)(0D|1\/2) N (5D|1)(0D|1\/2)(2D|1) N (0D|1\/2)(2D|1)(2A|1) N (2D|1)(2A|1)(4D|1) N (2A|1)(4D|1)(5D|4) N (4D|1)(5D|4)(0D|3\/4) N (5D|4)(0D|3\/4)(2D|1\/3) N (0D|3\/4)(2D|1\/3)(1D|2) N (2D|1\/3)(1D|2)(1A|2) N (1D|2)(1A|2)(1D|1\/4) N (1A|2)(1D|1\/4)(1A|1\/2) N (1D|1\/4)(1A|1\/2)(2A|1) N (1A|1\/2)(2A|1)(0D|4) N (2A|1)(0D|4)(2D|1\/2) N (0D|4)(2D|1\/2)(1D|1) N (2D|1\/2)(1D|1)(1A|2) N (1D|1)(1A|2)(1D|1) N (1A|2)(1D|1)(12A|2) N (1D|1)(12A|2)(0D|1) N (12A|2)(0D|1)(0D|1\/4) N (0D|1)(0D|1\/4)(4D|1\/2) N (0D|1\/4)(4D|1\/2)(2A|1) N (4D|1\/2)(2A|1)(2A|2) N (2A|1)(2A|2)(12D|1) N (2A|2)(12D|1)(5A|1) N (12D|1)(5A|1)(3A|1) N (5A|1)(3A|1)(2A|1) N (3A|1)(2A|1)(3A|1) N (2A|1)(3A|1)(6D|2) N (3A|1)(6D|2)(5A|1) N (6D|2)(5A|1)(0D|1\/2) N (5A|1)(0D|1\/2)(4D|1) N (0D|1\/2)(4D|1)(3D|4) N (4D|1)(3D|4)(2D|1\/4) N (3D|4)(2D|1\/4)(2D|1) N (2D|1\/4)(2D|1)(1D|4) N (2D|1)(1D|4)(5A|1\/4) N (1D|4)(5A|1\/4)(2D|1) N (5A|1\/4)(2D|1)(0D|4) N (2D|1)(0D|4)(0D|1\/2) N (0D|4)(0D|1\/2)(9A|1\/2) N (0D|1\/2)(9A|1\/2)(9D|1\/2) N (9A|1\/2)(9D|1\/2)(0D|1) N (9D|1\/2)(0D|1)(0D|2) N (0D|1)(0D|2)(0D|1) N (0D|2)(0D|1)(0D|1) N (0D|1)(0D|1)(5A|1) N (0D|1)(5A|1)(4A|1) N (5A|1)(4A|1)(7D|1\/2) N (4A|1)(7D|1\/2)(0D|1) N (7D|1\/2)(0D|1)(0D|2) N (0D|1)(0D|2)(0D|1) N (0D|2)(0D|1)(0D|1) N (0D|1)(0D|1)(5A|1) N (0D|1)(5A|1)(5D|1\/2) N (5A|1)(5D|1\/2)(2D|1) N (5D|1\/2)(2D|1)(2A|2) N (2D|1)(2A|2)(2A|1) N (2A|2)(2A|1)(0D|2) N (2A|1)(0D|2)(5A|1) N (0D|2)(5A|1)(0D|1) N (5A|1)(0D|1)(2D|1) N (0D|1)(2D|1)(2A|1) N (2D|1)(2A|1)(0D|1) N (2A|1)(0D|1)(2D|1\/2) N (0D|1)(2D|1\/2)(2D|1) N (2D|1\/2)(2D|1)(2A|2) N (2D|1)(2A|2)(3D|1) N (2A|2)(3D|1)(4D|2) N (3D|1)(4D|2)(2D|1\/2) N (4D|2)(2D|1\/2)(0D|1) N (2D|1\/2)(0D|1)(1D|1) N (0D|1)(1D|1)(5A|1\/2) N (1D|1)(5A|1\/2)(2D|1) N (5A|1\/2)(2D|1)(2D|2) N (2D|1)(2D|2)(1D|1\/2) N (2D|2)(1D|1\/2)(2D|1) N (1D|1\/2)(2D|1)(2A|2) N (2D|1)(2A|2)(5A|1) N (2A|2)(5A|1)(7A|1\/2) N (5A|1)(7A|1\/2)(5A|1\/2) N (7A|1\/2)(5A|1\/2)(1D|1) N (5A|1\/2)(1D|1)(1A|2) N (1D|1)(1A|2)(0D|1) N (1A|2)(0D|1)(0D|1) N (0D|1)(0D|1)(5D|1) N (0D|1)(5D|1)(0D|2) N (5D|1)(0D|2)(0D|1) N (0D|2)(0D|1)(0D|1\/2) N (0D|1)(0D|1\/2)(0D|1\/2) N (0D|1\/2)(0D|1\/2)(2D|1) N (0D|1\/2)(2D|1)(2D|2) N (2D|1)(2D|2)(3D|1) N (2D|2)(3D|1)(4D|1) N (3D|1)(4D|1)(12A|1\/2) N (4D|1)(12A|1\/2)(1D|1) N (12A|1\/2)(1D|1)(2D|2) N (1D|1)(2D|2)(12D|1) N (2D|2)(12D|1)(2D|1) N (12D|1)(2D|1)(10A|1\/2) N (2D|1)(10A|1\/2)(1D|1) N (10A|1\/2)(1D|1)(1A|2) N (1D|1)(1A|2)(2A|1\/2) N (1A|2)(2A|1\/2)(2D|1) N (2A|1\/2)(2D|1)(1D|4) N (2D|1)(1D|4)(5A|1) N (1D|4)(5A|1)(7D|1) N (5A|1)(7D|1)(0D|2) N (7D|1)(0D|2)(5D|1\/2) N (0D|2)(5D|1\/2)(2D|2) N (5D|1\/2)(2D|2)(9A|1\/2) N (2D|2)(9A|1\/2)(7D|1) N (9A|1\/2)(7D|1)(5A|1) N (7D|1)(5A|1)(2D|1) N (5A|1)(2D|1)(1D|1) N (2D|1)(1D|1)(12A|1\/2) N (1D|1)(12A|1\/2)(4D|1\/2) N (12A|1\/2)(4D|1\/2)(1D|1) N (4D|1\/2)(1D|1)(1A|2) N (1D|1)(1A|2)(0D|1) N (1A|2)(0D|1)(0D|1) N (0D|1)(0D|1)(5D|1) N (0D|1)(5D|1)(9A|1) N (5D|1)(9A|1)(9D|1\/2) N (9A|1)(9D|1\/2)(2D|1) N (9D|1\/2)(2D|1)(2A|2) N (2D|1)(2A|2)(0D|1) N (2A|2)(0D|1)(0D|1) N (0D|1)(0D|1)(3D|1) N (0D|1)(3D|1)(12A|2) N (3D|1)(12A|2)(0D|1\/2) N (12A|2)(0D|1\/2)(0D|1) N (0D|1\/2)(0D|1)(5A|2) N (0D|1)(5A|2)(5D|1) N (5A|2)(5D|1)(0D|1\/2) N (5D|1)(0D|1\/2)(2D|1) N (0D|1\/2)(2D|1)(2A|2) N (2D|1)(2A|2)(0D|1) N (2A|2)(0D|1)(0D|1) N ","lyricist":"","composer":"","corpus_ref":"all:composers:bach:bach:chorals","id":"all:composers:bach:bach:chorals:bwv248.42-4:P7-1","title":"score.xml","rhythm":"(-1)(1\/2)(1) N (1\/2)(1)(2) N (1)(2)(1) N (2)(1)(1) N (1)(1)(1) N (1)(1)(-1) N (1)(-1)(1\/2) N (-1)(1\/2)(1) N (1\/2)(1)(2) N (1)(2)(1) N (2)(1)(1) N (1)(1)(1) N (1)(1)(-1) N (1)(-1)(-1) N (-1)(-1)(1) N (-1)(1)(2) N (1)(2)(-1) N (2)(-1)(-1) N (-1)(-1)(1) N (-1)(1)(1) N (1)(1)(1) N (1)(1)(4) N (1)(4)(3\/4) N (4)(3\/4)(1\/3) N (3\/4)(1\/3)(2) N (1\/3)(2)(2) N (2)(2)(1\/4) N (2)(1\/4)(1\/2) N (1\/4)(1\/2)(1) N (1\/2)(1)(4) N (1)(4)(1\/2) N (4)(1\/2)(1) N (1\/2)(1)(2) N (1)(2)(1) N (2)(1)(-1) N (1)(-1)(-1) N (-1)(-1)(-1) N (-1)(-1)(1\/2) N (-1)(1\/2)(1) N (1\/2)(1)(2) N (1)(2)(1) N (2)(1)(1) N (1)(1)(1) N (1)(1)(1) N (1)(1)(1) N (1)(1)(2) N (1)(2)(1) N (2)(1)(1\/2) N (1)(1\/2)(1) N (1\/2)(1)(4) N (1)(4)(1\/4) N (4)(1\/4)(1) N (1\/4)(1)(4) N (1)(4)(1\/4) N (4)(1\/4)(1) N (1\/4)(1)(4) N (1)(4)(1\/2) N (4)(1\/2)(-1) N (1\/2)(-1)(1\/2) N (-1)(1\/2)(1) N (1\/2)(1)(2) N (1)(2)(1) N (2)(1)(1) N (1)(1)(1) N (1)(1)(-1) N (1)(-1)(1\/2) N (-1)(1\/2)(1) N (1\/2)(1)(2) N (1)(2)(1) N (2)(1)(1) N (1)(1)(1) N (1)(1)(-1) N (1)(-1)(1\/2) N (-1)(1\/2)(1) N (1\/2)(1)(2) N (1)(2)(1) N (2)(1)(1) N (1)(1)(1) N (1)(1)(-1) N (1)(-1)(-1) N (-1)(-1)(1) N (-1)(1)(2) N (1)(2)(-1) N (2)(-1)(-1) N (-1)(-1)(1) N (-1)(1)(1) N (1)(1)(1) N (1)(1)(4) N (1)(4)(3\/4) N (4)(3\/4)(1\/3) N (3\/4)(1\/3)(2) N (1\/3)(2)(2) N (2)(2)(1\/4) N (2)(1\/4)(1\/2) N (1\/4)(1\/2)(1) N (1\/2)(1)(4) N (1)(4)(1\/2) N (4)(1\/2)(1) N (1\/2)(1)(2) N (1)(2)(1) N (2)(1)(-1) N (1)(-1)(-1) N (-1)(-1)(-1) N (-1)(-1)(1\/2) N (-1)(1\/2)(1) N (1\/2)(1)(2) N (1)(2)(1) N (2)(1)(1) N (1)(1)(1) N (1)(1)(1) N (1)(1)(1) N (1)(1)(2) N (1)(2)(1) N (2)(1)(1\/2) N (1)(1\/2)(1) N (1\/2)(1)(4) N (1)(4)(1\/4) N (4)(1\/4)(1) N (1\/4)(1)(4) N (1)(4)(1\/4) N (4)(1\/4)(1) N (1\/4)(1)(4) N (1)(4)(1\/2) N (4)(1\/2)(-1) N (1\/2)(-1)(1\/2) N (-1)(1\/2)(1) N (1\/2)(1)(2) N (1)(2)(1) N (2)(1)(1) N (1)(1)(1) N (1)(1)(-1) N (1)(-1)(1\/2) N (-1)(1\/2)(1) N (1\/2)(1)(2) N (1)(2)(1) N (2)(1)(1) N (1)(1)(1) N (1)(1)(1\/2) N (1)(1\/2)(1) N (1\/2)(1)(2) N (1)(2)(1) N (2)(1)(2) N (1)(2)(-1) N (2)(-1)(-1) N (-1)(-1)(1) N (-1)(1)(-1) N (1)(-1)(-1) N (-1)(-1)(1\/2) N (-1)(1\/2)(1) N (1\/2)(1)(2) N (1)(2)(1) N (2)(1)(2) N (1)(2)(1\/2) N (2)(1\/2)(1) N (1\/2)(1)(1) N (1)(1)(1\/2) N (1)(1\/2)(1) N (1\/2)(1)(2) N (1)(2)(1\/2) N (2)(1\/2)(1) N (1\/2)(1)(2) N (1)(2)(1) N (2)(1)(-1) N (1)(-1)(1\/2) N (-1)(1\/2)(1) N (1\/2)(1)(2) N (1)(2)(1) N (2)(1)(1) N (1)(1)(1) N (1)(1)(-1) N (1)(-1)(-1) N (-1)(-1)(-1) N (-1)(-1)(1\/2) N (-1)(1\/2)(1) N (1\/2)(1)(2) N (1)(2)(1) N (2)(1)(1) N (1)(1)(1\/2) N (1)(1\/2)(1) N (1\/2)(1)(2) N (1)(2)(1) N (2)(1)(1) N (1)(1)(1\/2) N (1)(1\/2)(1) N (1\/2)(1)(2) N (1)(2)(1\/2) N (2)(1\/2)(1) N (1\/2)(1)(4) N (1)(4)(1) N (4)(1)(1) N (1)(1)(2) N (1)(2)(1\/2) N (2)(1\/2)(2) N (1\/2)(2)(1\/2) N (2)(1\/2)(1) N (1\/2)(1)(1) N (1)(1)(1) N (1)(1)(1) N (1)(1)(-1) N (1)(-1)(1\/2) N (-1)(1\/2)(1) N (1\/2)(1)(2) N (1)(2)(1) N (2)(1)(1) N (1)(1)(1) N (1)(1)(-1) N (1)(-1)(1\/2) N (-1)(1\/2)(1) N (1\/2)(1)(2) N (1)(2)(1) N (2)(1)(1) N (1)(1)(1) N (1)(1)(-1) N (1)(-1)(-1) N (-1)(-1)(1) N (-1)(1)(2) N (1)(2)(-1) N (2)(-1)(-1) N (-1)(-1)(1) N (-1)(1)(2) N (1)(2)(-1) N (2)(-1)(-1) N "}