{"voice":"P2-1","diatonic":"2D;2A;4D; N 2A;4D;2A; N 4D;2A;2A; N 2A;2A;2A; N 2A;2A;2D; N 2A;2D;2A; N 2D;2A;2D; N 2A;2D;2A; N 2D;2A;2D; N 2A;2D;2A; N 2D;2A;2D; N 2A;2D;3D; N 2D;3D;3A; N 3D;3A;2A; N 3A;2A;2D; N 2A;2D;2D; N 2D;2D;2D; N 2D;2D;3A; N 2D;3A;4A; N 3A;4A;2D; N 4A;2D;2D; N 2D;2D;2D; N 2D;2D;2A; N 2D;2A;2D; N 2A;2D;2D; N 2D;2D;2D; N 2D;2D;3A; N 2D;3A;2D; N 3A;2D;2A; N 2D;2A;2A; N 2A;2A;2A; N 2A;2A;3D; N 2A;3D;2A; N 3D;2A;2A; N 2A;2A;2A; N 2A;2A;4D; N 2A;4D;3A; N 4D;3A;5D; N 3A;5D;4A; N 5D;4A;2D; N 4A;2D;2D; N 2D;2D;2D; N 2D;2D;4A; N 2D;4A;2D; N 4A;2D;2A; N 2D;2A;2D; N 2A;2D;3D; N ","ref":"all:composers:bach:bach:chorals:bwv435","melody":"1D;1A;5D; N 1A;5D;2A; N 5D;2A;2A; N 2A;2A;1A; N 2A;1A;1D; N 1A;1D;1A; N 1D;1A;1D; N 1A;1D;1A; N 1D;1A;1D; N 1A;1D;1A; N 1D;1A;1D; N 1A;1D;4D; N 1D;4D;4A; N 4D;4A;1A; N 4A;1A;2D; N 1A;2D;2D; N 2D;2D;1D; N 2D;1D;3A; N 1D;3A;5A; N 3A;5A;1D; N 5A;1D;2D; N 1D;2D;2D; N 2D;2D;2A; N 2D;2A;2D; N 2A;2D;2D; N 2D;2D;1D; N 2D;1D;3A; N 1D;3A;1D; N 3A;1D;1A; N 1D;1A;2A; N 1A;2A;2A; N 2A;2A;4D; N 2A;4D;2A; N 4D;2A;2A; N 2A;2A;1A; N 2A;1A;5D; N 1A;5D;4A; N 5D;4A;7D; N 4A;7D;5A; N 7D;5A;2D; N 5A;2D;2D; N 2D;2D;1D; N 2D;1D;5A; N 1D;5A;1D; N 5A;1D;1A; N 1D;1A;1D; N 1A;1D;4D; N ","notes":"(1D|1)(1A|1)(5D|1) N (1A|1)(5D|1)(2A|1) N (5D|1)(2A|1)(2A|1) N (2A|1)(2A|1)(1A|1) N (2A|1)(1A|1)(1D|1) N (1A|1)(1D|1)(1A|2) N (1D|1)(1A|2)(0D|1\/2) N (1A|2)(0D|1\/2)(1D|1) N (0D|1\/2)(1D|1)(1A|2) N (1D|1)(1A|2)(0D|1\/2) N (1A|2)(0D|1\/2)(1D|1) N (0D|1\/2)(1D|1)(1A|2) N (1D|1)(1A|2)(0D|1) N (1A|2)(0D|1)(1D|1) N (0D|1)(1D|1)(4D|1) N (1D|1)(4D|1)(4A|1) N (4D|1)(4A|1)(1A|1) N (4A|1)(1A|1)(2D|1\/2) N (1A|1)(2D|1\/2)(2D|1) N (2D|1\/2)(2D|1)(1D|1) N (2D|1)(1D|1)(3A|1) N (1D|1)(3A|1)(5A|2) N (3A|1)(5A|2)(1D|1) N (5A|2)(1D|1)(2D|1) N (1D|1)(2D|1)(2D|1) N (2D|1)(2D|1)(0D|1) N (2D|1)(0D|1)(2A|1) N (0D|1)(2A|1)(2D|1\/2) N (2A|1)(2D|1\/2)(2D|1) N (2D|1\/2)(2D|1)(1D|2) N (2D|1)(1D|2)(3A|1) N (1D|2)(3A|1)(0D|1\/2) N (3A|1)(0D|1\/2)(1D|1) N (0D|1\/2)(1D|1)(1A|1) N (1D|1)(1A|1)(2A|1) N (1A|1)(2A|1)(2A|2) N (2A|1)(2A|2)(4D|1) N (2A|2)(4D|1)(0D|1\/2) N (4D|1)(0D|1\/2)(2A|1) N (0D|1\/2)(2A|1)(2A|2) N (2A|1)(2A|2)(1A|1) N (2A|2)(1A|1)(5D|1) N (1A|1)(5D|1)(0D|1) N (5D|1)(0D|1)(4A|1) N (0D|1)(4A|1)(7D|1\/2) N (4A|1)(7D|1\/2)(5A|1) N (7D|1\/2)(5A|1)(2D|1) N (5A|1)(2D|1)(2D|1) N (2D|1)(2D|1)(1D|2) N (2D|1)(1D|2)(5A|1) N (1D|2)(5A|1)(0D|1\/2) N (5A|1)(0D|1\/2)(1D|1) N (0D|1\/2)(1D|1)(1A|2) N (1D|1)(1A|2)(0D|1) N (1A|2)(0D|1)(1D|1) N (0D|1)(1D|1)(4D|1) N ","lyricist":"","composer":"","corpus_ref":"all:composers:bach:bach:chorals","id":"all:composers:bach:bach:chorals:bwv435:P2-1","title":"Wie bist du, Seele, in mir so gar betrübt","rhythm":"(1)(1)(1) N (1)(1)(1) N (1)(1)(1) N (1)(1)(1) N (1)(1)(1) N (1)(1)(2) N (1)(2)(1\/2) N (2)(1\/2)(1) N (1\/2)(1)(2) N (1)(2)(1\/2) N (2)(1\/2)(1) N (1\/2)(1)(2) N (1)(2)(1) N (2)(1)(1) N (1)(1)(1) N (1)(1)(1) N (1)(1)(1) N (1)(1)(1\/2) N (1)(1\/2)(1) N (1\/2)(1)(1) N (1)(1)(1) N (1)(1)(2) N (1)(2)(1) N (2)(1)(1) N (1)(1)(1) N (1)(1)(1) N (1)(1)(1) N (1)(1)(1\/2) N (1)(1\/2)(1) N (1\/2)(1)(2) N (1)(2)(1) N (2)(1)(1\/2) N (1)(1\/2)(1) N (1\/2)(1)(1) N (1)(1)(1) N (1)(1)(2) N (1)(2)(1) N (2)(1)(1\/2) N (1)(1\/2)(1) N (1\/2)(1)(2) N (1)(2)(1) N (2)(1)(1) N (1)(1)(1) N (1)(1)(1) N (1)(1)(1\/2) N (1)(1\/2)(1) N (1\/2)(1)(1) N (1)(1)(1) N (1)(1)(2) N (1)(2)(1) N (2)(1)(1\/2) N (1)(1\/2)(1) N (1\/2)(1)(2) N (1)(2)(1) N (2)(1)(1) N (1)(1)(1) N "}