{"voice":"P3-1","diatonic":"3A;4A;4D; N 4A;4D;2D; N 4D;2D;3A; N 2D;3A;2D; N 3A;2D;2D; N 2D;2D;2D; N 2D;2D;6A; N 2D;6A;5D; N 6A;5D;2A; N 5D;2A;2A; N 2A;2A;2D; N 2A;2D;2D; N 2D;2D;3D; N 2D;3D;2A; N 3D;2A;2D; N 2A;2D;2A; N 2D;2A;2A; N 2A;2A;2A; N 2A;2A;2D; N 2A;2D;2A; N 2D;2A;3D; N 2A;3D;2A; N 3D;2A;5A; N 2A;5A;2A; N 5A;2A;4D; N 2A;4D;4A; N 4D;4A;2D; N 4A;2D;2D; N 2D;2D;2D; N 2D;2D;3A; N 2D;3A;2D; N 3A;2D;2D; N 2D;2D;3A; N 2D;3A;4D; N 3A;4D;2D; N 4D;2D;2D; N ","ref":"all:composers:bach:bach:chorals:bwv398","melody":"3A;5A;5D; N 5A;5D;2D; N 5D;2D;4A; N 2D;4A;2D; N 4A;2D;2D; N 2D;2D;1D; N 2D;1D;8A; N 1D;8A;7D; N 8A;7D;2A; N 7D;2A;2A; N 2A;2A;2D; N 2A;2D;1D; N 2D;1D;4D; N 1D;4D;2A; N 4D;2A;2D; N 2A;2D;2A; N 2D;2A;1A; N 2A;1A;2A; N 1A;2A;2D; N 2A;2D;2A; N 2D;2A;3D; N 2A;3D;1A; N 3D;1A;7A; N 1A;7A;2A; N 7A;2A;5D; N 2A;5D;5A; N 5D;5A;2D; N 5A;2D;1D; N 2D;1D;2D; N 1D;2D;3A; N 2D;3A;1D; N 3A;1D;2D; N 1D;2D;3A; N 2D;3A;5D; N 3A;5D;2D; N 5D;2D;1D; N ","notes":"(3A|1)(0D|1)(5A|1) N (0D|1)(5A|1)(5D|1) N (5A|1)(5D|1)(2D|2) N (5D|1)(2D|2)(14A|1\/2) N (2D|2)(14A|1\/2)(10D|1) N (14A|1\/2)(10D|1)(2D|1) N (10D|1)(2D|1)(0D|1) N (2D|1)(0D|1)(0D|1) N (0D|1)(0D|1)(0D|1) N (0D|1)(0D|1)(0D|3\/2) N (0D|1)(0D|3\/2)(2D|1\/3) N (0D|3\/2)(2D|1\/3)(1D|2) N (2D|1\/3)(1D|2)(8A|1) N (1D|2)(8A|1)(0D|1) N (8A|1)(0D|1)(7D|1) N (0D|1)(7D|1)(2A|1) N (7D|1)(2A|1)(0D|1) N (2A|1)(0D|1)(0D|2) N (0D|1)(0D|2)(12A|1\/2) N (0D|2)(12A|1\/2)(12D|1) N (12A|1\/2)(12D|1)(0D|1) N (12D|1)(0D|1)(2A|1) N (0D|1)(2A|1)(2D|1) N (2A|1)(2D|1)(0D|1) N (2D|1)(0D|1)(0D|1) N (0D|1)(0D|1)(1D|1) N (0D|1)(1D|1)(4D|1) N (1D|1)(4D|1)(0D|1) N (4D|1)(0D|1)(2A|1\/2) N (0D|1)(2A|1\/2)(2D|1) N (2A|1\/2)(2D|1)(2A|1) N (2D|1)(2A|1)(1A|1) N (2A|1)(1A|1)(2A|1) N (1A|1)(2A|1)(2D|1) N (2A|1)(2D|1)(2A|1) N (2D|1)(2A|1)(3D|1) N (2A|1)(3D|1)(1A|4) N (3D|1)(1A|4)(14A|1\/2) N (1A|4)(14A|1\/2)(7D|1) N (14A|1\/2)(7D|1)(2A|1) N (7D|1)(2A|1)(0D|1) N (2A|1)(0D|1)(5D|1) N (0D|1)(5D|1)(5A|1) N (5D|1)(5A|1)(0D|2) N (5A|1)(0D|2)(5A|1\/2) N (0D|2)(5A|1\/2)(7D|1) N (5A|1\/2)(7D|1)(0D|1) N (7D|1)(0D|1)(0D|1) N (0D|1)(0D|1)(0D|1) N (0D|1)(0D|1)(1D|1) N (0D|1)(1D|1)(2D|2) N (1D|1)(2D|2)(10A|1\/2) N (2D|2)(10A|1\/2)(7D|1\/2) N (10A|1\/2)(7D|1\/2)(1D|1) N (7D|1\/2)(1D|1)(2D|2) N (1D|1)(2D|2)(0D|1\/2) N (2D|2)(0D|1\/2)(3A|1) N (0D|1\/2)(3A|1)(5D|3) N (3A|1)(5D|3)(2D|1\/3) N (5D|3)(2D|1\/3)(1D|6) N ","lyricist":"","composer":"","corpus_ref":"all:composers:bach:bach:chorals","id":"all:composers:bach:bach:chorals:bwv398:P3-1","title":"Die Wollust dieser Welt","rhythm":"(1)(1)(1) N (1)(1)(1) N (1)(1)(2) N (1)(2)(-1) N (2)(-1)(1) N (-1)(1)(1) N (1)(1)(1) N (1)(1)(1) N (1)(1)(1) N (1)(1)(3\/2) N (1)(3\/2)(1\/3) N (3\/2)(1\/3)(2) N (1\/3)(2)(1) N (2)(1)(1) N (1)(1)(1) N (1)(1)(1) N (1)(1)(1) N (1)(1)(2) N (1)(2)(-1) N (2)(-1)(1) N (-1)(1)(1) N (1)(1)(1) N (1)(1)(1) N (1)(1)(1) N (1)(1)(1) N (1)(1)(1) N (1)(1)(1) N (1)(1)(1) N (1)(1)(1\/2) N (1)(1\/2)(1) N (1\/2)(1)(1) N (1)(1)(1) N (1)(1)(1) N (1)(1)(1) N (1)(1)(1) N (1)(1)(1) N (1)(1)(4) N (1)(4)(-1) N (4)(-1)(1) N (-1)(1)(1) N (1)(1)(1) N (1)(1)(1) N (1)(1)(1) N (1)(1)(2) N (1)(2)(-1) N (2)(-1)(1) N (-1)(1)(1) N (1)(1)(1) N (1)(1)(1) N (1)(1)(1) N (1)(1)(2) N (1)(2)(-1) N (2)(-1)(1\/2) N (-1)(1\/2)(1) N (1\/2)(1)(2) N (1)(2)(1\/2) N (2)(1\/2)(1) N (1\/2)(1)(3) N (1)(3)(1\/3) N (3)(1\/3)(6) N "}