{"voice":"P1-1","diatonic":"5A;3D;2D; N 3D;2D;2D; N 2D;2D;2D; N 2D;2D;2A; N 2D;2A;2D; N 2A;2D;2D; N 2D;2D;2D; N 2D;2D;4A; N 2D;4A;2A; N 4A;2A;2A; N 2A;2A;2A; N 2A;2A;3D; N 2A;3D;2D; N 3D;2D;5A; N 2D;5A;3D; N 5A;3D;2D; N 3D;2D;2D; N 2D;2D;2D; N 2D;2D;2A; N 2D;2A;2D; N 2A;2D;2D; N 2D;2D;2D; N 2D;2D;4A; N 2D;4A;2A; N 4A;2A;2A; N 2A;2A;2A; N 2A;2A;3D; N 2A;3D;2D; N 3D;2D;5A; N 2D;5A;2D; N 5A;2D;2D; N 2D;2D;2D; N 2D;2D;2D; N 2D;2D;6A; N 2D;6A;4D; N 6A;4D;2A; N 4D;2A;2A; N 2A;2A;2A; N 2A;2A;2D; N 2A;2D;2D; N 2D;2D;2D; N 2D;2D;2D; N 2D;2D;5D; N 2D;5D;2A; N 5D;2A;2A; N 2A;2A;2A; N 2A;2A;2A; N 2A;2A;2A; N 2A;2A;2A; N 2A;2A;3D; N 2A;3D;2D; N ","ref":"all:composers:bach:bach:chorals:bwv57.8","melody":"7A;3D;2D; N 3D;2D;2D; N 2D;2D;1D; N 2D;1D;1A; N 1D;1A;1D; N 1A;1D;2D; N 1D;2D;2D; N 2D;2D;5A; N 2D;5A;2A; N 5A;2A;2A; N 2A;2A;1A; N 2A;1A;3D; N 1A;3D;2D; N 3D;2D;7A; N 2D;7A;3D; N 7A;3D;2D; N 3D;2D;2D; N 2D;2D;1D; N 2D;1D;1A; N 1D;1A;1D; N 1A;1D;2D; N 1D;2D;2D; N 2D;2D;5A; N 2D;5A;2A; N 5A;2A;2A; N 2A;2A;1A; N 2A;1A;3D; N 1A;3D;2D; N 3D;2D;7A; N 2D;7A;2D; N 7A;2D;1D; N 2D;1D;2D; N 1D;2D;2D; N 2D;2D;9A; N 2D;9A;5D; N 9A;5D;1A; N 5D;1A;2A; N 1A;2A;2A; N 2A;2A;2D; N 2A;2D;2D; N 2D;2D;1D; N 2D;1D;2D; N 1D;2D;7D; N 2D;7D;2A; N 7D;2A;2A; N 2A;2A;1A; N 2A;1A;2A; N 1A;2A;2A; N 2A;2A;1A; N 2A;1A;3D; N 1A;3D;2D; N ","notes":"(0D|1)(7A|1)(3D|3\/2) N (7A|1)(3D|3\/2)(2D|1\/3) N (3D|3\/2)(2D|1\/3)(2D|2) N (2D|1\/3)(2D|2)(1D|1) N (2D|2)(1D|1)(1A|1\/2) N (1D|1)(1A|1\/2)(1D|1) N (1A|1\/2)(1D|1)(2D|1) N (1D|1)(2D|1)(2D|1) N (2D|1)(2D|1)(5A|2) N (2D|1)(5A|2)(2A|1) N (5A|2)(2A|1)(2A|1\/2) N (2A|1)(2A|1\/2)(1A|1) N (2A|1\/2)(1A|1)(3D|4) N (1A|1)(3D|4)(2D|1\/2) N (3D|4)(2D|1\/2)(0D|1) N (2D|1\/2)(0D|1)(0D|1) N (0D|1)(0D|1)(7A|1) N (0D|1)(7A|1)(3D|3\/2) N (7A|1)(3D|3\/2)(2D|1\/3) N (3D|3\/2)(2D|1\/3)(2D|2) N (2D|1\/3)(2D|2)(1D|1) N (2D|2)(1D|1)(1A|1\/2) N (1D|1)(1A|1\/2)(1D|1) N (1A|1\/2)(1D|1)(2D|1) N (1D|1)(2D|1)(2D|1) N (2D|1)(2D|1)(5A|2) N (2D|1)(5A|2)(2A|1) N (5A|2)(2A|1)(2A|1\/2) N (2A|1)(2A|1\/2)(1A|1) N (2A|1\/2)(1A|1)(3D|4) N (1A|1)(3D|4)(2D|1\/2) N (3D|4)(2D|1\/2)(7A|1) N (2D|1\/2)(7A|1)(2D|1\/2) N (7A|1)(2D|1\/2)(1D|1) N (2D|1\/2)(1D|1)(2D|1) N (1D|1)(2D|1)(2D|1) N (2D|1)(2D|1)(9A|4) N (2D|1)(9A|4)(10D|1\/2) N (9A|4)(10D|1\/2)(5A|1) N (10D|1\/2)(5A|1)(1A|1) N (5A|1)(1A|1)(2A|1) N (1A|1)(2A|1)(0D|1) N (2A|1)(0D|1)(2A|1\/2) N (0D|1)(2A|1\/2)(2D|1) N (2A|1\/2)(2D|1)(2D|1) N (2D|1)(2D|1)(1D|1) N (2D|1)(1D|1)(2D|4) N (1D|1)(2D|4)(3D|1\/2) N (2D|4)(3D|1\/2)(4D|1) N (3D|1\/2)(4D|1)(2A|1) N (4D|1)(2A|1)(2A|1) N (2A|1)(2A|1)(1A|1) N (2A|1)(1A|1)(2A|1) N (1A|1)(2A|1)(2A|1\/2) N (2A|1)(2A|1\/2)(1A|1) N (2A|1\/2)(1A|1)(3D|4) N (1A|1)(3D|4)(2D|1\/2) N ","lyricist":"","composer":"","corpus_ref":"all:composers:bach:bach:chorals","id":"all:composers:bach:bach:chorals:bwv57.8:P1-1","title":"Hast du denn, Liebster, dein Angesicht gänzlich verborgen","rhythm":"(1)(1)(3\/2) N (1)(3\/2)(1\/3) N (3\/2)(1\/3)(2) N (1\/3)(2)(1) N (2)(1)(1\/2) N (1)(1\/2)(1) N (1\/2)(1)(1) N (1)(1)(1) N (1)(1)(2) N (1)(2)(1) N (2)(1)(1\/2) N (1)(1\/2)(1) N (1\/2)(1)(4) N (1)(4)(1\/2) N (4)(1\/2)(1) N (1\/2)(1)(1) N (1)(1)(1) N (1)(1)(3\/2) N (1)(3\/2)(1\/3) N (3\/2)(1\/3)(2) N (1\/3)(2)(1) N (2)(1)(1\/2) N (1)(1\/2)(1) N (1\/2)(1)(1) N (1)(1)(1) N (1)(1)(2) N (1)(2)(1) N (2)(1)(1\/2) N (1)(1\/2)(1) N (1\/2)(1)(4) N (1)(4)(1\/2) N (4)(1\/2)(1) N (1\/2)(1)(1\/2) N (1)(1\/2)(1) N (1\/2)(1)(1) N (1)(1)(1) N (1)(1)(4) N (1)(4)(-1) N (4)(-1)(1) N (-1)(1)(1) N (1)(1)(1) N (1)(1)(1) N (1)(1)(1\/2) N (1)(1\/2)(1) N (1\/2)(1)(1) N (1)(1)(1) N (1)(1)(4) N (1)(4)(-1) N (4)(-1)(1) N (-1)(1)(1) N (1)(1)(1) N (1)(1)(1) N (1)(1)(1) N (1)(1)(1\/2) N (1)(1\/2)(1) N (1\/2)(1)(4) N (1)(4)(1\/2) N "}