{"voice":"P3-1","diatonic":"2D;2D;2D; N 2D;2D;2A; N 2D;2A;2D; N 2A;2D;2D; N 2D;2D;2A; N 2D;2A;2A; N 2A;2A;2A; N 2A;2A;2A; N 2A;2A;2D; N 2A;2D;2D; N 2D;2D;2D; N 2D;2D;3D; N 2D;3D;6A; N 3D;6A;2D; N 6A;2D;2D; N 2D;2D;2D; N 2D;2D;2A; N 2D;2A;2D; N 2A;2D;2D; N 2D;2D;2A; N 2D;2A;2A; N 2A;2A;2A; N 2A;2A;2A; N 2A;2A;2D; N 2A;2D;2D; N 2D;2D;2D; N 2D;2D;3D; N 2D;3D;6A; N 3D;6A;2A; N 6A;2A;2D; N 2A;2D;2D; N 2D;2D;2D; N 2D;2D;2D; N 2D;2D;2A; N 2D;2A;2D; N 2A;2D;2D; N 2D;2D;5A; N 2D;5A;2D; N 5A;2D;2D; N 2D;2D;2D; N 2D;2D;2A; N 2D;2A;3D; N 2A;3D;2A; N 3D;2A;2D; N 2A;2D;2D; N 2D;2D;3D; N 2D;3D;2A; N 3D;2A;2A; N 2A;2A;3D; N 2A;3D;2A; N 3D;2A;2A; N 2A;2A;2A; N 2A;2A;2D; N 2A;2D;5D; N 2D;5D;4A; N 5D;4A;3D; N 4A;3D;2D; N 3D;2D;2D; N 2D;2D;3D; N ","ref":"all:composers:bach:bach:chorals:bwv339","melody":"2D;2D;1D; N 2D;1D;1A; N 1D;1A;1D; N 1A;1D;2D; N 1D;2D;2A; N 2D;2A;1A; N 2A;1A;2A; N 1A;2A;2A; N 2A;2A;2D; N 2A;2D;2D; N 2D;2D;1D; N 2D;1D;4D; N 1D;4D;9A; N 4D;9A;2D; N 9A;2D;2D; N 2D;2D;1D; N 2D;1D;1A; N 1D;1A;1D; N 1A;1D;2D; N 1D;2D;2A; N 2D;2A;1A; N 2A;1A;2A; N 1A;2A;2A; N 2A;2A;2D; N 2A;2D;2D; N 2D;2D;1D; N 2D;1D;4D; N 1D;4D;9A; N 4D;9A;1A; N 9A;1A;1D; N 1A;1D;2D; N 1D;2D;2D; N 2D;2D;1D; N 2D;1D;1A; N 1D;1A;1D; N 1A;1D;2D; N 1D;2D;7A; N 2D;7A;2D; N 7A;2D;2D; N 2D;2D;1D; N 2D;1D;1A; N 1D;1A;3D; N 1A;3D;2A; N 3D;2A;1D; N 2A;1D;1D; N 1D;1D;4D; N 1D;4D;12A; N 4D;12A;2A; N 12A;2A;3D; N 2A;3D;1A; N 3D;1A;2A; N 1A;2A;2A; N 2A;2A;2D; N 2A;2D;7D; N 2D;7D;5A; N 7D;5A;3D; N 5A;3D;2D; N 3D;2D;1D; N 2D;1D;4D; N ","notes":"(8D|1)(2D|1)(2D|1) N (2D|1)(2D|1)(0D|1) N (2D|1)(0D|1)(1D|1) N (0D|1)(1D|1)(1A|1) N (1D|1)(1A|1)(1D|1\/2) N (1A|1)(1D|1\/2)(2D|1) N (1D|1\/2)(2D|1)(2A|4) N (2D|1)(2A|4)(13A|1\/2) N (2A|4)(13A|1\/2)(12D|1) N (13A|1\/2)(12D|1)(0D|1) N (12D|1)(0D|1)(2A|1) N (0D|1)(2A|1)(2A|1) N (2A|1)(2A|1)(2D|1\/2) N (2A|1)(2D|1\/2)(2D|1) N (2D|1\/2)(2D|1)(0D|2) N (2D|1)(0D|2)(1D|1) N (0D|2)(1D|1)(4D|2) N (1D|1)(4D|2)(17A|1\/2) N (4D|2)(17A|1\/2)(8D|1) N (17A|1\/2)(8D|1)(2D|1) N (8D|1)(2D|1)(2D|1) N (2D|1)(2D|1)(0D|1) N (2D|1)(0D|1)(1D|1) N (0D|1)(1D|1)(1A|1) N (1D|1)(1A|1)(1D|1\/2) N (1A|1)(1D|1\/2)(2D|1) N (1D|1\/2)(2D|1)(2A|4) N (2D|1)(2A|4)(13A|1\/2) N (2A|4)(13A|1\/2)(12D|1) N (13A|1\/2)(12D|1)(0D|1) N (12D|1)(0D|1)(2A|1) N (0D|1)(2A|1)(2A|1) N (2A|1)(2A|1)(2D|1\/2) N (2A|1)(2D|1\/2)(2D|1) N (2D|1\/2)(2D|1)(0D|2) N (2D|1)(0D|2)(1D|1) N (0D|2)(1D|1)(4D|2) N (1D|1)(4D|2)(17A|1\/2) N (4D|2)(17A|1\/2)(8D|1) N (17A|1\/2)(8D|1)(1A|1\/2) N (8D|1)(1A|1\/2)(1D|1) N (1A|1\/2)(1D|1)(2D|1) N (1D|1)(2D|1)(2D|1) N (2D|1)(2D|1)(1D|2) N (2D|1)(1D|2)(1A|1\/2) N (1D|2)(1A|1\/2)(1D|1) N (1A|1\/2)(1D|1)(2D|2) N (1D|1)(2D|2)(7A|1\/2) N (2D|2)(7A|1\/2)(2D|1) N (7A|1\/2)(2D|1)(2D|4) N (2D|1)(2D|4)(12A|1\/2) N (2D|4)(12A|1\/2)(13D|1) N (12A|1\/2)(13D|1)(0D|1) N (13D|1)(0D|1)(1A|1) N (0D|1)(1A|1)(3D|1\/2) N (1A|1)(3D|1\/2)(2A|1) N (3D|1\/2)(2A|1)(1D|1) N (2A|1)(1D|1)(1D|1) N (1D|1)(1D|1)(0D|1) N (1D|1)(0D|1)(4D|1) N (0D|1)(4D|1)(12A|2) N (4D|1)(12A|2)(0D|2) N (12A|2)(0D|2)(7A|1\/2) N (0D|2)(7A|1\/2)(5D|1) N (7A|1\/2)(5D|1)(0D|1) N (5D|1)(0D|1)(3D|1\/2) N (0D|1)(3D|1\/2)(1A|1\/2) N (3D|1\/2)(1A|1\/2)(2A|1) N (1A|1\/2)(2A|1)(2A|2) N (2A|1)(2A|2)(2D|1) N (2A|2)(2D|1)(7D|2) N (2D|1)(7D|2)(5A|1\/2) N (7D|2)(5A|1\/2)(3D|1) N (5A|1\/2)(3D|1)(2D|2) N (3D|1)(2D|2)(0D|1) N (2D|2)(0D|1)(1D|1) N (0D|1)(1D|1)(4D|2) N ","lyricist":"","composer":"","corpus_ref":"all:composers:bach:bach:chorals","id":"all:composers:bach:bach:chorals:bwv339:P3-1","title":"Aus tiefer Not schrei ich zu dir 2","rhythm":"(1)(1)(1) N (1)(1)(1) N (1)(1)(1) N (1)(1)(1) N (1)(1)(1\/2) N (1)(1\/2)(1) N (1\/2)(1)(4) N (1)(4)(-1) N (4)(-1)(1) N (-1)(1)(1) N (1)(1)(1) N (1)(1)(1) N (1)(1)(1\/2) N (1)(1\/2)(1) N (1\/2)(1)(2) N (1)(2)(1) N (2)(1)(2) N (1)(2)(-1) N (2)(-1)(1) N (-1)(1)(1) N (1)(1)(1) N (1)(1)(1) N (1)(1)(1) N (1)(1)(1) N (1)(1)(1\/2) N (1)(1\/2)(1) N (1\/2)(1)(4) N (1)(4)(-1) N (4)(-1)(1) N (-1)(1)(1) N (1)(1)(1) N (1)(1)(1) N (1)(1)(1\/2) N (1)(1\/2)(1) N (1\/2)(1)(2) N (1)(2)(1) N (2)(1)(2) N (1)(2)(-1) N (2)(-1)(1) N (-1)(1)(1\/2) N (1)(1\/2)(1) N (1\/2)(1)(1) N (1)(1)(1) N (1)(1)(2) N (1)(2)(1\/2) N (2)(1\/2)(1) N (1\/2)(1)(2) N (1)(2)(1\/2) N (2)(1\/2)(1) N (1\/2)(1)(4) N (1)(4)(-1) N (4)(-1)(1) N (-1)(1)(1) N (1)(1)(1) N (1)(1)(1\/2) N (1)(1\/2)(1) N (1\/2)(1)(1) N (1)(1)(1) N (1)(1)(1) N (1)(1)(1) N (1)(1)(2) N (1)(2)(2) N (2)(2)(-1) N (2)(-1)(1) N (-1)(1)(1) N (1)(1)(1\/2) N (1)(1\/2)(1\/2) N (1\/2)(1\/2)(1) N (1\/2)(1)(2) N (1)(2)(1) N (2)(1)(2) N (1)(2)(1\/2) N (2)(1\/2)(1) N (1\/2)(1)(2) N (1)(2)(1) N (2)(1)(1) N (1)(1)(2) N "}