{"voice":"P5-1","diatonic":"2D;4A;3D; N 4A;3D;2A; N 3D;2A;2A; N 2A;2A;4A; N 2A;4A;2D; N 4A;2D;2A; N 2D;2A;2D; N 2A;2D;6A; N 2D;6A;5D; N 6A;5D;2A; N 5D;2A;2D; N 2A;2D;4A; N 2D;4A;3D; N 4A;3D;2A; N 3D;2A;2A; N 2A;2A;4A; N 2A;4A;2D; N 4A;2D;2A; N 2D;2A;2D; N 2A;2D;6A; N 2D;6A;5D; N 6A;5D;2A; N 5D;2A;2D; N 2A;2D;4A; N 2D;4A;2D; N 4A;2D;2D; N 2D;2D;2A; N 2D;2A;2A; N 2A;2A;2D; N 2A;2D;2D; N 2D;2D;2D; N 2D;2D;4A; N 2D;4A;4A; N 4A;4A;3D; N 4A;3D;2D; N 3D;2D;2A; N 2D;2A;2D; N 2A;2D;3D; N 2D;3D;2A; N 3D;2A;2A; N 2A;2A;2A; N 2A;2A;2A; N 2A;2A;2A; N 2A;2A;5D; N 2A;5D;4A; N 5D;4A;2D; N 4A;2D;3A; N 2D;3A;2D; N 3A;2D;3D; N 2D;3D;3D; N 3D;3D;2D; N 3D;2D;2A; N 2D;2A;2A; N 2A;2A;3D; N 2A;3D;2A; N ","ref":"all:composers:bach:bach:chorals:bwv252","melody":"2D;5A;3D; N 5A;3D;1A; N 3D;1A;2A; N 1A;2A;5A; N 2A;5A;1D; N 5A;1D;1A; N 1D;1A;12D; N 1A;12D;9A; N 12D;9A;7D; N 9A;7D;2A; N 7D;2A;2D; N 2A;2D;5A; N 2D;5A;3D; N 5A;3D;1A; N 3D;1A;2A; N 1A;2A;5A; N 2A;5A;1D; N 5A;1D;1A; N 1D;1A;12D; N 1A;12D;9A; N 12D;9A;7D; N 9A;7D;2A; N 7D;2A;2D; N 2A;2D;5A; N 2D;5A;2D; N 5A;2D;1D; N 2D;1D;1A; N 1D;1A;2A; N 1A;2A;2D; N 2A;2D;1D; N 2D;1D;2D; N 1D;2D;5A; N 2D;5A;5A; N 5A;5A;3D; N 5A;3D;2D; N 3D;2D;2A; N 2D;2A;2D; N 2A;2D;3D; N 2D;3D;1A; N 3D;1A;2A; N 1A;2A;2A; N 2A;2A;1A; N 2A;1A;2A; N 1A;2A;7D; N 2A;7D;5A; N 7D;5A;1D; N 5A;1D;3A; N 1D;3A;1D; N 3A;1D;4D; N 1D;4D;3D; N 4D;3D;2D; N 3D;2D;2A; N 2D;2A;1A; N 2A;1A;3D; N 1A;3D;2A; N ","notes":"(2D|1\/2)(5A|1)(3D|2) N (5A|1)(3D|2)(1A|1) N (3D|2)(1A|1)(0D|1) N (1A|1)(0D|1)(2A|3) N (0D|1)(2A|3)(0D|1\/3) N (2A|3)(0D|1\/3)(0D|3\/2) N (0D|1\/3)(0D|3\/2)(5A|1\/3) N (0D|3\/2)(5A|1\/3)(1D|2) N (5A|1\/3)(1D|2)(1A|1\/2) N (1D|2)(1A|1\/2)(12D|1) N (1A|1\/2)(12D|1)(9A|2) N (12D|1)(9A|2)(7D|1) N (9A|2)(7D|1)(2A|1) N (7D|1)(2A|1)(0D|1) N (2A|1)(0D|1)(2D|1\/2) N (0D|1)(2D|1\/2)(5A|1) N (2D|1\/2)(5A|1)(3D|2) N (5A|1)(3D|2)(1A|1) N (3D|2)(1A|1)(0D|1) N (1A|1)(0D|1)(2A|3) N (0D|1)(2A|3)(0D|1\/3) N (2A|3)(0D|1\/3)(0D|3\/2) N (0D|1\/3)(0D|3\/2)(5A|1\/3) N (0D|3\/2)(5A|1\/3)(1D|2) N (5A|1\/3)(1D|2)(1A|1\/2) N (1D|2)(1A|1\/2)(12D|1) N (1A|1\/2)(12D|1)(9A|2) N (12D|1)(9A|2)(7D|1) N (9A|2)(7D|1)(2A|1) N (7D|1)(2A|1)(2D|1) N (2A|1)(2D|1)(5A|1) N (2D|1)(5A|1)(2D|1) N (5A|1)(2D|1)(1D|1\/2) N (2D|1)(1D|1\/2)(1A|1) N (1D|1\/2)(1A|1)(2A|2) N (1A|1)(2A|2)(0D|3) N (2A|2)(0D|3)(0D|1\/6) N (0D|3)(0D|1\/6)(2D|1) N (0D|1\/6)(2D|1)(1D|1) N (2D|1)(1D|1)(2D|1) N (1D|1)(2D|1)(0D|1) N (2D|1)(0D|1)(5A|1) N (0D|1)(5A|1)(0D|1) N (5A|1)(0D|1)(5A|1) N (0D|1)(5A|1)(3D|1\/2) N (5A|1)(3D|1\/2)(2D|1) N (3D|1\/2)(2D|1)(2A|2) N (2D|1)(2A|2)(2D|6) N (2A|2)(2D|6)(3D|1\/3) N (2D|6)(3D|1\/3)(1A|1) N (3D|1\/3)(1A|1)(2A|1\/2) N (1A|1)(2A|1\/2)(2A|1\/2) N (2A|1\/2)(2A|1\/2)(1A|1) N (2A|1\/2)(1A|1)(2A|2) N (1A|1)(2A|2)(7D|1) N (2A|2)(7D|1)(5A|1) N (7D|1)(5A|1)(1D|1) N (5A|1)(1D|1)(0D|6) N (1D|1)(0D|6)(3A|1\/3) N (0D|6)(3A|1\/3)(1D|1\/2) N (3A|1\/3)(1D|1\/2)(4D|1) N (1D|1\/2)(4D|1)(3D|1) N (4D|1)(3D|1)(2D|1) N (3D|1)(2D|1)(0D|1) N (2D|1)(0D|1)(2A|1) N (0D|1)(2A|1)(1A|1) N (2A|1)(1A|1)(3D|1) N (1A|1)(3D|1)(2A|6) N ","lyricist":"","composer":"","corpus_ref":"all:composers:bach:bach:chorals","id":"all:composers:bach:bach:chorals:bwv252:P5-1","title":"Nun danket alle Gott","rhythm":"(1\/2)(1)(2) N (1)(2)(1) N (2)(1)(1) N (1)(1)(3) N (1)(3)(1\/3) N (3)(1\/3)(3\/2) N (1\/3)(3\/2)(1\/3) N (3\/2)(1\/3)(2) N (1\/3)(2)(1\/2) N (2)(1\/2)(1) N (1\/2)(1)(2) N (1)(2)(1) N (2)(1)(1) N (1)(1)(1) N (1)(1)(1\/2) N (1)(1\/2)(1) N (1\/2)(1)(2) N (1)(2)(1) N (2)(1)(1) N (1)(1)(3) N (1)(3)(1\/3) N (3)(1\/3)(3\/2) N (1\/3)(3\/2)(1\/3) N (3\/2)(1\/3)(2) N (1\/3)(2)(1\/2) N (2)(1\/2)(1) N (1\/2)(1)(2) N (1)(2)(1) N (2)(1)(1) N (1)(1)(1) N (1)(1)(1) N (1)(1)(1) N (1)(1)(1\/2) N (1)(1\/2)(1) N (1\/2)(1)(2) N (1)(2)(3) N (2)(3)(1\/6) N (3)(1\/6)(1) N (1\/6)(1)(1) N (1)(1)(1) N (1)(1)(1) N (1)(1)(1) N (1)(1)(1) N (1)(1)(1) N (1)(1)(1\/2) N (1)(1\/2)(1) N (1\/2)(1)(2) N (1)(2)(6) N (2)(6)(1\/3) N (6)(1\/3)(1) N (1\/3)(1)(1\/2) N (1)(1\/2)(1\/2) N (1\/2)(1\/2)(1) N (1\/2)(1)(2) N (1)(2)(1) N (2)(1)(1) N (1)(1)(1) N (1)(1)(6) N (1)(6)(1\/3) N (6)(1\/3)(1\/2) N (1\/3)(1\/2)(1) N (1\/2)(1)(1) N (1)(1)(1) N (1)(1)(1) N (1)(1)(1) N (1)(1)(1) N (1)(1)(1) N (1)(1)(6) N "}