{"voice":"P3-1","diatonic":"2D;2D;2D; N 2D;2D;2A; N 2D;2A;2D; N 2A;2D;2D; N 2D;2D;2D; N 2D;2D;2D; N 2D;2D;2A; N 2D;2A;3A; N 2A;3A;2A; N 3A;2A;2A; N 2A;2A;2A; N 2A;2A;2D; N 2A;2D;2D; N 2D;2D;2D; N 2D;2D;2A; N 2D;2A;2A; N 2A;2A;2A; N 2A;2A;4D; N 2A;4D;2A; N 4D;2A;2D; N 2A;2D;2A; N 2D;2A;2D; N 2A;2D;4A; N 2D;4A;2A; N 4A;2A;2A; N 2A;2A;5D; N 2A;5D;2D; N 5D;2D;3D; N ","ref":"all:composers:bach:bach:chorals:bwv255","melody":"2D;2D;1D; N 2D;1D;1A; N 1D;1A;2D; N 1A;2D;1D; N 2D;1D;2D; N 1D;2D;2D; N 2D;2D;2A; N 2D;2A;4A; N 2A;4A;1A; N 4A;1A;2A; N 1A;2A;2A; N 2A;2A;2D; N 2A;2D;2D; N 2D;2D;1D; N 2D;1D;1A; N 1D;1A;2A; N 1A;2A;2A; N 2A;2A;5D; N 2A;5D;1A; N 5D;1A;1D; N 1A;1D;1A; N 1D;1A;1D; N 1A;1D;5A; N 1D;5A;1A; N 5A;1A;2A; N 1A;2A;7D; N 2A;7D;1D; N 7D;1D;4D; N ","notes":"(2D|1)(0D|1\/2)(2D|1) N (0D|1\/2)(2D|1)(1D|2) N (2D|1)(1D|2)(1A|1\/2) N (1D|2)(1A|1\/2)(2D|1) N (1A|1\/2)(2D|1)(1D|1) N (2D|1)(1D|1)(2D|1) N (1D|1)(2D|1)(2D|2) N (2D|1)(2D|2)(2A|1) N (2D|2)(2A|1)(4A|1) N (2A|1)(4A|1)(1A|1) N (4A|1)(1A|1)(2A|1) N (1A|1)(2A|1)(0D|1) N (2A|1)(0D|1)(0D|1) N (0D|1)(0D|1)(2A|1) N (0D|1)(2A|1)(2D|1\/2) N (2A|1)(2D|1\/2)(2D|1) N (2D|1\/2)(2D|1)(1D|2) N (2D|1)(1D|2)(1A|1) N (1D|2)(1A|1)(2A|1) N (1A|1)(2A|1)(2A|1) N (2A|1)(2A|1)(5D|1) N (2A|1)(5D|1)(0D|1) N (5D|1)(0D|1)(1A|1) N (0D|1)(1A|1)(0D|1) N (1A|1)(0D|1)(1D|1) N (0D|1)(1D|1)(1A|1) N (1D|1)(1A|1)(0D|1) N (1A|1)(0D|1)(1D|1) N (0D|1)(1D|1)(5A|1\/2) N (1D|1)(5A|1\/2)(1A|1) N (5A|1\/2)(1A|1)(2A|1) N (1A|1)(2A|1)(7D|1) N (2A|1)(7D|1)(0D|2) N (7D|1)(0D|2)(1D|1) N (0D|2)(1D|1)(4D|1) N ","lyricist":"","composer":"","corpus_ref":"all:composers:bach:bach:chorals","id":"all:composers:bach:bach:chorals:bwv255:voice_P3-1","title":"Ach Gott und Herr, wie groß und schwer","rhythm":"(1)(1\/2)(1) N (1\/2)(1)(2) N (1)(2)(1\/2) N (2)(1\/2)(1) N (1\/2)(1)(1) N (1)(1)(1) N (1)(1)(2) N (1)(2)(1) N (2)(1)(1) N (1)(1)(1) N (1)(1)(1) N (1)(1)(1) N (1)(1)(1) N (1)(1)(1) N (1)(1)(1\/2) N (1)(1\/2)(1) N (1\/2)(1)(2) N (1)(2)(1) N (2)(1)(1) N (1)(1)(1) N (1)(1)(1) N (1)(1)(1) N (1)(1)(1) N (1)(1)(1) N (1)(1)(1) N (1)(1)(1) N (1)(1)(1) N (1)(1)(1) N (1)(1)(1\/2) N (1)(1\/2)(1) N (1\/2)(1)(1) N (1)(1)(1) N (1)(1)(2) N (1)(2)(1) N (2)(1)(1) N "}