{"voice":"P8-1","diatonic":"3A;3A;2D; N 3A;2D;2A; N 2D;2A;5D; N 2A;5D;3D; N 5D;3D;4A; N 3D;4A;5D; N 4A;5D;2A; N 5D;2A;2A; N 2A;2A;2A; N 2A;2A;2D; N 2A;2D;2A; N 2D;2A;5D; N 2A;5D;2D; N 5D;2D;2A; N 2D;2A;2A; N 2A;2A;2D; N 2A;2D;2A; N 2D;2A;5D; N 2A;5D;3A; N 5D;3A;4A; N 3A;4A;2D; N 4A;2D;2A; N 2D;2A;4D; N 2A;4D;3A; N 4D;3A;3A; N 3A;3A;2D; N 3A;2D;2A; N 2D;2A;2A; N 2A;2A;2D; N 2A;2D;2D; N 2D;2D;2A; N 2D;2A;3A; N 2A;3A;2D; N 3A;2D;2A; N 2D;2A;2D; N 2A;2D;5A; N 2D;5A;2D; N 5A;2D;2A; N 2D;2A;3D; N 2A;3D;3A; N 3D;3A;3A; N 3A;3A;2D; N 3A;2D;2A; N 2D;2A;2D; N 2A;2D;3A; N 2D;3A;3A; N 3A;3A;2D; N 3A;2D;2A; N 2D;2A;7D; N 2A;7D;6A; N 7D;6A;2A; N 6A;2A;5D; N 2A;5D;3D; N 5D;3D;4A; N 3D;4A;5D; N 4A;5D;2A; N 5D;2A;2A; N 2A;2A;2A; N 2A;2A;2A; N 2A;2A;3D; N 2A;3D;4A; N 3D;4A;3D; N 4A;3D;3D; N 3D;3D;4A; N 3D;4A;3D; N 4A;3D;4D; N 3D;4D;5A; N 4D;5A;5D; N 5A;5D;3A; N 5D;3A;3A; N 3A;3A;2D; N 3A;2D;2A; N 2D;2A;5D; N 2A;5D;3D; N 5D;3D;4A; N 3D;4A;5D; N ","ref":"all:composers:bach:bach:chorals:bwv248.23-2","melody":"4A;3A;1D; N 3A;1D;1A; N 1D;1A;7D; N 1A;7D;3D; N 7D;3D;5A; N 3D;5A;7D; N 5A;7D;2A; N 7D;2A;2A; N 2A;2A;1A; N 2A;1A;1D; N 1A;1D;1A; N 1D;1A;7D; N 1A;7D;1D; N 7D;1D;1A; N 1D;1A;2A; N 1A;2A;2D; N 2A;2D;2A; N 2D;2A;7D; N 2A;7D;4A; N 7D;4A;5A; N 4A;5A;2D; N 5A;2D;2A; N 2D;2A;5D; N 2A;5D;3A; N 5D;3A;4A; N 3A;4A;2D; N 4A;2D;2A; N 2D;2A;1A; N 2A;1A;1D; N 1A;1D;2D; N 1D;2D;2A; N 2D;2A;3A; N 2A;3A;1D; N 3A;1D;1A; N 1D;1A;12D; N 1A;12D;7A; N 12D;7A;2D; N 7A;2D;2A; N 2D;2A;4D; N 2A;4D;4A; N 4D;4A;3A; N 4A;3A;1D; N 3A;1D;1A; N 1D;1A;12D; N 1A;12D;4A; N 12D;4A;3A; N 4A;3A;1D; N 3A;1D;1A; N 1D;1A;10D; N 1A;10D;9A; N 10D;9A;1A; N 9A;1A;7D; N 1A;7D;3D; N 7D;3D;5A; N 3D;5A;7D; N 5A;7D;14A; N 7D;14A;2A; N 14A;2A;1A; N 2A;1A;2A; N 1A;2A;3D; N 2A;3D;5A; N 3D;5A;4D; N 5A;4D;3D; N 4D;3D;5A; N 3D;5A;3D; N 5A;3D;6D; N 3D;6D;7A; N 6D;7A;7D; N 7A;7D;4A; N 7D;4A;3A; N 4A;3A;1D; N 3A;1D;1A; N 1D;1A;7D; N 1A;7D;3D; N 7D;3D;5A; N 3D;5A;7D; N ","notes":"(4A|1\/3)(3A|2)(0D|3\/2) N (3A|2)(0D|3\/2)(1D|1\/3) N (0D|3\/2)(1D|1\/3)(1A|2) N (1D|1\/3)(1A|2)(7D|3\/2) N (1A|2)(7D|3\/2)(3D|1\/3) N (7D|3\/2)(3D|1\/3)(5A|2) N (3D|1\/3)(5A|2)(7D|3\/2) N (5A|2)(7D|3\/2)(2A|1\/3) N (7D|3\/2)(2A|1\/3)(2A|2) N (2A|1\/3)(2A|2)(1A|3\/2) N (2A|2)(1A|3\/2)(1D|1\/3) N (1A|3\/2)(1D|1\/3)(1A|2) N (1D|1\/3)(1A|2)(7D|3\/2) N (1A|2)(7D|3\/2)(1D|1\/3) N (7D|3\/2)(1D|1\/3)(1A|2) N (1D|1\/3)(1A|2)(2A|3\/2) N (1A|2)(2A|3\/2)(2D|1\/3) N (2A|3\/2)(2D|1\/3)(2A|2) N (2D|1\/3)(2A|2)(7D|3) N (2A|2)(7D|3)(26A|1) N (7D|3)(26A|1)(0D|8\/3) N (26A|1)(0D|8\/3)(0D|1\/4) N (0D|8\/3)(0D|1\/4)(0D|1\/2) N (0D|1\/4)(0D|1\/2)(26D|3\/2) N (0D|1\/2)(26D|3\/2)(4A|1\/3) N (26D|3\/2)(4A|1\/3)(5A|2) N (4A|1\/3)(5A|2)(0D|3\/2) N (5A|2)(0D|3\/2)(2D|1\/3) N (0D|3\/2)(2D|1\/3)(2A|2) N (2D|1\/3)(2A|2)(5D|3\/2) N (2A|2)(5D|3\/2)(3A|1\/3) N (5D|3\/2)(3A|1\/3)(4A|2) N (3A|1\/3)(4A|2)(0D|3\/2) N (4A|2)(0D|3\/2)(2D|1\/3) N (0D|3\/2)(2D|1\/3)(2A|2) N (2D|1\/3)(2A|2)(1A|3\/2) N (2A|2)(1A|3\/2)(1D|1\/3) N (1A|3\/2)(1D|1\/3)(2D|2) N (1D|1\/3)(2D|2)(2A|3\/2) N (2D|2)(2A|3\/2)(3A|1\/3) N (2A|3\/2)(3A|1\/3)(1D|2) N (3A|1\/3)(1D|2)(1A|2) N (1D|2)(1A|2)(12D|1\/2) N (1A|2)(12D|1\/2)(7A|3) N (12D|1\/2)(7A|3)(17A|1) N (7A|3)(17A|1)(0D|1) N (17A|1)(0D|1)(0D|1) N (0D|1)(0D|1)(0D|2) N (0D|1)(0D|2)(0D|1\/2) N (0D|2)(0D|1\/2)(17D|1\/2) N (0D|1\/2)(17D|1\/2)(2D|1\/3) N (17D|1\/2)(2D|1\/3)(2A|2) N (2D|1\/3)(2A|2)(4D|3\/2) N (2A|2)(4D|3\/2)(4A|1\/3) N (4D|3\/2)(4A|1\/3)(3A|2) N (4A|1\/3)(3A|2)(0D|3\/2) N (3A|2)(0D|3\/2)(1D|1\/3) N (0D|3\/2)(1D|1\/3)(1A|2) N (1D|1\/3)(1A|2)(12D|3\/2) N (1A|2)(12D|3\/2)(4A|1\/3) N (12D|3\/2)(4A|1\/3)(3A|2) N (4A|1\/3)(3A|2)(0D|3\/2) N (3A|2)(0D|3\/2)(1D|1\/3) N (0D|3\/2)(1D|1\/3)(1A|2) N (1D|1\/3)(1A|2)(10D|3\/2) N (1A|2)(10D|3\/2)(9A|1\/3) N (10D|3\/2)(9A|1\/3)(1A|2) N (9A|1\/3)(1A|2)(7D|3\/2) N (1A|2)(7D|3\/2)(3D|1\/3) N (7D|3\/2)(3D|1\/3)(5A|2) N (3D|1\/3)(5A|2)(7D|3) N (5A|2)(7D|3)(31A|1) N (7D|3)(31A|1)(0D|8\/3) N (31A|1)(0D|8\/3)(0D|3\/8) N (0D|8\/3)(0D|3\/8)(17D|1\/2) N (0D|3\/8)(17D|1\/2)(2A|1\/3) N (17D|1\/2)(2A|1\/3)(1A|2) N (2A|1\/3)(1A|2)(2A|3\/2) N (1A|2)(2A|3\/2)(3D|1\/3) N (2A|3\/2)(3D|1\/3)(5A|2) N (3D|1\/3)(5A|2)(4D|3\/2) N (5A|2)(4D|3\/2)(3D|1\/3) N (4D|3\/2)(3D|1\/3)(5A|2) N (3D|1\/3)(5A|2)(3D|3\/2) N (5A|2)(3D|3\/2)(6D|1\/3) N (3D|3\/2)(6D|1\/3)(7A|2) N (6D|1\/3)(7A|2)(7D|3\/2) N (7A|2)(7D|3\/2)(4A|1\/3) N (7D|3\/2)(4A|1\/3)(3A|2) N (4A|1\/3)(3A|2)(0D|3\/2) N (3A|2)(0D|3\/2)(1D|1\/3) N (0D|3\/2)(1D|1\/3)(1A|2) N (1D|1\/3)(1A|2)(7D|3\/2) N (1A|2)(7D|3\/2)(3D|1\/3) N (7D|3\/2)(3D|1\/3)(5A|2) N (3D|1\/3)(5A|2)(7D|3) N (5A|2)(7D|3)(26A|1) N (7D|3)(26A|1)(0D|1) N (26A|1)(0D|1)(0D|1) N (0D|1)(0D|1)(0D|8\/3) N ","lyricist":"","composer":"","corpus_ref":"all:composers:bach:bach:chorals","id":"all:composers:bach:bach:chorals:bwv248.23-2:P8-1","title":"score.xml","rhythm":"(1\/3)(2)(3\/2) N (2)(3\/2)(1\/3) N (3\/2)(1\/3)(2) N (1\/3)(2)(3\/2) N (2)(3\/2)(1\/3) N (3\/2)(1\/3)(2) N (1\/3)(2)(3\/2) N (2)(3\/2)(1\/3) N (3\/2)(1\/3)(2) N (1\/3)(2)(3\/2) N (2)(3\/2)(1\/3) N (3\/2)(1\/3)(2) N (1\/3)(2)(3\/2) N (2)(3\/2)(1\/3) N (3\/2)(1\/3)(2) N (1\/3)(2)(3\/2) N (2)(3\/2)(1\/3) N (3\/2)(1\/3)(2) N (1\/3)(2)(3) N (2)(3)(-1) N (3)(-1)(-1) N (-1)(-1)(-1) N (-1)(-1)(-1) N (-1)(-1)(3\/2) N (-1)(3\/2)(1\/3) N (3\/2)(1\/3)(2) N (1\/3)(2)(3\/2) N (2)(3\/2)(1\/3) N (3\/2)(1\/3)(2) N (1\/3)(2)(3\/2) N (2)(3\/2)(1\/3) N (3\/2)(1\/3)(2) N (1\/3)(2)(3\/2) N (2)(3\/2)(1\/3) N (3\/2)(1\/3)(2) N (1\/3)(2)(3\/2) N (2)(3\/2)(1\/3) N (3\/2)(1\/3)(2) N (1\/3)(2)(3\/2) N (2)(3\/2)(1\/3) N (3\/2)(1\/3)(2) N (1\/3)(2)(2) N (2)(2)(1\/2) N (2)(1\/2)(3) N (1\/2)(3)(-1) N (3)(-1)(-1) N (-1)(-1)(-1) N (-1)(-1)(-1) N (-1)(-1)(-1) N (-1)(-1)(1\/2) N (-1)(1\/2)(1\/3) N (1\/2)(1\/3)(2) N (1\/3)(2)(3\/2) N (2)(3\/2)(1\/3) N (3\/2)(1\/3)(2) N (1\/3)(2)(3\/2) N (2)(3\/2)(1\/3) N (3\/2)(1\/3)(2) N (1\/3)(2)(3\/2) N (2)(3\/2)(1\/3) N (3\/2)(1\/3)(2) N (1\/3)(2)(3\/2) N (2)(3\/2)(1\/3) N (3\/2)(1\/3)(2) N (1\/3)(2)(3\/2) N (2)(3\/2)(1\/3) N (3\/2)(1\/3)(2) N (1\/3)(2)(3\/2) N (2)(3\/2)(1\/3) N (3\/2)(1\/3)(2) N (1\/3)(2)(3) N (2)(3)(-1) N (3)(-1)(-1) N (-1)(-1)(-1) N (-1)(-1)(1\/2) N (-1)(1\/2)(1\/3) N (1\/2)(1\/3)(2) N (1\/3)(2)(3\/2) N (2)(3\/2)(1\/3) N (3\/2)(1\/3)(2) N (1\/3)(2)(3\/2) N (2)(3\/2)(1\/3) N (3\/2)(1\/3)(2) N (1\/3)(2)(3\/2) N (2)(3\/2)(1\/3) N (3\/2)(1\/3)(2) N (1\/3)(2)(3\/2) N (2)(3\/2)(1\/3) N (3\/2)(1\/3)(2) N (1\/3)(2)(3\/2) N (2)(3\/2)(1\/3) N (3\/2)(1\/3)(2) N (1\/3)(2)(3\/2) N (2)(3\/2)(1\/3) N (3\/2)(1\/3)(2) N (1\/3)(2)(3) N (2)(3)(-1) N (3)(-1)(-1) N (-1)(-1)(-1) N (-1)(-1)(-1) N "}