{"voice":"P3-1","diatonic":"2D;2D;2D; N 2D;2D;6A; N 2D;6A;2D; N 6A;2D;2A; N 2D;2A;4D; N 2A;4D;2D; N 4D;2D;2D; N 2D;2D;3D; N 2D;3D;4A; N 3D;4A;2D; N 4A;2D;2A; N 2D;2A;2A; N 2A;2A;2A; N 2A;2A;2A; N 2A;2A;2D; N 2A;2D;2D; N 2D;2D;2A; N 2D;2A;2D; N 2A;2D;2D; N 2D;2D;2D; N 2D;2D;2D; N 2D;2D;6A; N 2D;6A;2D; N 6A;2D;2A; N 2D;2A;4D; N 2A;4D;2D; N 4D;2D;2D; N 2D;2D;3D; N 2D;3D;4A; N 3D;4A;2D; N 4A;2D;2A; N 2D;2A;2A; N 2A;2A;2A; N 2A;2A;2A; N 2A;2A;2D; N 2A;2D;2D; N 2D;2D;2A; N 2D;2A;3A; N 2A;3A;3D; N 3A;3D;4A; N 3D;4A;2D; N 4A;2D;2D; N 2D;2D;2D; N 2D;2D;2A; N 2D;2A;2A; N 2A;2A;2A; N 2A;2A;3D; N 2A;3D;4A; N 3D;4A;2D; N 4A;2D;2D; N 2D;2D;3D; N 2D;3D;2D; N 3D;2D;2D; N 2D;2D;2D; N 2D;2D;2A; N 2D;2A;4D; N 2A;4D;7A; N 4D;7A;2D; N 7A;2D;2D; N 2D;2D;2D; N 2D;2D;2D; N 2D;2D;3D; N ","ref":"all:composers:bach:bach:chorals:bwv179.6","melody":"1D;2D;1D; N 2D;1D;8A; N 1D;8A;1D; N 8A;1D;1A; N 1D;1A;5D; N 1A;5D;2D; N 5D;2D;1D; N 2D;1D;4D; N 1D;4D;5A; N 4D;5A;1D; N 5A;1D;1A; N 1D;1A;2A; N 1A;2A;1A; N 2A;1A;2A; N 1A;2A;2D; N 2A;2D;1D; N 2D;1D;2A; N 1D;2A;1D; N 2A;1D;1D; N 1D;1D;2D; N 1D;2D;1D; N 2D;1D;8A; N 1D;8A;1D; N 8A;1D;1A; N 1D;1A;5D; N 1A;5D;2D; N 5D;2D;1D; N 2D;1D;4D; N 1D;4D;5A; N 4D;5A;1D; N 5A;1D;1A; N 1D;1A;2A; N 1A;2A;1A; N 2A;1A;2A; N 1A;2A;2D; N 2A;2D;1D; N 2D;1D;2A; N 1D;2A;3A; N 2A;3A;4D; N 3A;4D;5A; N 4D;5A;1D; N 5A;1D;2D; N 1D;2D;2D; N 2D;2D;2A; N 2D;2A;2A; N 2A;2A;1A; N 2A;1A;3D; N 1A;3D;5A; N 3D;5A;2D; N 5A;2D;1D; N 2D;1D;4D; N 1D;4D;1D; N 4D;1D;2D; N 1D;2D;2D; N 2D;2D;2A; N 2D;2A;5D; N 2A;5D;10A; N 5D;10A;2D; N 10A;2D;1D; N 2D;1D;2D; N 1D;2D;1D; N 2D;1D;4D; N ","notes":"(0D|1\/2)(1D|1\/2)(2D|1) N (1D|1\/2)(2D|1)(1D|2) N (2D|1)(1D|2)(8A|1) N (1D|2)(8A|1)(0D|2) N (8A|1)(0D|2)(1D|1) N (0D|2)(1D|1)(1A|1) N (1D|1)(1A|1)(5D|1) N (1A|1)(5D|1)(0D|3\/2) N (5D|1)(0D|3\/2)(2D|1\/3) N (0D|3\/2)(2D|1\/3)(1D|2) N (2D|1\/3)(1D|2)(4D|1) N (1D|2)(4D|1)(5A|1) N (4D|1)(5A|1)(0D|1) N (5A|1)(0D|1)(1D|1\/2) N (0D|1)(1D|1\/2)(1A|1) N (1D|1\/2)(1A|1)(2A|1) N (1A|1)(2A|1)(1A|1) N (2A|1)(1A|1)(2A|1) N (1A|1)(2A|1)(2D|1) N (2A|1)(2D|1)(1D|2) N (2D|1)(1D|2)(2A|3) N (1D|2)(2A|3)(1D|1\/3) N (2A|3)(1D|1\/3)(0D|1\/2) N (1D|1\/3)(0D|1\/2)(1D|1\/2) N (0D|1\/2)(1D|1\/2)(2D|1) N (1D|1\/2)(2D|1)(1D|2) N (2D|1)(1D|2)(8A|1) N (1D|2)(8A|1)(0D|2) N (8A|1)(0D|2)(1D|1) N (0D|2)(1D|1)(1A|1) N (1D|1)(1A|1)(5D|1) N (1A|1)(5D|1)(0D|3\/2) N (5D|1)(0D|3\/2)(2D|1\/3) N (0D|3\/2)(2D|1\/3)(1D|2) N (2D|1\/3)(1D|2)(4D|1) N (1D|2)(4D|1)(5A|1) N (4D|1)(5A|1)(0D|1) N (5A|1)(0D|1)(1D|1\/2) N (0D|1)(1D|1\/2)(1A|1) N (1D|1\/2)(1A|1)(2A|1) N (1A|1)(2A|1)(1A|1) N (2A|1)(1A|1)(2A|1) N (1A|1)(2A|1)(2D|1) N (2A|1)(2D|1)(1D|2) N (2D|1)(1D|2)(2A|3) N (1D|2)(2A|3)(3A|1\/3) N (2A|3)(3A|1\/3)(0D|1\/4) N (3A|1\/3)(0D|1\/4)(4D|1) N (0D|1\/4)(4D|1)(5A|4) N (4D|1)(5A|4)(1D|1\/4) N (5A|4)(1D|1\/4)(2D|1) N (1D|1\/4)(2D|1)(2D|2) N (2D|1)(2D|2)(2A|1) N (2D|2)(2A|1)(2A|2) N (2A|1)(2A|2)(1A|1\/2) N (2A|2)(1A|1\/2)(3D|1) N (1A|1\/2)(3D|1)(5A|1) N (3D|1)(5A|1)(2D|1) N (5A|1)(2D|1)(1D|2) N (2D|1)(1D|2)(4D|1) N (1D|2)(4D|1)(0D|1\/2) N (4D|1)(0D|1\/2)(1D|1) N (0D|1\/2)(1D|1)(2D|1) N (1D|1)(2D|1)(2D|1\/2) N (2D|1)(2D|1\/2)(2A|1) N (2D|1\/2)(2A|1)(5D|2) N (2A|1)(5D|2)(10A|1) N (5D|2)(10A|1)(2D|1) N (10A|1)(2D|1)(1D|1) N (2D|1)(1D|1)(2D|3) N (1D|1)(2D|3)(1D|1\/3) N (2D|3)(1D|1\/3)(4D|2) N ","lyricist":"","composer":"","corpus_ref":"all:composers:bach:bach:chorals","id":"all:composers:bach:bach:chorals:bwv179.6:P3-1","title":"Wer nur den lieben Gott läßt walten","rhythm":"(1\/2)(1\/2)(1) N (1\/2)(1)(2) N (1)(2)(1) N (2)(1)(2) N (1)(2)(1) N (2)(1)(1) N (1)(1)(1) N (1)(1)(3\/2) N (1)(3\/2)(1\/3) N (3\/2)(1\/3)(2) N (1\/3)(2)(1) N (2)(1)(1) N (1)(1)(1) N (1)(1)(1\/2) N (1)(1\/2)(1) N (1\/2)(1)(1) N (1)(1)(1) N (1)(1)(1) N (1)(1)(1) N (1)(1)(2) N (1)(2)(3) N (2)(3)(1\/3) N (3)(1\/3)(1\/2) N (1\/3)(1\/2)(1\/2) N (1\/2)(1\/2)(1) N (1\/2)(1)(2) N (1)(2)(1) N (2)(1)(2) N (1)(2)(1) N (2)(1)(1) N (1)(1)(1) N (1)(1)(3\/2) N (1)(3\/2)(1\/3) N (3\/2)(1\/3)(2) N (1\/3)(2)(1) N (2)(1)(1) N (1)(1)(1) N (1)(1)(1\/2) N (1)(1\/2)(1) N (1\/2)(1)(1) N (1)(1)(1) N (1)(1)(1) N (1)(1)(1) N (1)(1)(2) N (1)(2)(3) N (2)(3)(1\/3) N (3)(1\/3)(1\/4) N (1\/3)(1\/4)(1) N (1\/4)(1)(4) N (1)(4)(1\/4) N (4)(1\/4)(1) N (1\/4)(1)(2) N (1)(2)(1) N (2)(1)(2) N (1)(2)(1\/2) N (2)(1\/2)(1) N (1\/2)(1)(1) N (1)(1)(1) N (1)(1)(2) N (1)(2)(1) N (2)(1)(1\/2) N (1)(1\/2)(1) N (1\/2)(1)(1) N (1)(1)(1\/2) N (1)(1\/2)(1) N (1\/2)(1)(2) N (1)(2)(1) N (2)(1)(1) N (1)(1)(1) N (1)(1)(3) N (1)(3)(1\/3) N (3)(1\/3)(2) N "}