{"voice":"P2-1","diatonic":"2A;2A;2A; N 2A;2A;2D; N 2A;2D;2A; N 2D;2A;4D; N 2A;4D;4A; N 4D;4A;2D; N 4A;2D;3D; N 2D;3D;2A; N 3D;2A;2A; N 2A;2A;2A; N 2A;2A;2D; N 2A;2D;2A; N 2D;2A;4D; N 2A;4D;4A; N 4D;4A;2D; N 4A;2D;3D; N 2D;3D;2A; N 3D;2A;2A; N 2A;2A;2A; N 2A;2A;2D; N 2A;2D;2D; N 2D;2D;2D; N 2D;2D;2A; N 2D;2A;2A; N 2A;2A;2A; N 2A;2A;2A; N 2A;2A;2A; N 2A;2A;2D; N 2A;2D;2D; N 2D;2D;2D; N 2D;2D;2A; N 2D;2A;2D; N 2A;2D;2D; N 2D;2D;2A; N 2D;2A;2D; N 2A;2D;2D; N 2D;2D;2A; N 2D;2A;2A; N 2A;2A;2D; N 2A;2D;2A; N 2D;2A;2A; N 2A;2A;2D; N 2A;2D;3A; N 2D;3A;2D; N 3A;2D;4D; N 2D;4D;2A; N 4D;2A;2D; N 2A;2D;2D; N 2D;2D;2D; N ","ref":"all:composers:bach:bach:chorals:bwv16.6","melody":"1A;2A;2A; N 2A;2A;2D; N 2A;2D;2A; N 2D;2A;5D; N 2A;5D;5A; N 5D;5A;1D; N 5A;1D;4D; N 1D;4D;1A; N 4D;1A;2A; N 1A;2A;2A; N 2A;2A;2D; N 2A;2D;2A; N 2D;2A;5D; N 2A;5D;5A; N 5D;5A;1D; N 5A;1D;4D; N 1D;4D;2A; N 4D;2A;2A; N 2A;2A;1A; N 2A;1A;2D; N 1A;2D;2D; N 2D;2D;1D; N 2D;1D;2A; N 1D;2A;2A; N 2A;2A;1A; N 2A;1A;2A; N 1A;2A;1A; N 2A;1A;1D; N 1A;1D;2D; N 1D;2D;2D; N 2D;2D;2A; N 2D;2A;2D; N 2A;2D;1D; N 2D;1D;1A; N 1D;1A;2D; N 1A;2D;1D; N 2D;1D;1A; N 1D;1A;2A; N 1A;2A;2D; N 2A;2D;2A; N 2D;2A;2A; N 2A;2A;1D; N 2A;1D;3A; N 1D;3A;2D; N 3A;2D;5D; N 2D;5D;1A; N 5D;1A;1D; N 1A;1D;2D; N 1D;2D;1D; N ","notes":"(1A|1)(0D|1)(2A|1) N (0D|1)(2A|1)(2A|1) N (2A|1)(2A|1)(2D|2) N (2A|1)(2D|2)(2A|1\/2) N (2D|2)(2A|1\/2)(5D|1) N (2A|1\/2)(5D|1)(0D|1) N (5D|1)(0D|1)(5A|1) N (0D|1)(5A|1)(0D|1) N (5A|1)(0D|1)(1D|1) N (0D|1)(1D|1)(4D|3) N (1D|1)(4D|3)(0D|1\/3) N (4D|3)(0D|1\/3)(1A|1) N (0D|1\/3)(1A|1)(0D|1) N (1A|1)(0D|1)(2A|1) N (0D|1)(2A|1)(2A|1) N (2A|1)(2A|1)(2D|2) N (2A|1)(2D|2)(2A|1\/2) N (2D|2)(2A|1\/2)(5D|1) N (2A|1\/2)(5D|1)(0D|1) N (5D|1)(0D|1)(5A|1) N (0D|1)(5A|1)(0D|1) N (5A|1)(0D|1)(1D|1) N (0D|1)(1D|1)(4D|3) N (1D|1)(4D|3)(0D|1\/6) N (4D|3)(0D|1\/6)(2A|1) N (0D|1\/6)(2A|1)(2A|2) N (2A|1)(2A|2)(1A|1\/2) N (2A|2)(1A|1\/2)(2D|1) N (1A|1\/2)(2D|1)(2D|2) N (2D|1)(2D|2)(1D|1\/2) N (2D|2)(1D|1\/2)(2A|1) N (1D|1\/2)(2A|1)(2A|6) N (2A|1)(2A|6)(0D|1\/3) N (2A|6)(0D|1\/3)(1A|1) N (0D|1\/3)(1A|1)(2A|1) N (1A|1)(2A|1)(1A|1\/2) N (2A|1)(1A|1\/2)(1D|1) N (1A|1\/2)(1D|1)(2D|1) N (1D|1)(2D|1)(2D|1) N (2D|1)(2D|1)(2A|1) N (2D|1)(2A|1)(2D|1) N (2A|1)(2D|1)(1D|2) N (2D|1)(1D|2)(1A|1) N (1D|2)(1A|1)(0D|1) N (1A|1)(0D|1)(0D|1) N (0D|1)(0D|1)(0D|1\/2) N (0D|1)(0D|1\/2)(2D|1) N (0D|1\/2)(2D|1)(1D|1) N (2D|1)(1D|1)(1A|1) N (1D|1)(1A|1)(2A|2) N (1A|1)(2A|2)(2D|1\/2) N (2A|2)(2D|1\/2)(2A|1) N (2D|1\/2)(2A|1)(2A|2) N (2A|1)(2A|2)(1D|1) N (2A|2)(1D|1)(3A|1) N (1D|1)(3A|1)(2D|1) N (3A|1)(2D|1)(5D|1) N (2D|1)(5D|1)(1A|1) N (5D|1)(1A|1)(1D|1\/2) N (1A|1)(1D|1\/2)(2D|1) N (1D|1\/2)(2D|1)(1D|6) N ","lyricist":"","composer":"","corpus_ref":"all:composers:bach:bach:chorals","id":"all:composers:bach:bach:chorals:bwv16.6:P2-1","title":"Helft mir Gotts Güte preisen","rhythm":"(1)(1)(1) N (1)(1)(1) N (1)(1)(2) N (1)(2)(1\/2) N (2)(1\/2)(1) N (1\/2)(1)(1) N (1)(1)(1) N (1)(1)(1) N (1)(1)(1) N (1)(1)(3) N (1)(3)(1\/3) N (3)(1\/3)(1) N (1\/3)(1)(1) N (1)(1)(1) N (1)(1)(1) N (1)(1)(2) N (1)(2)(1\/2) N (2)(1\/2)(1) N (1\/2)(1)(1) N (1)(1)(1) N (1)(1)(1) N (1)(1)(1) N (1)(1)(3) N (1)(3)(1\/6) N (3)(1\/6)(1) N (1\/6)(1)(2) N (1)(2)(1\/2) N (2)(1\/2)(1) N (1\/2)(1)(2) N (1)(2)(1\/2) N (2)(1\/2)(1) N (1\/2)(1)(6) N (1)(6)(1\/3) N (6)(1\/3)(1) N (1\/3)(1)(1) N (1)(1)(1\/2) N (1)(1\/2)(1) N (1\/2)(1)(1) N (1)(1)(1) N (1)(1)(1) N (1)(1)(1) N (1)(1)(2) N (1)(2)(1) N (2)(1)(1) N (1)(1)(1) N (1)(1)(1\/2) N (1)(1\/2)(1) N (1\/2)(1)(1) N (1)(1)(1) N (1)(1)(2) N (1)(2)(1\/2) N (2)(1\/2)(1) N (1\/2)(1)(2) N (1)(2)(1) N (2)(1)(1) N (1)(1)(1) N (1)(1)(1) N (1)(1)(1) N (1)(1)(1\/2) N (1)(1\/2)(1) N (1\/2)(1)(6) N "}