{"voice":"P2-1","diatonic":"2A;2D;2D; N 2D;2D;4A; N 2D;4A;2D; N 4A;2D;2D; N 2D;2D;2D; N 2D;2D;2A; N 2D;2A;2D; N 2A;2D;4D; N 2D;4D;3D; N 4D;3D;3D; N 3D;3D;5A; N 3D;5A;4A; N 5A;4A;3A; N 4A;3A;2D; N 3A;2D;2D; N 2D;2D;4D; N 2D;4D;3D; N 4D;3D;3A; N 3D;3A;5A; N 3A;5A;2D; N 5A;2D;4D; N 2D;4D;5A; N 4D;5A;5D; N 5A;5D;5D; N 5D;5D;5A; N 5D;5A;3D; N 5A;3D;3A; N 3D;3A;4A; N 3A;4A;3A; N 4A;3A;2D; N 3A;2D;2D; N 2D;2D;4D; N 2D;4D;5A; N 4D;5A;2D; N 5A;2D;2A; N 2D;2A;2D; N 2A;2D;4D; N 2D;4D;3D; N 4D;3D;3A; N 3D;3A;3D; N ","ref":"all:composers:bach:bach:chorals:bwv128.5","melody":"2A;2D;2D; N 2D;2D;5A; N 2D;5A;1D; N 5A;1D;2D; N 1D;2D;2D; N 2D;2D;2A; N 2D;2A;2D; N 2A;2D;5D; N 2D;5D;3D; N 5D;3D;4D; N 3D;4D;7A; N 4D;7A;5A; N 7A;5A;4A; N 5A;4A;2D; N 4A;2D;2D; N 2D;2D;5D; N 2D;5D;3D; N 5D;3D;3A; N 3D;3A;7A; N 3A;7A;2D; N 7A;2D;5D; N 2D;5D;7A; N 5D;7A;7D; N 7A;7D;7D; N 7D;7D;7A; N 7D;7A;3D; N 7A;3D;3A; N 3D;3A;5A; N 3A;5A;4A; N 5A;4A;2D; N 4A;2D;2D; N 2D;2D;5D; N 2D;5D;7A; N 5D;7A;2D; N 7A;2D;2A; N 2D;2A;2D; N 2A;2D;5D; N 2D;5D;3D; N 5D;3D;3A; N 3D;3A;3D; N ","notes":"(2A|1)(2D|1)(2D|1) N (2D|1)(2D|1)(0D|1) N (2D|1)(0D|1)(0D|3) N (0D|1)(0D|3)(5A|1\/6) N (0D|3)(5A|1\/6)(1D|1) N (5A|1\/6)(1D|1)(2D|1) N (1D|1)(2D|1)(2D|1) N (2D|1)(2D|1)(2A|2) N (2D|1)(2A|2)(2D|1) N (2A|2)(2D|1)(5D|1) N (2D|1)(5D|1)(0D|1\/2) N (5D|1)(0D|1\/2)(3D|1\/2) N (0D|1\/2)(3D|1\/2)(4D|1) N (3D|1\/2)(4D|1)(7A|4) N (4D|1)(7A|4)(0D|1) N (7A|4)(0D|1)(5A|1) N (0D|1)(5A|1)(0D|1\/2) N (5A|1)(0D|1\/2)(4A|1) N (0D|1\/2)(4A|1)(2D|1) N (4A|1)(2D|1)(2D|1) N (2D|1)(2D|1)(5D|1) N (2D|1)(5D|1)(3D|1) N (5D|1)(3D|1)(3A|2) N (3D|1)(3A|2)(0D|3) N (3A|2)(0D|3)(7A|1\/3) N (0D|3)(7A|1\/3)(2D|1) N (7A|1\/3)(2D|1)(0D|1) N (2D|1)(0D|1)(5D|1) N (0D|1)(5D|1)(0D|1) N (5D|1)(0D|1)(7A|2) N (0D|1)(7A|2)(0D|1\/2) N (7A|2)(0D|1\/2)(7D|1) N (0D|1\/2)(7D|1)(7D|1) N (7D|1)(7D|1)(7A|1) N (7D|1)(7A|1)(3D|1\/2) N (7A|1)(3D|1\/2)(3A|1) N (3D|1\/2)(3A|1)(5A|2) N (3A|1)(5A|2)(0D|3) N (5A|2)(0D|3)(4A|1\/3) N (0D|3)(4A|1\/3)(2D|1) N (4A|1\/3)(2D|1)(0D|1) N (2D|1)(0D|1)(0D|1) N (0D|1)(0D|1)(0D|1) N (0D|1)(0D|1)(0D|3) N (0D|1)(0D|3)(2D|1\/3) N (0D|3)(2D|1\/3)(0D|1) N (2D|1\/3)(0D|1)(5D|1) N (0D|1)(5D|1)(7A|1) N (5D|1)(7A|1)(0D|1) N (7A|1)(0D|1)(2D|3) N (0D|1)(2D|3)(2A|1\/3) N (2D|3)(2A|1\/3)(2D|1) N (2A|1\/3)(2D|1)(0D|1) N (2D|1)(0D|1)(0D|1\/2) N (0D|1)(0D|1\/2)(5D|1\/2) N (0D|1\/2)(5D|1\/2)(3D|1) N (5D|1\/2)(3D|1)(3A|2) N (3D|1)(3A|2)(0D|1\/2) N (3A|2)(0D|1\/2)(0D|1) N (0D|1\/2)(0D|1)(3D|12) N ","lyricist":"","composer":"","corpus_ref":"all:composers:bach:bach:chorals","id":"all:composers:bach:bach:chorals:bwv128.5:P2-1","title":"Die Wollust dieser Welt","rhythm":"(1)(1)(1) N (1)(1)(1) N (1)(1)(3) N (1)(3)(1\/6) N (3)(1\/6)(1) N (1\/6)(1)(1) N (1)(1)(1) N (1)(1)(2) N (1)(2)(1) N (2)(1)(1) N (1)(1)(1\/2) N (1)(1\/2)(1\/2) N (1\/2)(1\/2)(1) N (1\/2)(1)(4) N (1)(4)(1) N (4)(1)(1) N (1)(1)(1\/2) N (1)(1\/2)(1) N (1\/2)(1)(1) N (1)(1)(1) N (1)(1)(1) N (1)(1)(1) N (1)(1)(2) N (1)(2)(3) N (2)(3)(1\/3) N (3)(1\/3)(1) N (1\/3)(1)(1) N (1)(1)(1) N (1)(1)(1) N (1)(1)(2) N (1)(2)(1\/2) N (2)(1\/2)(1) N (1\/2)(1)(1) N (1)(1)(1) N (1)(1)(1\/2) N (1)(1\/2)(1) N (1\/2)(1)(2) N (1)(2)(3) N (2)(3)(1\/3) N (3)(1\/3)(1) N (1\/3)(1)(1) N (1)(1)(1) N (1)(1)(1) N (1)(1)(3) N (1)(3)(1\/3) N (3)(1\/3)(1) N (1\/3)(1)(1) N (1)(1)(1) N (1)(1)(1) N (1)(1)(3) N (1)(3)(1\/3) N (3)(1\/3)(1) N (1\/3)(1)(1) N (1)(1)(1\/2) N (1)(1\/2)(1\/2) N (1\/2)(1\/2)(1) N (1\/2)(1)(2) N (1)(2)(1\/2) N (2)(1\/2)(1) N (1\/2)(1)(12) N "}