{"voice":"P4-1","diatonic":"2D;2D;4D; N 2D;4D;2A; N 4D;2A;3D; N 2A;3D;2A; N 3D;2A;2A; N 2A;2A;5D; N 2A;5D;3A; N 5D;3A;5A; N 3A;5A;2A; N 5A;2A;4D; N 2A;4D;4A; N 4D;4A;2D; N 4A;2D;2D; N 2D;2D;2D; N 2D;2D;2D; N 2D;2D;4A; N 2D;4A;2D; N 4A;2D;2D; N 2D;2D;2D; N 2D;2D;2D; N 2D;2D;2D; N 2D;2D;2D; N 2D;2D;2D; N 2D;2D;2A; N 2D;2A;4A; N 2A;4A;2A; N 4A;2A;5D; N 2A;5D;3A; N 5D;3A;5A; N 3A;5A;2A; N 5A;2A;4D; N 2A;4D;6A; N 4D;6A;5D; N 6A;5D;3D; N 5D;3D;4A; N 3D;4A;3A; N 4A;3A;5D; N 3A;5D;2A; N 5D;2A;2A; N 2A;2A;2A; N 2A;2A;2A; N 2A;2A;2A; N 2A;2A;3D; N 2A;3D;2D; N 3D;2D;2D; N 2D;2D;2A; N 2D;2A;5D; N ","ref":"all:composers:bach:bach:chorals:bwv40.3","melody":"1D;2D;5D; N 2D;5D;1A; N 5D;1A;3D; N 1A;3D;1A; N 3D;1A;1A; N 1A;1A;7D; N 1A;7D;3A; N 7D;3A;7A; N 3A;7A;2A; N 7A;2A;5D; N 2A;5D;5A; N 5D;5A;2D; N 5A;2D;2D; N 2D;2D;1D; N 2D;1D;2D; N 1D;2D;5A; N 2D;5A;2D; N 5A;2D;1D; N 2D;1D;2D; N 1D;2D;2D; N 2D;2D;1D; N 2D;1D;2D; N 1D;2D;1D; N 2D;1D;1A; N 1D;1A;5A; N 1A;5A;2A; N 5A;2A;7D; N 2A;7D;3A; N 7D;3A;7A; N 3A;7A;2A; N 7A;2A;5D; N 2A;5D;8A; N 5D;8A;6D; N 8A;6D;4D; N 6D;4D;5A; N 4D;5A;4A; N 5A;4A;7D; N 4A;7D;1A; N 7D;1A;1A; N 1A;1A;1A; N 1A;1A;1A; N 1A;1A;1A; N 1A;1A;4D; N 1A;4D;1D; N 4D;1D;1D; N 1D;1D;1A; N 1D;1A;7D; N ","notes":"(1D|1)(2D|2)(5D|1) N (2D|2)(5D|1)(1A|1) N (5D|1)(1A|1)(3D|1) N (1A|1)(3D|1)(1A|1) N (3D|1)(1A|1)(1A|1) N (1A|1)(1A|1)(7D|1) N (1A|1)(7D|1)(3A|1) N (7D|1)(3A|1)(7A|1) N (3A|1)(7A|1)(2A|1) N (7A|1)(2A|1)(5D|1) N (2A|1)(5D|1)(0D|1) N (5D|1)(0D|1)(5A|1\/2) N (0D|1)(5A|1\/2)(2D|1) N (5A|1\/2)(2D|1)(2D|1) N (2D|1)(2D|1)(1D|1) N (2D|1)(1D|1)(2D|2) N (1D|1)(2D|2)(5A|1\/2) N (2D|2)(5A|1\/2)(2D|1) N (5A|1\/2)(2D|1)(1D|1) N (2D|1)(1D|1)(2D|1) N (1D|1)(2D|1)(2D|1) N (2D|1)(2D|1)(1D|1) N (2D|1)(1D|1)(2D|1) N (1D|1)(2D|1)(1D|1) N (2D|1)(1D|1)(1A|2) N (1D|1)(1A|2)(5A|1) N (1A|2)(5A|1)(2A|1) N (5A|1)(2A|1)(7D|1) N (2A|1)(7D|1)(3A|1) N (7D|1)(3A|1)(7A|1) N (3A|1)(7A|1)(2A|1) N (7A|1)(2A|1)(5D|1) N (2A|1)(5D|1)(8A|1) N (5D|1)(8A|1)(6D|1) N (8A|1)(6D|1)(4D|1) N (6D|1)(4D|1)(5A|1) N (4D|1)(5A|1)(4A|1) N (5A|1)(4A|1)(7D|1) N (4A|1)(7D|1)(1A|1) N (7D|1)(1A|1)(1A|1) N (1A|1)(1A|1)(1A|1) N (1A|1)(1A|1)(1A|1) N (1A|1)(1A|1)(1A|1) N (1A|1)(1A|1)(4D|1) N (1A|1)(4D|1)(1D|1) N (4D|1)(1D|1)(1D|1) N (1D|1)(1D|1)(1A|1) N (1D|1)(1A|1)(7D|1) N ","lyricist":"","composer":"","corpus_ref":"all:composers:bach:bach:chorals","id":"all:composers:bach:bach:chorals:bwv40.3:P4-1","title":"Wir Christenleut","rhythm":"(1)(2)(1) N (2)(1)(1) N (1)(1)(1) N (1)(1)(1) N (1)(1)(1) N (1)(1)(1) N (1)(1)(1) N (1)(1)(1) N (1)(1)(1) N (1)(1)(1) N (1)(1)(1) N (1)(1)(1\/2) N (1)(1\/2)(1) N (1\/2)(1)(1) N (1)(1)(1) N (1)(1)(2) N (1)(2)(1\/2) N (2)(1\/2)(1) N (1\/2)(1)(1) N (1)(1)(1) N (1)(1)(1) N (1)(1)(1) N (1)(1)(1) N (1)(1)(1) N (1)(1)(2) N (1)(2)(1) N (2)(1)(1) N (1)(1)(1) N (1)(1)(1) N (1)(1)(1) N (1)(1)(1) N (1)(1)(1) N (1)(1)(1) N (1)(1)(1) N (1)(1)(1) N (1)(1)(1) N (1)(1)(1) N (1)(1)(1) N (1)(1)(1) N (1)(1)(1) N (1)(1)(1) N (1)(1)(1) N (1)(1)(1) N (1)(1)(1) N (1)(1)(1) N (1)(1)(1) N (1)(1)(1) N (1)(1)(1) N "}