{"voice":"P1-1","diatonic":"2D;4A;2A; N 4A;2A;2A; N 2A;2A;2D; N 2A;2D;2A; N 2D;2A;2A; N 2A;2A;2A; N 2A;2A;2D; N 2A;2D;2A; N 2D;2A;3D; N 2A;3D;2A; N 3D;2A;3A; N 2A;3A;2D; N 3A;2D;2A; N 2D;2A;2D; N 2A;2D;3D; N 2D;3D;3D; N 3D;3D;3D; N 3D;3D;2A; N 3D;2A;2D; N 2A;2D;2D; N 2D;2D;3A; N 2D;3A;3A; N 3A;3A;2D; N 3A;2D;2D; N 2D;2D;2A; N 2D;2A;3D; N 2A;3D;2A; N 3D;2A;2D; N ","ref":"all:composers:bach:bach:chorals:bwv387","melody":"2D;5A;2A; N 5A;2A;2A; N 2A;2A;1D; N 2A;1D;1A; N 1D;1A;2A; N 1A;2A;1A; N 2A;1A;1D; N 1A;1D;1A; N 1D;1A;3D; N 1A;3D;2A; N 3D;2A;3A; N 2A;3A;1D; N 3A;1D;1A; N 1D;1A;2D; N 1A;2D;3D; N 2D;3D;4D; N 3D;4D;3D; N 4D;3D;2A; N 3D;2A;2D; N 2A;2D;1D; N 2D;1D;3A; N 1D;3A;3A; N 3A;3A;2D; N 3A;2D;1D; N 2D;1D;1A; N 1D;1A;3D; N 1A;3D;2A; N 3D;2A;2D; N ","notes":"(0D|1)(2D|1)(5A|1) N (2D|1)(5A|1)(2A|1) N (5A|1)(2A|1)(2A|3\/2) N (2A|1)(2A|3\/2)(1D|1\/3) N (2A|3\/2)(1D|1\/3)(1A|2) N (1D|1\/3)(1A|2)(2A|1) N (1A|2)(2A|1)(1A|1) N (2A|1)(1A|1)(1D|1) N (1A|1)(1D|1)(1A|1) N (1D|1)(1A|1)(3D|1) N (1A|1)(3D|1)(2A|1\/2) N (3D|1)(2A|1\/2)(3A|2) N (2A|1\/2)(3A|2)(1D|1\/2) N (3A|2)(1D|1\/2)(1A|2) N (1D|1\/2)(1A|2)(0D|1) N (1A|2)(0D|1)(2D|1) N (0D|1)(2D|1)(3D|1) N (2D|1)(3D|1)(4D|1) N (3D|1)(4D|1)(3D|1) N (4D|1)(3D|1)(2A|1) N (3D|1)(2A|1)(2D|1) N (2A|1)(2D|1)(1D|1) N (2D|1)(1D|1)(3A|1) N (1D|1)(3A|1)(3A|1\/2) N (3A|1)(3A|1\/2)(2D|1) N (3A|1\/2)(2D|1)(1D|2) N (2D|1)(1D|2)(1A|1) N (1D|2)(1A|1)(3D|1) N (1A|1)(3D|1)(2A|3\/2) N (3D|1)(2A|3\/2)(0D|1\/3) N (2A|3\/2)(0D|1\/3)(2D|2) N ","lyricist":"","composer":"","corpus_ref":"all:composers:bach:bach:chorals","id":"all:composers:bach:bach:chorals:bwv387:P1-1","title":"Ihr lieben Christen, freut euch nun","rhythm":"(1)(1)(1) N (1)(1)(1) N (1)(1)(3\/2) N (1)(3\/2)(1\/3) N (3\/2)(1\/3)(2) N (1\/3)(2)(1) N (2)(1)(1) N (1)(1)(1) N (1)(1)(1) N (1)(1)(1) N (1)(1)(1\/2) N (1)(1\/2)(2) N (1\/2)(2)(1\/2) N (2)(1\/2)(2) N (1\/2)(2)(1) N (2)(1)(1) N (1)(1)(1) N (1)(1)(1) N (1)(1)(1) N (1)(1)(1) N (1)(1)(1) N (1)(1)(1) N (1)(1)(1) N (1)(1)(1\/2) N (1)(1\/2)(1) N (1\/2)(1)(2) N (1)(2)(1) N (2)(1)(1) N (1)(1)(3\/2) N (1)(3\/2)(1\/3) N (3\/2)(1\/3)(2) N "}