{"voice":"P7-1","diatonic":"5D;2A;2A; N 2A;2A;4D; N 2A;4D;2A; N 4D;2A;2A; N 2A;2A;4A; N 2A;4A;3D; N 4A;3D;2D; N 3D;2D;4A; N 2D;4A;5D; N 4A;5D;2D; N 5D;2D;2A; N 2D;2A;2A; N 2A;2A;4D; N 2A;4D;2A; N 4D;2A;2A; N 2A;2A;2A; N 2A;2A;5D; N 2A;5D;2A; N 5D;2A;2D; N 2A;2D;2D; N 2D;2D;2A; N 2D;2A;2A; N 2A;2A;2D; N 2A;2D;2A; N 2D;2A;2A; N 2A;2A;2A; N 2A;2A;2A; N 2A;2A;2A; N 2A;2A;2A; N 2A;2A;2A; N 2A;2A;2A; N 2A;2A;2D; N 2A;2D;4A; N 2D;4A;3D; N 4A;3D;4A; N 3D;4A;2D; N 4A;2D;4A; N 2D;4A;2D; N 4A;2D;2D; N 2D;2D;5D; N 2D;5D;2A; N 5D;2A;2A; N 2A;2A;2D; N 2A;2D;4A; N 2D;4A;5A; N 4A;5A;2D; N 5A;2D;2D; N 2D;2D;2D; N 2D;2D;2D; N 2D;2D;2D; N 2D;2D;4A; N 2D;4A;2D; N 4A;2D;2D; N 2D;2D;2D; N 2D;2D;4A; N 2D;4A;5D; N 4A;5D;2D; N 5D;2D;2A; N 2D;2A;2A; N 2A;2A;2A; N 2A;2A;2A; N 2A;2A;2A; N 2A;2A;5D; N 2A;5D;2A; N 5D;2A;5D; N 2A;5D;5A; N 5D;5A;4D; N 5A;4D;5A; N 4D;5A;4D; N 5A;4D;2A; N 4D;2A;2A; N 2A;2A;2A; N 2A;2A;2D; N 2A;2D;2D; N 2D;2D;2D; N 2D;2D;2D; N 2D;2D;2D; N 2D;2D;2D; N 2D;2D;2A; N 2D;2A;2A; N 2A;2A;4A; N 2A;4A;4A; N 4A;4A;2D; N 4A;2D;2D; N 2D;2D;2D; N 2D;2D;2D; N 2D;2D;2D; N 2D;2D;2D; N 2D;2D;2D; N 2D;2D;2D; N 2D;2D;2A; N 2D;2A;2A; N 2A;2A;2A; N 2A;2A;2A; N 2A;2A;2A; N 2A;2A;2A; N 2A;2A;5D; N 2A;5D;5A; N 5D;5A;5D; N 5A;5D;2A; N 5D;2A;2A; N 2A;2A;2A; N 2A;2A;2A; N 2A;2A;2A; N 2A;2A;2A; N 2A;2A;2A; N 2A;2A;2D; N 2A;2D;2D; N 2D;2D;4D; N 2D;4D;2A; N 4D;2A;2A; N 2A;2A;5D; N ","ref":"all:composers:bach:bach:chorals:bwv175.7","melody":"7D;2A;2A; N 2A;2A;5D; N 2A;5D;1A; N 5D;1A;2A; N 1A;2A;5A; N 2A;5A;3D; N 5A;3D;2D; N 3D;2D;5A; N 2D;5A;7D; N 5A;7D;1D; N 7D;1D;1A; N 1D;1A;2A; N 1A;2A;5D; N 2A;5D;2A; N 5D;2A;1A; N 2A;1A;2A; N 1A;2A;7D; N 2A;7D;12A; N 7D;12A;1D; N 12A;1D;2D; N 1D;2D;2A; N 2D;2A;1A; N 2A;1A;12D; N 1A;12D;2A; N 12D;2A;2A; N 2A;2A;1A; N 2A;1A;2A; N 1A;2A;2A; N 2A;2A;2A; N 2A;2A;1A; N 2A;1A;2A; N 1A;2A;12D; N 2A;12D;5A; N 12D;5A;3D; N 5A;3D;5A; N 3D;5A;2D; N 5A;2D;5A; N 2D;5A;2D; N 5A;2D;1D; N 2D;1D;7D; N 1D;7D;2A; N 7D;2A;1A; N 2A;1A;1D; N 1A;1D;5A; N 1D;5A;7A; N 5A;7A;2D; N 7A;2D;2D; N 2D;2D;1D; N 2D;1D;2D; N 1D;2D;2D; N 2D;2D;5A; N 2D;5A;1D; N 5A;1D;2D; N 1D;2D;2D; N 2D;2D;5A; N 2D;5A;7D; N 5A;7D;1D; N 7D;1D;1A; N 1D;1A;2A; N 1A;2A;2A; N 2A;2A;2A; N 2A;2A;1A; N 2A;1A;7D; N 1A;7D;2A; N 7D;2A;7D; N 2A;7D;7A; N 7D;7A;5D; N 7A;5D;7A; N 5D;7A;5D; N 7A;5D;1A; N 5D;1A;2A; N 1A;2A;2A; N 2A;2A;2D; N 2A;2D;1D; N 2D;1D;2D; N 1D;2D;2D; N 2D;2D;2D; N 2D;2D;1D; N 2D;1D;1A; N 1D;1A;2A; N 1A;2A;5A; N 2A;5A;5A; N 5A;5A;1D; N 5A;1D;2D; N 1D;2D;2D; N 2D;2D;2D; N 2D;2D;1D; N 2D;1D;2D; N 1D;2D;2D; N 2D;2D;1D; N 2D;1D;2A; N 1D;2A;1A; N 2A;1A;2A; N 1A;2A;1A; N 2A;1A;1A; N 1A;1A;1A; N 1A;1A;7D; N 1A;7D;7A; N 7D;7A;7D; N 7A;7D;2A; N 7D;2A;2A; N 2A;2A;1A; N 2A;1A;2A; N 1A;2A;2A; N 2A;2A;2A; N 2A;2A;1A; N 2A;1A;1D; N 1A;1D;2D; N 1D;2D;5D; N 2D;5D;1A; N 5D;1A;2A; N 1A;2A;7D; N ","notes":"(7D|1)(2A|1)(2A|1) N (2A|1)(2A|1)(5D|1\/2) N (2A|1)(5D|1\/2)(1A|1) N (5D|1\/2)(1A|1)(2A|4) N (1A|1)(2A|4)(5A|1\/2) N (2A|4)(5A|1\/2)(3D|1) N (5A|1\/2)(3D|1)(2D|3) N (3D|1)(2D|3)(5A|1\/3) N (2D|3)(5A|1\/3)(7D|1) N (5A|1\/3)(7D|1)(1D|1\/2) N (7D|1)(1D|1\/2)(1A|1) N (1D|1\/2)(1A|1)(2A|2) N (1A|1)(2A|2)(5D|1) N (2A|2)(5D|1)(2A|1\/2) N (5D|1)(2A|1\/2)(1A|1) N (2A|1\/2)(1A|1)(2A|2) N (1A|1)(2A|2)(7D|2) N (2A|2)(7D|2)(26A|1\/2) N (7D|2)(26A|1\/2)(14D|1) N (26A|1\/2)(14D|1)(1D|1) N (14D|1)(1D|1)(2D|1\/2) N (1D|1)(2D|1\/2)(2A|1) N (2D|1\/2)(2A|1)(1A|2) N (2A|1)(1A|2)(12D|1\/2) N (1A|2)(12D|1\/2)(2A|1) N (12D|1\/2)(2A|1)(2A|1) N (2A|1)(2A|1)(1A|1) N (2A|1)(1A|1)(2A|2) N (1A|1)(2A|2)(2A|1) N (2A|2)(2A|1)(2A|1\/2) N (2A|1)(2A|1\/2)(1A|1) N (2A|1\/2)(1A|1)(2A|2) N (1A|1)(2A|2)(12D|1) N (2A|2)(12D|1)(5A|3) N (12D|1)(5A|3)(3D|1\/3) N (5A|3)(3D|1\/3)(5A|1) N (3D|1\/3)(5A|1)(2D|1) N (5A|1)(2D|1)(5A|3\/2) N (2D|1)(5A|3\/2)(2D|1\/3) N (5A|3\/2)(2D|1\/3)(1D|2) N (2D|1\/3)(1D|2)(7D|1) N (1D|2)(7D|1)(2A|1) N (7D|1)(2A|1)(1A|1) N (2A|1)(1A|1)(1D|3) N (1A|1)(1D|3)(5A|1\/3) N (1D|3)(5A|1\/3)(7A|1) N (5A|1\/3)(7A|1)(2D|1\/2) N (7A|1)(2D|1\/2)(2D|1) N (2D|1\/2)(2D|1)(1D|1) N (2D|1)(1D|1)(2D|1) N (1D|1)(2D|1)(2D|2) N (2D|1)(2D|2)(5A|1\/2) N (2D|2)(5A|1\/2)(1D|1) N (5A|1\/2)(1D|1)(2D|2) N (1D|1)(2D|2)(2D|2) N (2D|2)(2D|2)(19A|1\/2) N (2D|2)(19A|1\/2)(14D|1) N (19A|1\/2)(14D|1)(7D|1) N (14D|1)(7D|1)(1D|1\/2) N (7D|1)(1D|1\/2)(1A|1) N (1D|1\/2)(1A|1)(2A|2) N (1A|1)(2A|2)(2A|1\/2) N (2A|2)(2A|1\/2)(2A|1) N (2A|1\/2)(2A|1)(1A|1) N (2A|1)(1A|1)(7D|1) N (1A|1)(7D|1)(2A|2) N (7D|1)(2A|2)(7D|3) N (2A|2)(7D|3)(0D|1\/3) N (7D|3)(0D|1\/3)(7A|1) N (0D|1\/3)(7A|1)(5D|1) N (7A|1)(5D|1)(7A|1) N (5D|1)(7A|1)(5D|1\/2) N (7A|1)(5D|1\/2)(1A|1) N (5D|1\/2)(1A|1)(2A|1) N (1A|1)(2A|1)(2A|1) N (2A|1)(2A|1)(2D|1) N (2A|1)(2D|1)(1D|1) N (2D|1)(1D|1)(2D|1) N (1D|1)(2D|1)(2D|1) N (2D|1)(2D|1)(2D|1) N (2D|1)(2D|1)(1D|1) N (2D|1)(1D|1)(1A|2) N (1D|1)(1A|2)(2A|1) N (1A|2)(2A|1)(5A|2) N (2A|1)(5A|2)(19A|1\/2) N (5A|2)(19A|1\/2)(14D|1\/2) N (19A|1\/2)(14D|1\/2)(1D|1) N (14D|1\/2)(1D|1)(2D|2) N (1D|1)(2D|2)(2D|1\/2) N (2D|2)(2D|1\/2)(2D|1) N (2D|1\/2)(2D|1)(1D|1) N (2D|1)(1D|1)(2D|1) N (1D|1)(2D|1)(2D|1) N (2D|1)(2D|1)(1D|1) N (2D|1)(1D|1)(2A|2) N (1D|1)(2A|2)(1A|1) N (2A|2)(1A|1)(2A|1) N (1A|1)(2A|1)(1A|1) N (2A|1)(1A|1)(1A|1) N (1A|1)(1A|1)(1A|1) N (1A|1)(1A|1)(7D|3) N (1A|1)(7D|3)(7A|1\/3) N (7D|3)(7A|1\/3)(7D|1\/2) N (7A|1\/3)(7D|1\/2)(2A|1) N (7D|1\/2)(2A|1)(2A|2) N (2A|1)(2A|2)(1A|1\/2) N (2A|2)(1A|1\/2)(2A|1) N (1A|1\/2)(2A|1)(2A|1) N (2A|1)(2A|1)(2A|1) N (2A|1)(2A|1)(1A|6) N (2A|1)(1A|6)(1D|1\/3) N (1A|6)(1D|1\/3)(2D|1) N (1D|1\/3)(2D|1)(5D|1\/2) N (2D|1)(5D|1\/2)(1A|1) N (5D|1\/2)(1A|1)(2A|4) N (1A|1)(2A|4)(7D|3\/2) N ","lyricist":"","composer":"","corpus_ref":"all:composers:bach:bach:chorals","id":"all:composers:bach:bach:chorals:bwv175.7:P7-1","title":"Komm, heiliger Geist, Herre Gott","rhythm":"(1)(1)(1) N (1)(1)(1\/2) N (1)(1\/2)(1) N (1\/2)(1)(4) N (1)(4)(1\/2) N (4)(1\/2)(1) N (1\/2)(1)(3) N (1)(3)(1\/3) N (3)(1\/3)(1) N (1\/3)(1)(1\/2) N (1)(1\/2)(1) N (1\/2)(1)(2) N (1)(2)(1) N (2)(1)(1\/2) N (1)(1\/2)(1) N (1\/2)(1)(2) N (1)(2)(2) N (2)(2)(-1) N (2)(-1)(1) N (-1)(1)(1) N (1)(1)(1\/2) N (1)(1\/2)(1) N (1\/2)(1)(2) N (1)(2)(1\/2) N (2)(1\/2)(1) N (1\/2)(1)(1) N (1)(1)(1) N (1)(1)(2) N (1)(2)(1) N (2)(1)(1\/2) N (1)(1\/2)(1) N (1\/2)(1)(2) N (1)(2)(1) N (2)(1)(3) N (1)(3)(1\/3) N (3)(1\/3)(1) N (1\/3)(1)(1) N (1)(1)(3\/2) N (1)(3\/2)(1\/3) N (3\/2)(1\/3)(2) N (1\/3)(2)(1) N (2)(1)(1) N (1)(1)(1) N (1)(1)(3) N (1)(3)(1\/3) N (3)(1\/3)(1) N (1\/3)(1)(1\/2) N (1)(1\/2)(1) N (1\/2)(1)(1) N (1)(1)(1) N (1)(1)(2) N (1)(2)(1\/2) N (2)(1\/2)(1) N (1\/2)(1)(2) N (1)(2)(2) N (2)(2)(-1) N (2)(-1)(1) N (-1)(1)(1) N (1)(1)(1\/2) N (1)(1\/2)(1) N (1\/2)(1)(2) N (1)(2)(1\/2) N (2)(1\/2)(1) N (1\/2)(1)(1) N (1)(1)(1) N (1)(1)(2) N (1)(2)(3) N (2)(3)(1\/3) N (3)(1\/3)(1) N (1\/3)(1)(1) N (1)(1)(1) N (1)(1)(1\/2) N (1)(1\/2)(1) N (1\/2)(1)(1) N (1)(1)(1) N (1)(1)(1) N (1)(1)(1) N (1)(1)(1) N (1)(1)(1) N (1)(1)(1) N (1)(1)(1) N (1)(1)(2) N (1)(2)(1) N (2)(1)(2) N (1)(2)(-1) N (2)(-1)(1\/2) N (-1)(1\/2)(1) N (1\/2)(1)(2) N (1)(2)(1\/2) N (2)(1\/2)(1) N (1\/2)(1)(1) N (1)(1)(1) N (1)(1)(1) N (1)(1)(1) N (1)(1)(2) N (1)(2)(1) N (2)(1)(1) N (1)(1)(1) N (1)(1)(1) N (1)(1)(1) N (1)(1)(3) N (1)(3)(1\/3) N (3)(1\/3)(1\/2) N (1\/3)(1\/2)(1) N (1\/2)(1)(2) N (1)(2)(1\/2) N (2)(1\/2)(1) N (1\/2)(1)(1) N (1)(1)(1) N (1)(1)(6) N (1)(6)(1\/3) N (6)(1\/3)(1) N (1\/3)(1)(1\/2) N (1)(1\/2)(1) N (1\/2)(1)(4) N (1)(4)(3\/2) N "}