{"voice":"P4-1","diatonic":"2A;2A;2A; N 2A;2A;2D; N 2A;2D;2D; N 2D;2D;2D; N 2D;2D;2A; N 2D;2A;4A; N 2A;4A;3D; N 4A;3D;4A; N 3D;4A;2A; N 4A;2A;2A; N 2A;2A;2D; N 2A;2D;2D; N 2D;2D;3D; N 2D;3D;2A; N 3D;2A;2D; N 2A;2D;4A; N 2D;4A;2A; N 4A;2A;2A; N 2A;2A;2A; N 2A;2A;2D; N 2A;2D;2D; N 2D;2D;2D; N 2D;2D;2A; N 2D;2A;4A; N 2A;4A;3D; N 4A;3D;4A; N 3D;4A;2A; N 4A;2A;2A; N 2A;2A;2D; N 2A;2D;2D; N 2D;2D;3D; N 2D;3D;2A; N 3D;2A;2D; N 2A;2D;4A; N 2D;4A;2A; N 4A;2A;2D; N 2A;2D;2D; N 2D;2D;2D; N 2D;2D;2D; N 2D;2D;2A; N 2D;2A;2A; N 2A;2A;2A; N 2A;2A;2A; N 2A;2A;2A; N 2A;2A;5D; N 2A;5D;3D; N 5D;3D;2A; N 3D;2A;5A; N 2A;5A;2D; N 5A;2D;2A; N 2D;2A;2A; N 2A;2A;2A; N 2A;2A;2D; N 2A;2D;5A; N 2D;5A;3D; N 5A;3D;2A; N 3D;2A;2A; N 2A;2A;2A; N 2A;2A;2A; N 2A;2A;2A; N 2A;2A;6D; N 2A;6D;2A; N 6D;2A;2A; N 2A;2A;2A; N 2A;2A;2D; N 2A;2D;2D; N 2D;2D;2A; N 2D;2A;5D; N ","ref":"all:composers:bach:bach:chorals:bwv401","melody":"2A;2A;1A; N 2A;1A;1D; N 1A;1D;2D; N 1D;2D;2D; N 2D;2D;2A; N 2D;2A;5A; N 2A;5A;3D; N 5A;3D;5A; N 3D;5A;2A; N 5A;2A;1A; N 2A;1A;1D; N 1A;1D;2D; N 1D;2D;4D; N 2D;4D;2A; N 4D;2A;12D; N 2A;12D;5A; N 12D;5A;2A; N 5A;2A;2A; N 2A;2A;1A; N 2A;1A;1D; N 1A;1D;2D; N 1D;2D;2D; N 2D;2D;2A; N 2D;2A;5A; N 2A;5A;3D; N 5A;3D;5A; N 3D;5A;2A; N 5A;2A;1A; N 2A;1A;1D; N 1A;1D;2D; N 1D;2D;4D; N 2D;4D;2A; N 4D;2A;12D; N 2A;12D;5A; N 12D;5A;12A; N 5A;12A;1D; N 12A;1D;2D; N 1D;2D;2D; N 2D;2D;1D; N 2D;1D;2A; N 1D;2A;1A; N 2A;1A;2A; N 1A;2A;1A; N 2A;1A;2A; N 1A;2A;7D; N 2A;7D;3D; N 7D;3D;1A; N 3D;1A;7A; N 1A;7A;1D; N 7A;1D;1A; N 1D;1A;1A; N 1A;1A;1A; N 1A;1A;12D; N 1A;12D;7A; N 12D;7A;4D; N 7A;4D;1A; N 4D;1A;1A; N 1A;1A;2A; N 1A;2A;2A; N 2A;2A;1A; N 2A;1A;8D; N 1A;8D;1A; N 8D;1A;2A; N 1A;2A;2A; N 2A;2A;2D; N 2A;2D;2D; N 2D;2D;2A; N 2D;2A;7D; N ","notes":"(2A|1)(2A|2)(1A|1) N (2A|2)(1A|1)(0D|1) N (1A|1)(0D|1)(1D|1\/2) N (0D|1)(1D|1\/2)(2D|1) N (1D|1\/2)(2D|1)(2D|2) N (2D|1)(2D|2)(2A|1) N (2D|2)(2A|1)(5A|1) N (2A|1)(5A|1)(3D|1) N (5A|1)(3D|1)(5A|1) N (3D|1)(5A|1)(2A|1) N (5A|1)(2A|1)(1A|1\/2) N (2A|1)(1A|1\/2)(1D|1) N (1A|1\/2)(1D|1)(2D|1) N (1D|1)(2D|1)(4D|1) N (2D|1)(4D|1)(2A|2) N (4D|1)(2A|2)(12D|1) N (2A|2)(12D|1)(5A|1) N (12D|1)(5A|1)(0D|1\/2) N (5A|1)(0D|1\/2)(2A|1) N (0D|1\/2)(2A|1)(2A|2) N (2A|1)(2A|2)(1A|1) N (2A|2)(1A|1)(0D|1) N (1A|1)(0D|1)(1D|1\/2) N (0D|1)(1D|1\/2)(2D|1) N (1D|1\/2)(2D|1)(2D|2) N (2D|1)(2D|2)(2A|1) N (2D|2)(2A|1)(5A|1) N (2A|1)(5A|1)(3D|1) N (5A|1)(3D|1)(5A|1) N (3D|1)(5A|1)(2A|1) N (5A|1)(2A|1)(1A|1\/2) N (2A|1)(1A|1\/2)(1D|1) N (1A|1\/2)(1D|1)(2D|1) N (1D|1)(2D|1)(4D|1) N (2D|1)(4D|1)(2A|2) N (4D|1)(2A|2)(12D|1) N (2A|2)(12D|1)(5A|1) N (12D|1)(5A|1)(12A|1) N (5A|1)(12A|1)(0D|1\/2) N (12A|1)(0D|1\/2)(1D|1) N (0D|1\/2)(1D|1)(2D|1) N (1D|1)(2D|1)(2D|1) N (2D|1)(2D|1)(1D|2) N (2D|1)(1D|2)(2A|1) N (1D|2)(2A|1)(1A|1\/2) N (2A|1)(1A|1\/2)(2A|1) N (1A|1\/2)(2A|1)(1A|1) N (2A|1)(1A|1)(2A|1) N (1A|1)(2A|1)(7D|2) N (2A|1)(7D|2)(3D|1) N (7D|2)(3D|1)(1A|1) N (3D|1)(1A|1)(7A|1) N (1A|1)(7A|1)(0D|1\/2) N (7A|1)(0D|1\/2)(1D|1) N (0D|1\/2)(1D|1)(1A|2) N (1D|1)(1A|2)(0D|1\/2) N (1A|2)(0D|1\/2)(1A|1) N (0D|1\/2)(1A|1)(1A|1) N (1A|1)(1A|1)(12D|1) N (1A|1)(12D|1)(7A|2) N (12D|1)(7A|2)(4D|1\/2) N (7A|2)(4D|1\/2)(1A|1) N (4D|1\/2)(1A|1)(1A|2) N (1A|1)(1A|2)(2A|1) N (1A|2)(2A|1)(2A|1) N (2A|1)(2A|1)(1A|1) N (2A|1)(1A|1)(8D|1\/2) N (1A|1)(8D|1\/2)(1A|1\/2) N (8D|1\/2)(1A|1\/2)(2A|1) N (1A|1\/2)(2A|1)(2A|2) N (2A|1)(2A|2)(2D|1) N (2A|2)(2D|1)(2D|2) N (2D|1)(2D|2)(2A|1) N (2D|2)(2A|1)(7D|3) N ","lyricist":"","composer":"","corpus_ref":"all:composers:bach:bach:chorals","id":"all:composers:bach:bach:chorals:bwv401:P4-1","title":"O Lamm Gottes, unschuldig","rhythm":"(1)(2)(1) N (2)(1)(1) N (1)(1)(1\/2) N (1)(1\/2)(1) N (1\/2)(1)(2) N (1)(2)(1) N (2)(1)(1) N (1)(1)(1) N (1)(1)(1) N (1)(1)(1) N (1)(1)(1\/2) N (1)(1\/2)(1) N (1\/2)(1)(1) N (1)(1)(1) N (1)(1)(2) N (1)(2)(1) N (2)(1)(1) N (1)(1)(1\/2) N (1)(1\/2)(1) N (1\/2)(1)(2) N (1)(2)(1) N (2)(1)(1) N (1)(1)(1\/2) N (1)(1\/2)(1) N (1\/2)(1)(2) N (1)(2)(1) N (2)(1)(1) N (1)(1)(1) N (1)(1)(1) N (1)(1)(1) N (1)(1)(1\/2) N (1)(1\/2)(1) N (1\/2)(1)(1) N (1)(1)(1) N (1)(1)(2) N (1)(2)(1) N (2)(1)(1) N (1)(1)(1) N (1)(1)(1\/2) N (1)(1\/2)(1) N (1\/2)(1)(1) N (1)(1)(1) N (1)(1)(2) N (1)(2)(1) N (2)(1)(1\/2) N (1)(1\/2)(1) N (1\/2)(1)(1) N (1)(1)(1) N (1)(1)(2) N (1)(2)(1) N (2)(1)(1) N (1)(1)(1) N (1)(1)(1\/2) N (1)(1\/2)(1) N (1\/2)(1)(2) N (1)(2)(1\/2) N (2)(1\/2)(1) N (1\/2)(1)(1) N (1)(1)(1) N (1)(1)(2) N (1)(2)(1\/2) N (2)(1\/2)(1) N (1\/2)(1)(2) N (1)(2)(1) N (2)(1)(1) N (1)(1)(1) N (1)(1)(1\/2) N (1)(1\/2)(1\/2) N (1\/2)(1\/2)(1) N (1\/2)(1)(2) N (1)(2)(1) N (2)(1)(2) N (1)(2)(1) N (2)(1)(3) N "}