{"voice":"P2-1","diatonic":"2D;2D;2A; N 2D;2A;2A; N 2A;2A;2D; N 2A;2D;3D; N 2D;3D;4A; N 3D;4A;2A; N 4A;2A;2D; N 2A;2D;2D; N 2D;2D;2D; N 2D;2D;2A; N 2D;2A;2A; N 2A;2A;2D; N 2A;2D;3D; N 2D;3D;4A; N 3D;4A;2A; N 4A;2A;2D; N 2A;2D;2D; N 2D;2D;2A; N 2D;2A;2D; N 2A;2D;2D; N 2D;2D;2D; N 2D;2D;4A; N 2D;4A;2A; N 4A;2A;2A; N 2A;2A;2A; N 2A;2A;2A; N 2A;2A;2D; N 2A;2D;2D; N 2D;2D;2A; N 2D;2A;4D; N 2A;4D;2A; N 4D;2A;2A; N 2A;2A;3D; N ","ref":"all:composers:bach:bach:chorals:bwv308","melody":"2D;1D;1A; N 1D;1A;2A; N 1A;2A;2D; N 2A;2D;3D; N 2D;3D;5A; N 3D;5A;2A; N 5A;2A;2D; N 2A;2D;2D; N 2D;2D;1D; N 2D;1D;1A; N 1D;1A;2A; N 1A;2A;2D; N 2A;2D;3D; N 2D;3D;5A; N 3D;5A;2A; N 5A;2A;2D; N 2A;2D;1D; N 2D;1D;1A; N 1D;1A;1D; N 1A;1D;2D; N 1D;2D;2D; N 2D;2D;5A; N 2D;5A;2A; N 5A;2A;2A; N 2A;2A;1A; N 2A;1A;2A; N 1A;2A;2D; N 2A;2D;1D; N 2D;1D;1A; N 1D;1A;5D; N 1A;5D;2A; N 5D;2A;2A; N 2A;2A;4D; N ","notes":"(0D|1)(2D|1)(1D|1) N (2D|1)(1D|1)(0D|1) N (1D|1)(0D|1)(1A|1) N (0D|1)(1A|1)(2A|1) N (1A|1)(2A|1)(2D|1) N (2A|1)(2D|1)(3D|1) N (2D|1)(3D|1)(5A|1) N (3D|1)(5A|1)(0D|1) N (5A|1)(0D|1)(0D|1) N (0D|1)(0D|1)(2A|1) N (0D|1)(2A|1)(2D|2) N (2A|1)(2D|2)(0D|1\/2) N (2D|2)(0D|1\/2)(0D|1) N (0D|1\/2)(0D|1)(0D|1) N (0D|1)(0D|1)(2D|1) N (0D|1)(2D|1)(1D|1) N (2D|1)(1D|1)(0D|1) N (1D|1)(0D|1)(1A|1) N (0D|1)(1A|1)(2A|1) N (1A|1)(2A|1)(2D|1) N (2A|1)(2D|1)(3D|1) N (2D|1)(3D|1)(5A|1) N (3D|1)(5A|1)(0D|1) N (5A|1)(0D|1)(0D|1) N (0D|1)(0D|1)(2A|1) N (0D|1)(2A|1)(2D|2) N (2A|1)(2D|2)(0D|1\/2) N (2D|2)(0D|1\/2)(0D|1) N (0D|1\/2)(0D|1)(1D|1) N (0D|1)(1D|1)(1A|2) N (1D|1)(1A|2)(1D|1\/4) N (1A|2)(1D|1\/4)(2D|1) N (1D|1\/4)(2D|1)(2D|2) N (2D|1)(2D|2)(0D|1) N (2D|2)(0D|1)(0D|1) N (0D|1)(0D|1)(0D|1) N (0D|1)(0D|1)(5A|1\/2) N (0D|1)(5A|1\/2)(2A|1) N (5A|1\/2)(2A|1)(2A|2) N (2A|1)(2A|2)(1A|1) N (2A|2)(1A|1)(2A|1) N (1A|1)(2A|1)(0D|1\/2) N (2A|1)(0D|1\/2)(2D|1) N (0D|1\/2)(2D|1)(0D|1) N (2D|1)(0D|1)(1D|1) N (0D|1)(1D|1)(1A|2) N (1D|1)(1A|2)(5D|1) N (1A|2)(5D|1)(0D|1) N (5D|1)(0D|1)(2A|1) N (0D|1)(2A|1)(2A|1) N (2A|1)(2A|1)(4D|1) N (2A|1)(4D|1)(0D|2) N (4D|1)(0D|2)(0D|1\/2) N ","lyricist":"","composer":"","corpus_ref":"all:composers:bach:bach:chorals","id":"all:composers:bach:bach:chorals:bwv308:P2-1","title":"Es spricht der Unweisen Mund","rhythm":"(1)(1)(1) N (1)(1)(1) N (1)(1)(1) N (1)(1)(1) N (1)(1)(1) N (1)(1)(1) N (1)(1)(1) N (1)(1)(1) N (1)(1)(1) N (1)(1)(1) N (1)(1)(2) N (1)(2)(1\/2) N (2)(1\/2)(1) N (1\/2)(1)(1) N (1)(1)(1) N (1)(1)(1) N (1)(1)(1) N (1)(1)(1) N (1)(1)(1) N (1)(1)(1) N (1)(1)(1) N (1)(1)(1) N (1)(1)(1) N (1)(1)(1) N (1)(1)(1) N (1)(1)(2) N (1)(2)(1\/2) N (2)(1\/2)(1) N (1\/2)(1)(1) N (1)(1)(2) N (1)(2)(1\/4) N (2)(1\/4)(1) N (1\/4)(1)(2) N (1)(2)(1) N (2)(1)(1) N (1)(1)(1) N (1)(1)(1\/2) N (1)(1\/2)(1) N (1\/2)(1)(2) N (1)(2)(1) N (2)(1)(1) N (1)(1)(1\/2) N (1)(1\/2)(1) N (1\/2)(1)(1) N (1)(1)(1) N (1)(1)(2) N (1)(2)(1) N (2)(1)(1) N (1)(1)(1) N (1)(1)(1) N (1)(1)(1) N (1)(1)(2) N (1)(2)(1\/2) N "}