{"voice":"P3-1","diatonic":"2D;2D;2A; N 2D;2A;2D; N 2A;2D;2D; N 2D;2D;4A; N 2D;4A;2D; N 4A;2D;2A; N 2D;2A;2D; N 2A;2D;2D; N 2D;2D;2A; N 2D;2A;2A; N 2A;2A;2A; N 2A;2A;5D; N 2A;5D;2A; N 5D;2A;2D; N 2A;2D;2D; N 2D;2D;3A; N 2D;3A;2D; N 3A;2D;4A; N 2D;4A;2D; N 4A;2D;2D; N 2D;2D;2D; N 2D;2D;2A; N 2D;2A;2D; N 2A;2D;4A; N ","ref":"all:composers:bach:bach:chorals:bwv194.12","melody":"2D;2D;2A; N 2D;2A;2D; N 2A;2D;1D; N 2D;1D;5A; N 1D;5A;2D; N 5A;2D;2A; N 2D;2A;2D; N 2A;2D;2D; N 2D;2D;2A; N 2D;2A;2A; N 2A;2A;1A; N 2A;1A;6D; N 1A;6D;1A; N 6D;1A;1D; N 1A;1D;2D; N 1D;2D;3A; N 2D;3A;1D; N 3A;1D;5A; N 1D;5A;2D; N 5A;2D;2D; N 2D;2D;1D; N 2D;1D;1A; N 1D;1A;1D; N 1A;1D;5A; N ","notes":"(0D|2)(0D|1\/4)(2D|1) N (0D|1\/4)(2D|1)(2D|2) N (2D|1)(2D|2)(2A|1) N (2D|2)(2A|1)(2D|1) N (2A|1)(2D|1)(0D|2) N (2D|1)(0D|2)(1D|1\/2) N (0D|2)(1D|1\/2)(5A|2) N (1D|1\/2)(5A|2)(0D|1\/2) N (5A|2)(0D|1\/2)(0D|2) N (0D|1\/2)(0D|2)(2D|1\/2) N (0D|2)(2D|1\/2)(0D|2) N (2D|1\/2)(0D|2)(0D|1\/2) N (0D|2)(0D|1\/2)(2A|1) N (0D|1\/2)(2A|1)(2D|1) N (2A|1)(2D|1)(2D|1) N (2D|1)(2D|1)(2A|2) N (2D|1)(2A|2)(2A|1\/2) N (2A|2)(2A|1\/2)(0D|2) N (2A|1\/2)(0D|2)(1A|1\/2) N (0D|2)(1A|1\/2)(6D|2) N (1A|1\/2)(6D|2)(1A|1\/2) N (6D|2)(1A|1\/2)(0D|1) N (1A|1\/2)(0D|1)(1D|1\/2) N (0D|1)(1D|1\/2)(2D|1) N (1D|1\/2)(2D|1)(3A|1) N (2D|1)(3A|1)(1D|1) N (3A|1)(1D|1)(0D|4) N (1D|1)(0D|4)(5A|1\/2) N (0D|4)(5A|1\/2)(0D|1) N (5A|1\/2)(0D|1)(2D|1) N (0D|1)(2D|1)(2D|1) N (2D|1)(2D|1)(0D|1) N (2D|1)(0D|1)(1D|1) N (0D|1)(1D|1)(1A|1) N (1D|1)(1A|1)(0D|2) N (1A|1)(0D|2)(1D|1\/2) N (0D|2)(1D|1\/2)(5A|2) N ","lyricist":"","composer":"","corpus_ref":"all:composers:bach:bach:chorals","id":"all:composers:bach:bach:chorals:bwv194.12:P3-1","title":"Nun laßt uns Gott dem Herren","rhythm":"(2)(1\/4)(1) N (1\/4)(1)(2) N (1)(2)(1) N (2)(1)(1) N (1)(1)(2) N (1)(2)(1\/2) N (2)(1\/2)(2) N (1\/2)(2)(1\/2) N (2)(1\/2)(2) N (1\/2)(2)(1\/2) N (2)(1\/2)(2) N (1\/2)(2)(1\/2) N (2)(1\/2)(1) N (1\/2)(1)(1) N (1)(1)(1) N (1)(1)(2) N (1)(2)(1\/2) N (2)(1\/2)(2) N (1\/2)(2)(1\/2) N (2)(1\/2)(2) N (1\/2)(2)(1\/2) N (2)(1\/2)(1) N (1\/2)(1)(1\/2) N (1)(1\/2)(1) N (1\/2)(1)(1) N (1)(1)(1) N (1)(1)(4) N (1)(4)(1\/2) N (4)(1\/2)(1) N (1\/2)(1)(1) N (1)(1)(1) N (1)(1)(1) N (1)(1)(1) N (1)(1)(1) N (1)(1)(2) N (1)(2)(1\/2) N (2)(1\/2)(2) N "}