{"voice":"P1-1","diatonic":"3D;2A;2A; N 2A;2A;2A; N 2A;2A;2D; N 2A;2D;2D; N 2D;2D;2D; N 2D;2D;2D; N 2D;2D;2A; N 2D;2A;2A; N 2A;2A;2D; N 2A;2D;2D; N 2D;2D;2D; N 2D;2D;6A; N 2D;6A;2D; N 6A;2D;4A; N 2D;4A;2D; N 4A;2D;6D; N 2D;6D;5A; N 6D;5A;2D; N 5A;2D;2D; N 2D;2D;2D; N 2D;2D;3A; N 2D;3A;3D; N 3A;3D;2A; N 3D;2A;2A; N 2A;2A;2A; N 2A;2A;2D; N 2A;2D;2D; N 2D;2D;2D; N 2D;2D;2D; N 2D;2D;2A; N 2D;2A;2A; N 2A;2A;2D; N 2A;2D;2D; N 2D;2D;2D; N 2D;2D;6A; N 2D;6A;2D; N 6A;2D;4A; N 2D;4A;2D; N 4A;2D;6D; N 2D;6D;5A; N 6D;5A;2D; N 5A;2D;2D; N 2D;2D;2D; N 2D;2D;3A; N 2D;3A;2D; N 3A;2D;2A; N 2D;2A;3D; N 2A;3D;2A; N 3D;2A;2A; N 2A;2A;2A; N 2A;2A;2A; N 2A;2A;2D; N 2A;2D;2D; N 2D;2D;2A; N 2D;2A;2D; N 2A;2D;2D; N 2D;2D;3A; N 2D;3A;5D; N 3A;5D;7A; N 5D;7A;2D; N 7A;2D;2A; N 2D;2A;2D; N 2A;2D;2D; N 2D;2D;2D; N 2D;2D;2D; N 2D;2D;7A; N 2D;7A;2D; N 7A;2D;2D; N 2D;2D;2D; N 2D;2D;2D; N 2D;2D;2D; N 2D;2D;4A; N 2D;4A;3D; N 4A;3D;2D; N 3D;2D;2D; N 2D;2D;2A; N 2D;2A;6D; N 2A;6D;2A; N 6D;2A;4A; N 2A;4A;2D; N 4A;2D;2D; N 2D;2D;2D; N ","ref":"all:composers:bach:bach:chorals:bwv315","melody":"4D;2A;2A; N 2A;2A;1A; N 2A;1A;1D; N 1A;1D;2D; N 1D;2D;2D; N 2D;2D;1D; N 2D;1D;1A; N 1D;1A;2A; N 1A;2A;2D; N 2A;2D;1D; N 2D;1D;2D; N 1D;2D;8A; N 2D;8A;1D; N 8A;1D;5A; N 1D;5A;2D; N 5A;2D;8D; N 2D;8D;6A; N 8D;6A;1D; N 6A;1D;2D; N 1D;2D;2D; N 2D;2D;4A; N 2D;4A;4D; N 4A;4D;2A; N 4D;2A;2A; N 2A;2A;1A; N 2A;1A;1D; N 1A;1D;2D; N 1D;2D;2D; N 2D;2D;1D; N 2D;1D;1A; N 1D;1A;2A; N 1A;2A;2D; N 2A;2D;1D; N 2D;1D;2D; N 1D;2D;8A; N 2D;8A;1D; N 8A;1D;5A; N 1D;5A;2D; N 5A;2D;8D; N 2D;8D;6A; N 8D;6A;1D; N 6A;1D;2D; N 1D;2D;2D; N 2D;2D;4A; N 2D;4A;2D; N 4A;2D;2A; N 2D;2A;4D; N 2A;4D;2A; N 4D;2A;2A; N 2A;2A;1A; N 2A;1A;2A; N 1A;2A;2D; N 2A;2D;1D; N 2D;1D;1A; N 1D;1A;1D; N 1A;1D;2D; N 1D;2D;3A; N 2D;3A;6D; N 3A;6D;10A; N 6D;10A;1D; N 10A;1D;1A; N 1D;1A;2D; N 1A;2D;2D; N 2D;2D;1D; N 2D;1D;2D; N 1D;2D;10A; N 2D;10A;1D; N 10A;1D;2D; N 1D;2D;1D; N 2D;1D;2D; N 1D;2D;2D; N 2D;2D;5A; N 2D;5A;4D; N 5A;4D;1D; N 4D;1D;2D; N 1D;2D;2A; N 2D;2A;8D; N 2A;8D;1A; N 8D;1A;5A; N 1A;5A;2D; N 5A;2D;1D; N 2D;1D;2D; N ","notes":"(4D|1)(2A|1\/2)(2A|1\/2) N (2A|1\/2)(2A|1\/2)(1A|1) N (2A|1\/2)(1A|1)(1D|6) N (1A|1)(1D|6)(2D|1\/3) N (1D|6)(2D|1\/3)(2D|2) N (2D|1\/3)(2D|2)(1D|1\/2) N (2D|2)(1D|1\/2)(1A|1\/2) N (1D|1\/2)(1A|1\/2)(2A|1) N (1A|1\/2)(2A|1)(2D|6) N (2A|1)(2D|6)(1D|1\/3) N (2D|6)(1D|1\/3)(2D|4) N (1D|1\/3)(2D|4)(8A|1\/2) N (2D|4)(8A|1\/2)(1D|1) N (8A|1\/2)(1D|1)(5A|1) N (1D|1)(5A|1)(2D|1) N (5A|1)(2D|1)(8D|1\/2) N (2D|1)(8D|1\/2)(6A|1) N (8D|1\/2)(6A|1)(1D|1) N (6A|1)(1D|1)(2D|1) N (1D|1)(2D|1)(0D|4) N (2D|1)(0D|4)(2D|1\/2) N (0D|4)(2D|1\/2)(4A|1) N (2D|1\/2)(4A|1)(4D|1) N (4A|1)(4D|1)(2A|1\/2) N (4D|1)(2A|1\/2)(2A|1\/2) N (2A|1\/2)(2A|1\/2)(1A|1) N (2A|1\/2)(1A|1)(1D|6) N (1A|1)(1D|6)(2D|1\/3) N (1D|6)(2D|1\/3)(2D|2) N (2D|1\/3)(2D|2)(1D|1\/2) N (2D|2)(1D|1\/2)(1A|1\/2) N (1D|1\/2)(1A|1\/2)(2A|1) N (1A|1\/2)(2A|1)(2D|6) N (2A|1)(2D|6)(1D|1\/3) N (2D|6)(1D|1\/3)(2D|4) N (1D|1\/3)(2D|4)(8A|1\/2) N (2D|4)(8A|1\/2)(1D|1) N (8A|1\/2)(1D|1)(5A|1) N (1D|1)(5A|1)(2D|1) N (5A|1)(2D|1)(8D|1\/2) N (2D|1)(8D|1\/2)(6A|1) N (8D|1\/2)(6A|1)(1D|1) N (6A|1)(1D|1)(2D|1) N (1D|1)(2D|1)(0D|4) N (2D|1)(0D|4)(2D|1\/2) N (0D|4)(2D|1\/2)(4A|1) N (2D|1\/2)(4A|1)(2D|1) N (4A|1)(2D|1)(2A|1\/2) N (2D|1)(2A|1\/2)(4D|1) N (2A|1\/2)(4D|1)(2A|2) N (4D|1)(2A|2)(2A|1\/2) N (2A|2)(2A|1\/2)(1A|1) N (2A|1\/2)(1A|1)(2A|2) N (1A|1)(2A|2)(2D|1\/2) N (2A|2)(2D|1\/2)(1D|1) N (2D|1\/2)(1D|1)(1A|1) N (1D|1)(1A|1)(1D|1) N (1A|1)(1D|1)(2D|2) N (1D|1)(2D|2)(0D|1) N (2D|2)(0D|1)(3A|1) N (0D|1)(3A|1)(6D|1) N (3A|1)(6D|1)(10A|1\/2) N (6D|1)(10A|1\/2)(1D|1) N (10A|1\/2)(1D|1)(1A|1) N (1D|1)(1A|1)(2D|1) N (1A|1)(2D|1)(2D|1) N (2D|1)(2D|1)(1D|1) N (2D|1)(1D|1)(2D|1) N (1D|1)(2D|1)(10A|1) N (2D|1)(10A|1)(1D|1) N (10A|1)(1D|1)(2D|1) N (1D|1)(2D|1)(1D|1) N (2D|1)(1D|1)(2D|1) N (1D|1)(2D|1)(2D|2) N (2D|1)(2D|2)(2D|1) N (2D|2)(2D|1)(7A|1) N (2D|1)(7A|1)(4D|1) N (7A|1)(4D|1)(1D|1\/2) N (4D|1)(1D|1\/2)(2D|1) N (1D|1\/2)(2D|1)(2A|1) N (2D|1)(2A|1)(8D|1) N (2A|1)(8D|1)(1A|1) N (8D|1)(1A|1)(5A|1) N (1A|1)(5A|1)(2D|2) N (5A|1)(2D|2)(1D|1\/2) N (2D|2)(1D|1\/2)(2D|1) N (1D|1\/2)(2D|1)(0D|2) N ","lyricist":"","composer":"","corpus_ref":"all:composers:bach:bach:chorals","id":"all:composers:bach:bach:chorals:bwv315:P1-1","title":"Gib dich zufrieden und sei stille","rhythm":"(1)(1\/2)(1\/2) N (1\/2)(1\/2)(1) N (1\/2)(1)(6) N (1)(6)(1\/3) N (6)(1\/3)(2) N (1\/3)(2)(1\/2) N (2)(1\/2)(1\/2) N (1\/2)(1\/2)(1) N (1\/2)(1)(6) N (1)(6)(1\/3) N (6)(1\/3)(4) N (1\/3)(4)(1\/2) N (4)(1\/2)(1) N (1\/2)(1)(1) N (1)(1)(1) N (1)(1)(1\/2) N (1)(1\/2)(1) N (1\/2)(1)(1) N (1)(1)(1) N (1)(1)(4) N (1)(4)(1\/2) N (4)(1\/2)(1) N (1\/2)(1)(1) N (1)(1)(1\/2) N (1)(1\/2)(1\/2) N (1\/2)(1\/2)(1) N (1\/2)(1)(6) N (1)(6)(1\/3) N (6)(1\/3)(2) N (1\/3)(2)(1\/2) N (2)(1\/2)(1\/2) N (1\/2)(1\/2)(1) N (1\/2)(1)(6) N (1)(6)(1\/3) N (6)(1\/3)(4) N (1\/3)(4)(1\/2) N (4)(1\/2)(1) N (1\/2)(1)(1) N (1)(1)(1) N (1)(1)(1\/2) N (1)(1\/2)(1) N (1\/2)(1)(1) N (1)(1)(1) N (1)(1)(4) N (1)(4)(1\/2) N (4)(1\/2)(1) N (1\/2)(1)(1) N (1)(1)(1\/2) N (1)(1\/2)(1) N (1\/2)(1)(2) N (1)(2)(1\/2) N (2)(1\/2)(1) N (1\/2)(1)(2) N (1)(2)(1\/2) N (2)(1\/2)(1) N (1\/2)(1)(1) N (1)(1)(1) N (1)(1)(2) N (1)(2)(-1) N (2)(-1)(1) N (-1)(1)(1) N (1)(1)(1\/2) N (1)(1\/2)(1) N (1\/2)(1)(1) N (1)(1)(1) N (1)(1)(1) N (1)(1)(1) N (1)(1)(1) N (1)(1)(1) N (1)(1)(1) N (1)(1)(1) N (1)(1)(1) N (1)(1)(1) N (1)(1)(2) N (1)(2)(-1) N (2)(-1)(1) N (-1)(1)(1) N (1)(1)(1\/2) N (1)(1\/2)(1) N (1\/2)(1)(1) N (1)(1)(1) N (1)(1)(1) N (1)(1)(1) N (1)(1)(2) N (1)(2)(1\/2) N (2)(1\/2)(1) N (1\/2)(1)(2) N "}