{"voice":"P3-1","diatonic":"2A;2A;2D; N 2A;2D;2D; N 2D;2D;2D; N 2D;2D;2D; N 2D;2D;2D; N 2D;2D;3A; N 2D;3A;2D; N 3A;2D;2D; N 2D;2D;2D; N 2D;2D;2D; N 2D;2D;5A; N 2D;5A;2D; N 5A;2D;2D; N 2D;2D;2A; N 2D;2A;2A; N 2A;2A;2A; N 2A;2A;2A; N 2A;2A;2D; N 2A;2D;2D; N 2D;2D;2D; N 2D;2D;2D; N 2D;2D;3A; N 2D;3A;2D; N 3A;2D;2D; N 2D;2D;2D; N 2D;2D;2D; N 2D;2D;5A; N 2D;5A;2D; N 5A;2D;2D; N 2D;2D;4A; N 2D;4A;2D; N 4A;2D;2D; N 2D;2D;2A; N 2D;2A;2A; N 2A;2A;2A; N 2A;2A;2A; N 2A;2A;5D; N 2A;5D;2D; N 5D;2D;2A; N 2D;2A;2A; N 2A;2A;2D; N 2A;2D;2A; N 2D;2A;2A; N 2A;2A;2A; N 2A;2A;5D; N 2A;5D;2A; N 5D;2A;5D; N 2A;5D;2A; N 5D;2A;2A; N 2A;2A;2D; N 2A;2D;2D; N 2D;2D;2D; N 2D;2D;2D; N 2D;2D;5A; N 2D;5A;5D; N 5A;5D;2A; N 5D;2A;3D; N 2A;3D;2A; N 3D;2A;2D; N 2A;2D;3D; N ","ref":"all:composers:bach:bach:chorals:bwv348","melody":"1A;2A;2D; N 2A;2D;1D; N 2D;1D;2D; N 1D;2D;2D; N 2D;2D;1D; N 2D;1D;3A; N 1D;3A;2D; N 3A;2D;1D; N 2D;1D;2D; N 1D;2D;2D; N 2D;2D;7A; N 2D;7A;2D; N 7A;2D;1D; N 2D;1D;1A; N 1D;1A;2A; N 1A;2A;2A; N 2A;2A;1A; N 2A;1A;1D; N 1A;1D;2D; N 1D;2D;2D; N 2D;2D;1D; N 2D;1D;3A; N 1D;3A;2D; N 3A;2D;1D; N 2D;1D;2D; N 1D;2D;2D; N 2D;2D;7A; N 2D;7A;2D; N 7A;2D;1D; N 2D;1D;5A; N 1D;5A;2D; N 5A;2D;2D; N 2D;2D;2A; N 2D;2A;2A; N 2A;2A;1A; N 2A;1A;2A; N 1A;2A;7D; N 2A;7D;1D; N 7D;1D;2A; N 1D;2A;1A; N 2A;1A;1D; N 1A;1D;1A; N 1D;1A;2A; N 1A;2A;1A; N 2A;1A;6D; N 1A;6D;1A; N 6D;1A;7D; N 1A;7D;2A; N 7D;2A;12A; N 2A;12A;2D; N 12A;2D;1D; N 2D;1D;2D; N 1D;2D;2D; N 2D;2D;7A; N 2D;7A;7D; N 7A;7D;2A; N 7D;2A;3D; N 2A;3D;1A; N 3D;1A;1D; N 1A;1D;4D; N ","notes":"(0D|1\/2)(1A|1)(2A|2) N (1A|1)(2A|2)(2D|1\/2) N (2A|2)(2D|1\/2)(1D|1) N (2D|1\/2)(1D|1)(2D|2) N (1D|1)(2D|2)(0D|1) N (2D|2)(0D|1)(2D|1) N (0D|1)(2D|1)(1D|1) N (2D|1)(1D|1)(3A|1) N (1D|1)(3A|1)(2D|1\/2) N (3A|1)(2D|1\/2)(1D|1) N (2D|1\/2)(1D|1)(2D|2) N (1D|1)(2D|2)(2D|1) N (2D|2)(2D|1)(7A|1) N (2D|1)(7A|1)(0D|1) N (7A|1)(0D|1)(2D|1) N (0D|1)(2D|1)(1D|1) N (2D|1)(1D|1)(1A|1) N (1D|1)(1A|1)(0D|1\/2) N (1A|1)(0D|1\/2)(2A|1) N (0D|1\/2)(2A|1)(2A|2) N (2A|1)(2A|2)(1A|1\/2) N (2A|2)(1A|1\/2)(1D|1) N (1A|1\/2)(1D|1)(2D|2) N (1D|1)(2D|2)(0D|1) N (2D|2)(0D|1)(2D|1) N (0D|1)(2D|1)(1D|1) N (2D|1)(1D|1)(3A|1) N (1D|1)(3A|1)(2D|1\/2) N (3A|1)(2D|1\/2)(1D|1) N (2D|1\/2)(1D|1)(2D|2) N (1D|1)(2D|2)(2D|1) N (2D|2)(2D|1)(7A|1) N (2D|1)(7A|1)(0D|1) N (7A|1)(0D|1)(2D|1) N (0D|1)(2D|1)(1D|1) N (2D|1)(1D|1)(5A|1\/2) N (1D|1)(5A|1\/2)(2D|1) N (5A|1\/2)(2D|1)(2D|1) N (2D|1)(2D|1)(2A|1) N (2D|1)(2A|1)(2A|1) N (2A|1)(2A|1)(1A|1) N (2A|1)(1A|1)(2A|2) N (1A|1)(2A|2)(0D|1) N (2A|2)(0D|1)(7D|2) N (0D|1)(7D|2)(1D|1\/2) N (7D|2)(1D|1\/2)(2A|1) N (1D|1\/2)(2A|1)(1A|3\/2) N (2A|1)(1A|3\/2)(1D|1\/3) N (1A|3\/2)(1D|1\/3)(1A|2) N (1D|1\/3)(1A|2)(2A|1) N (1A|2)(2A|1)(1A|3) N (2A|1)(1A|3)(6D|1\/3) N (1A|3)(6D|1\/3)(1A|1) N (6D|1\/3)(1A|1)(7D|1) N (1A|1)(7D|1)(2A|1\/2) N (7D|1)(2A|1\/2)(12A|1) N (2A|1\/2)(12A|1)(2D|2) N (12A|1)(2D|2)(0D|1\/2) N (2D|2)(0D|1\/2)(1D|1) N (0D|1\/2)(1D|1)(2D|1) N (1D|1)(2D|1)(2D|1) N (2D|1)(2D|1)(7A|2) N (2D|1)(7A|2)(7D|1) N (7A|2)(7D|1)(0D|1) N (7D|1)(0D|1)(0D|1\/2) N (0D|1)(0D|1\/2)(2A|1) N (0D|1\/2)(2A|1)(3D|2) N (2A|1)(3D|2)(1A|1) N (3D|2)(1A|1)(0D|1) N (1A|1)(0D|1)(1D|1) N (0D|1)(1D|1)(4D|1) N ","lyricist":"","composer":"","corpus_ref":"all:composers:bach:bach:chorals","id":"all:composers:bach:bach:chorals:bwv348:P3-1","title":"Ich dank dir, lieber Herre","rhythm":"(1\/2)(1)(2) N (1)(2)(1\/2) N (2)(1\/2)(1) N (1\/2)(1)(2) N (1)(2)(1) N (2)(1)(1) N (1)(1)(1) N (1)(1)(1) N (1)(1)(1\/2) N (1)(1\/2)(1) N (1\/2)(1)(2) N (1)(2)(1) N (2)(1)(1) N (1)(1)(1) N (1)(1)(1) N (1)(1)(1) N (1)(1)(1) N (1)(1)(1\/2) N (1)(1\/2)(1) N (1\/2)(1)(2) N (1)(2)(1\/2) N (2)(1\/2)(1) N (1\/2)(1)(2) N (1)(2)(1) N (2)(1)(1) N (1)(1)(1) N (1)(1)(1) N (1)(1)(1\/2) N (1)(1\/2)(1) N (1\/2)(1)(2) N (1)(2)(1) N (2)(1)(1) N (1)(1)(1) N (1)(1)(1) N (1)(1)(1) N (1)(1)(1\/2) N (1)(1\/2)(1) N (1\/2)(1)(1) N (1)(1)(1) N (1)(1)(1) N (1)(1)(1) N (1)(1)(2) N (1)(2)(1) N (2)(1)(2) N (1)(2)(1\/2) N (2)(1\/2)(1) N (1\/2)(1)(3\/2) N (1)(3\/2)(1\/3) N (3\/2)(1\/3)(2) N (1\/3)(2)(1) N (2)(1)(3) N (1)(3)(1\/3) N (3)(1\/3)(1) N (1\/3)(1)(1) N (1)(1)(1\/2) N (1)(1\/2)(1) N (1\/2)(1)(2) N (1)(2)(1\/2) N (2)(1\/2)(1) N (1\/2)(1)(1) N (1)(1)(1) N (1)(1)(2) N (1)(2)(1) N (2)(1)(1) N (1)(1)(1\/2) N (1)(1\/2)(1) N (1\/2)(1)(2) N (1)(2)(1) N (2)(1)(1) N (1)(1)(1) N (1)(1)(1) N "}