{"voice":"P3-1","diatonic":"2A;2A;4A; N 2A;4A;5D; N 4A;5D;2D; N 5D;2D;2D; N 2D;2D;4A; N 2D;4A;5D; N 4A;5D;5A; N 5D;5A;2A; N 5A;2A;2D; N 2A;2D;2D; N 2D;2D;2D; N 2D;2D;2A; N 2D;2A;2D; N 2A;2D;2D; N 2D;2D;2A; N 2D;2A;2A; N 2A;2A;2D; N 2A;2D;2D; N 2D;2D;2A; N 2D;2A;6A; N 2A;6A;4D; N 6A;4D;2D; N 4D;2D;2A; N 2D;2A;2D; N 2A;2D;4A; N 2D;4A;2D; N 4A;2D;2D; N 2D;2D;2D; N 2D;2D;2A; N 2D;2A;2D; N 2A;2D;2A; N 2D;2A;2D; N 2A;2D;2D; N 2D;2D;2D; N 2D;2D;3A; N 2D;3A;2A; N 3A;2A;2D; N 2A;2D;2D; N 2D;2D;2A; N 2D;2A;2A; N 2A;2A;3D; N 2A;3D;2A; N 3D;2A;2A; N 2A;2A;2A; N 2A;2A;2D; N 2A;2D;2D; N 2D;2D;2D; N 2D;2D;2D; N 2D;2D;2A; N 2D;2A;2D; N 2A;2D;2D; N 2D;2D;6A; N 2D;6A;7D; N 6A;7D;6A; N 7D;6A;2A; N 6A;2A;2D; N 2A;2D;2D; N 2D;2D;2D; N 2D;2D;2A; N 2D;2A;2A; N 2A;2A;2A; N 2A;2A;3D; N 2A;3D;4A; N 3D;4A;3D; N 4A;3D;5A; N 3D;5A;2D; N 5A;2D;2D; N 2D;2D;2D; N 2D;2D;2D; N 2D;2D;5A; N 2D;5A;2D; N 5A;2D;2D; N 2D;2D;2A; N 2D;2A;2A; N 2A;2A;5D; N 2A;5D;2D; N 5D;2D;2A; N 2D;2A;2A; N 2A;2A;2A; N 2A;2A;2A; N 2A;2A;2D; N 2A;2D;2D; N 2D;2D;2D; N 2D;2D;2D; N 2D;2D;2A; N 2D;2A;5A; N 2A;5A;2D; N 5A;2D;2A; N 2D;2A;6D; N 2A;6D;2A; N 6D;2A;4A; N 2A;4A;2D; N 4A;2D;2D; N 2D;2D;2D; N 2D;2D;2D; N 2D;2D;2A; N 2D;2A;2A; N 2A;2A;2A; N 2A;2A;2A; N 2A;2A;2A; N 2A;2A;2A; N 2A;2A;5D; N 2A;5D;2D; N 5D;2D;2A; N 2D;2A;3D; N 2A;3D;2A; N 3D;2A;2A; N 2A;2A;2D; N 2A;2D;2A; N 2D;2A;2A; N 2A;2A;2D; N 2A;2D;2D; N 2D;2D;2D; N 2D;2D;2D; N 2D;2D;2A; N 2D;2A;4A; N 2A;4A;2D; N 4A;2D;2D; N 2D;2D;4A; N 2D;4A;3D; N 4A;3D;4A; N 3D;4A;3D; N 4A;3D;3D; N 3D;3D;4A; N 3D;4A;2A; N 4A;2A;4D; N 2A;4D;2A; N 4D;2A;2D; N 2A;2D;2D; N 2D;2D;2D; N 2D;2D;3A; N 2D;3A;2A; N 3A;2A;2D; N 2A;2D;2D; N 2D;2D;2A; N 2D;2A;2D; N 2A;2D;2D; N 2D;2D;2A; N 2D;2A;2D; N 2A;2D;2D; N 2D;2D;2A; N 2D;2A;2D; N 2A;2D;2A; N 2D;2A;2A; N 2A;2A;2D; N 2A;2D;2D; N 2D;2D;2A; N ","ref":"all:composers:bach:bach:chorals:bwv437","melody":"2A;2A;5A; N 2A;5A;7D; N 5A;7D;2D; N 7D;2D;1D; N 2D;1D;5A; N 1D;5A;7D; N 5A;7D;7A; N 7D;7A;1A; N 7A;1A;1D; N 1A;1D;2D; N 1D;2D;2D; N 2D;2D;2A; N 2D;2A;2D; N 2A;2D;1D; N 2D;1D;1A; N 1D;1A;2A; N 1A;2A;2D; N 2A;2D;1D; N 2D;1D;1A; N 1D;1A;9A; N 1A;9A;5D; N 9A;5D;1D; N 5D;1D;1A; N 1D;1A;1D; N 1A;1D;4A; N 1D;4A;1D; N 4A;1D;2D; N 1D;2D;1D; N 2D;1D;1A; N 1D;1A;1D; N 1A;1D;1A; N 1D;1A;2D; N 1A;2D;2D; N 2D;2D;1D; N 2D;1D;3A; N 1D;3A;2A; N 3A;2A;2D; N 2A;2D;2D; N 2D;2D;2A; N 2D;2A;2A; N 2A;2A;4D; N 2A;4D;2A; N 4D;2A;2A; N 2A;2A;1A; N 2A;1A;1D; N 1A;1D;2D; N 1D;2D;2D; N 2D;2D;1D; N 2D;1D;1A; N 1D;1A;1D; N 1A;1D;2D; N 1D;2D;8A; N 2D;8A;9D; N 8A;9D;8A; N 9D;8A;1A; N 8A;1A;1D; N 1A;1D;2D; N 1D;2D;2D; N 2D;2D;2A; N 2D;2A;2A; N 2A;2A;2A; N 2A;2A;4D; N 2A;4D;5A; N 4D;5A;3D; N 5A;3D;7A; N 3D;7A;2D; N 7A;2D;2D; N 2D;2D;2D; N 2D;2D;1D; N 2D;1D;7A; N 1D;7A;2D; N 7A;2D;2D; N 2D;2D;2A; N 2D;2A;2A; N 2A;2A;7D; N 2A;7D;1D; N 7D;1D;1A; N 1D;1A;2A; N 1A;2A;1A; N 2A;1A;2A; N 1A;2A;2D; N 2A;2D;1D; N 2D;1D;2D; N 1D;2D;1D; N 2D;1D;1A; N 1D;1A;7A; N 1A;7A;2D; N 7A;2D;2A; N 2D;2A;9D; N 2A;9D;2A; N 9D;2A;5A; N 2A;5A;2D; N 5A;2D;2D; N 2D;2D;1D; N 2D;1D;2D; N 1D;2D;2A; N 2D;2A;2A; N 2A;2A;1A; N 2A;1A;1A; N 1A;1A;1A; N 1A;1A;2A; N 1A;2A;7D; N 2A;7D;2D; N 7D;2D;2A; N 2D;2A;3D; N 2A;3D;1A; N 3D;1A;2A; N 1A;2A;2D; N 2A;2D;2A; N 2D;2A;1A; N 2A;1A;1D; N 1A;1D;2D; N 1D;2D;2D; N 2D;2D;1D; N 2D;1D;1A; N 1D;1A;5A; N 1A;5A;1D; N 5A;1D;2D; N 1D;2D;5A; N 2D;5A;3D; N 5A;3D;5A; N 3D;5A;3D; N 5A;3D;4D; N 3D;4D;5A; N 4D;5A;2A; N 5A;2A;5D; N 2A;5D;1A; N 5D;1A;1D; N 1A;1D;2D; N 1D;2D;2D; N 2D;2D;4A; N 2D;4A;1A; N 4A;1A;1D; N 1A;1D;2D; N 1D;2D;2A; N 2D;2A;2D; N 2A;2D;2D; N 2D;2D;2A; N 2D;2A;2D; N 2A;2D;1D; N 2D;1D;1A; N 1D;1A;1D; N 1A;1D;1A; N 1D;1A;2A; N 1A;2A;1D; N 2A;1D;2D; N 1D;2D;2A; N ","notes":"(16D|1\/2)(2A|1)(2A|2) N (2A|1)(2A|2)(5A|1\/2) N (2A|2)(5A|1\/2)(7D|1) N (5A|1\/2)(7D|1)(0D|1) N (7D|1)(0D|1)(2D|1\/2) N (0D|1)(2D|1\/2)(1D|1) N (2D|1\/2)(1D|1)(5A|4) N (1D|1)(5A|4)(0D|2) N (5A|4)(0D|2)(0D|1) N (0D|2)(0D|1)(12A|1\/2) N (0D|1)(12A|1\/2)(19D|1\/2) N (12A|1\/2)(19D|1\/2)(7A|1) N (19D|1\/2)(7A|1)(0D|2) N (7A|1)(0D|2)(1A|1\/2) N (0D|2)(1A|1\/2)(1D|1\/2) N (1A|1\/2)(1D|1\/2)(2D|1) N (1D|1\/2)(2D|1)(2D|2) N (2D|1)(2D|2)(2A|1\/2) N (2D|2)(2A|1\/2)(2D|1) N (2A|1\/2)(2D|1)(1D|1) N (2D|1)(1D|1)(1A|1) N (1D|1)(1A|1)(2A|2) N (1A|1)(2A|2)(0D|1) N (2A|2)(0D|1)(2D|1\/2) N (0D|1)(2D|1\/2)(1D|1) N (2D|1\/2)(1D|1)(1A|4) N (1D|1)(1A|4)(9A|1) N (1A|4)(9A|1)(5D|1) N (9A|1)(5D|1)(0D|1\/2) N (5D|1)(0D|1\/2)(1D|1) N (0D|1\/2)(1D|1)(1A|2) N (1D|1)(1A|2)(1D|1\/2) N (1A|2)(1D|1\/2)(4A|2) N (1D|1\/2)(4A|2)(1D|1\/4) N (4A|2)(1D|1\/4)(2D|1) N (1D|1\/4)(2D|1)(1D|2) N (2D|1)(1D|2)(1A|2) N (1D|2)(1A|2)(1D|1\/2) N (1A|2)(1D|1\/2)(1A|4) N (1D|1\/2)(1A|4)(12A|1\/2) N (1A|4)(12A|1\/2)(14D|1\/2) N (12A|1\/2)(14D|1\/2)(2D|1) N (14D|1\/2)(2D|1)(1D|1) N (2D|1)(1D|1)(3A|1) N (1D|1)(3A|1)(2A|2) N (3A|1)(2A|2)(0D|3\/2) N (2A|2)(0D|3\/2)(2D|1\/3) N (0D|3\/2)(2D|1\/3)(2D|3\/2) N (2D|1\/3)(2D|3\/2)(2A|1\/3) N (2D|3\/2)(2A|1\/3)(2A|4) N (2A|1\/3)(2A|4)(0D|2) N (2A|4)(0D|2)(4D|1\/4) N (0D|2)(4D|1\/4)(2A|1\/2) N (4D|1\/4)(2A|1\/2)(2A|1) N (2A|1\/2)(2A|1)(1A|2) N (2A|1)(1A|2)(1D|1\/2) N (1A|2)(1D|1\/2)(2D|1) N (1D|1\/2)(2D|1)(2D|6) N (2D|1)(2D|6)(1D|1\/3) N (2D|6)(1D|1\/3)(1A|1) N (1D|1\/3)(1A|1)(1D|1) N (1A|1)(1D|1)(2D|1) N (1D|1)(2D|1)(8A|1) N (2D|1)(8A|1)(9D|1) N (8A|1)(9D|1)(8A|1) N (9D|1)(8A|1)(1A|1) N (8A|1)(1A|1)(1D|1\/2) N (1A|1)(1D|1\/2)(2D|1) N (1D|1\/2)(2D|1)(2D|8) N (2D|1)(2D|8)(2A|1) N (2D|8)(2A|1)(0D|1\/4) N (2A|1)(0D|1\/4)(2A|1) N (0D|1\/4)(2A|1)(2A|1) N (2A|1)(2A|1)(4D|1) N (2A|1)(4D|1)(5A|1) N (4D|1)(5A|1)(3D|1) N (5A|1)(3D|1)(7A|2) N (3D|1)(7A|2)(2D|1\/2) N (7A|2)(2D|1\/2)(2D|2) N (2D|1\/2)(2D|2)(2D|1\/2) N (2D|2)(2D|1\/2)(1D|4) N (2D|1\/2)(1D|4)(0D|1\/2) N (1D|4)(0D|1\/2)(7A|1\/2) N (0D|1\/2)(7A|1\/2)(2D|1) N (7A|1\/2)(2D|1)(2D|1) N (2D|1)(2D|1)(2A|1) N (2D|1)(2A|1)(2A|2) N (2A|1)(2A|2)(7D|2) N (2A|2)(7D|2)(0D|3\/4) N (7D|2)(0D|3\/4)(1D|1\/3) N (0D|3\/4)(1D|1\/3)(1A|4) N (1D|1\/3)(1A|4)(0D|1\/4) N (1A|4)(0D|1\/4)(2A|1) N (0D|1\/4)(2A|1)(1A|1) N (2A|1)(1A|1)(2A|1) N (1A|1)(2A|1)(2D|1) N (2A|1)(2D|1)(1D|1) N (2D|1)(1D|1)(2D|1) N (1D|1)(2D|1)(1D|1) N (2D|1)(1D|1)(1A|2) N (1D|1)(1A|2)(7A|1) N (1A|2)(7A|1)(0D|1\/2) N (7A|1)(0D|1\/2)(2D|1) N (0D|1\/2)(2D|1)(2A|2) N (2D|1)(2A|2)(0D|2) N (2A|2)(0D|2)(9D|1\/2) N (0D|2)(9D|1\/2)(2A|1) N (9D|1\/2)(2A|1)(0D|2) N (2A|1)(0D|2)(5A|3\/4) N (0D|2)(5A|3\/4)(2D|1\/6) N (5A|3\/4)(2D|1\/6)(2D|1) N (2D|1\/6)(2D|1)(1D|8) N (2D|1)(1D|8)(0D|1\/4) N (1D|8)(0D|1\/4)(2D|1) N (0D|1\/4)(2D|1)(2A|1) N (2D|1)(2A|1)(2A|1) N (2A|1)(2A|1)(1A|4) N (2A|1)(1A|4)(1A|1\/4) N (1A|4)(1A|1\/4)(1A|1) N (1A|1\/4)(1A|1)(2A|2) N (1A|1)(2A|2)(7D|1) N (2A|2)(7D|1)(2D|1\/2) N (7D|1)(2D|1\/2)(2A|1) N (2D|1\/2)(2A|1)(3D|1) N (2A|1)(3D|1)(1A|1) N (3D|1)(1A|1)(2A|2) N (1A|1)(2A|2)(0D|1\/2) N (2A|2)(0D|1\/2)(2D|1) N (0D|1\/2)(2D|1)(2A|2) N (2D|1)(2A|2)(1A|1) N (2A|2)(1A|1)(1D|1\/2) N (1A|1)(1D|1\/2)(2D|1) N (1D|1\/2)(2D|1)(0D|1) N (2D|1)(0D|1)(2D|1\/2) N (0D|1)(2D|1\/2)(1D|1) N (2D|1\/2)(1D|1)(1A|4) N (1D|1)(1A|4)(5A|1\/2) N (1A|4)(5A|1\/2)(1D|1) N (5A|1\/2)(1D|1)(2D|1) N (1D|1)(2D|1)(5A|1) N (2D|1)(5A|1)(3D|2) N (5A|1)(3D|2)(5A|1\/2) N (3D|2)(5A|1\/2)(3D|1) N (5A|1\/2)(3D|1)(4D|3) N (3D|1)(4D|3)(5A|1\/3) N (4D|3)(5A|1\/3)(0D|4) N (5A|1\/3)(0D|4)(9A|1\/2) N (0D|4)(9A|1\/2)(7D|1\/2) N (9A|1\/2)(7D|1\/2)(5D|1) N (7D|1\/2)(5D|1)(0D|1) N (5D|1)(0D|1)(1A|2) N (0D|1)(1A|2)(1D|1\/4) N (1A|2)(1D|1\/4)(2D|1) N (1D|1\/4)(2D|1)(2D|8) N (2D|1)(2D|8)(4A|1) N (2D|8)(4A|1)(0D|1\/4) N (4A|1)(0D|1\/4)(1A|2) N (0D|1\/4)(1A|2)(1D|1\/4) N (1A|2)(1D|1\/4)(2D|1) N (1D|1\/4)(2D|1)(2A|2) N (2D|1)(2A|2)(2D|1\/2) N (2A|2)(2D|1\/2)(2D|1) N (2D|1\/2)(2D|1)(2A|2) N (2D|1)(2A|2)(2D|1\/2) N (2A|2)(2D|1\/2)(1D|1) N (2D|1\/2)(1D|1)(1A|4) N (1D|1)(1A|4)(1D|1\/4) N (1A|4)(1D|1\/4)(1A|1) N (1D|1\/4)(1A|1)(2A|2) N (1A|1)(2A|2)(0D|1) N (2A|2)(0D|1)(1D|1\/2) N (0D|1)(1D|1\/2)(2D|1) N (1D|1\/2)(2D|1)(2A|12) N ","lyricist":"","composer":"","corpus_ref":"all:composers:bach:bach:chorals","id":"all:composers:bach:bach:chorals:bwv437:P3-1","title":"Wir glauben all an einen Gott, Schöpfer Himmels und der Erden","rhythm":"(1\/2)(1)(2) N (1)(2)(1\/2) N (2)(1\/2)(1) N (1\/2)(1)(1) N (1)(1)(1\/2) N (1)(1\/2)(1) N (1\/2)(1)(4) N (1)(4)(2) N (4)(2)(1) N (2)(1)(-1) N (1)(-1)(1\/2) N (-1)(1\/2)(1) N (1\/2)(1)(2) N (1)(2)(1\/2) N (2)(1\/2)(1\/2) N (1\/2)(1\/2)(1) N (1\/2)(1)(2) N (1)(2)(1\/2) N (2)(1\/2)(1) N (1\/2)(1)(1) N (1)(1)(1) N (1)(1)(2) N (1)(2)(1) N (2)(1)(1\/2) N (1)(1\/2)(1) N (1\/2)(1)(4) N (1)(4)(1) N (4)(1)(1) N (1)(1)(1\/2) N (1)(1\/2)(1) N (1\/2)(1)(2) N (1)(2)(1\/2) N (2)(1\/2)(2) N (1\/2)(2)(1\/4) N (2)(1\/4)(1) N (1\/4)(1)(2) N (1)(2)(2) N (2)(2)(1\/2) N (2)(1\/2)(4) N (1\/2)(4)(-1) N (4)(-1)(1\/2) N (-1)(1\/2)(1) N (1\/2)(1)(1) N (1)(1)(1) N (1)(1)(2) N (1)(2)(3\/2) N (2)(3\/2)(1\/3) N (3\/2)(1\/3)(3\/2) N (1\/3)(3\/2)(1\/3) N (3\/2)(1\/3)(4) N (1\/3)(4)(2) N (4)(2)(1\/4) N (2)(1\/4)(1\/2) N (1\/4)(1\/2)(1) N (1\/2)(1)(2) N (1)(2)(1\/2) N (2)(1\/2)(1) N (1\/2)(1)(6) N (1)(6)(1\/3) N (6)(1\/3)(1) N (1\/3)(1)(1) N (1)(1)(1) N (1)(1)(1) N (1)(1)(1) N (1)(1)(1) N (1)(1)(1) N (1)(1)(1\/2) N (1)(1\/2)(1) N (1\/2)(1)(8) N (1)(8)(1) N (8)(1)(1\/4) N (1)(1\/4)(1) N (1\/4)(1)(1) N (1)(1)(1) N (1)(1)(1) N (1)(1)(1) N (1)(1)(2) N (1)(2)(1\/2) N (2)(1\/2)(2) N (1\/2)(2)(1\/2) N (2)(1\/2)(4) N (1\/2)(4)(1\/2) N (4)(1\/2)(1\/2) N (1\/2)(1\/2)(1) N (1\/2)(1)(1) N (1)(1)(1) N (1)(1)(2) N (1)(2)(2) N (2)(2)(3\/4) N (2)(3\/4)(1\/3) N (3\/4)(1\/3)(4) N (1\/3)(4)(1\/4) N (4)(1\/4)(1) N (1\/4)(1)(1) N (1)(1)(1) N (1)(1)(1) N (1)(1)(1) N (1)(1)(1) N (1)(1)(1) N (1)(1)(2) N (1)(2)(1) N (2)(1)(1\/2) N (1)(1\/2)(1) N (1\/2)(1)(2) N (1)(2)(2) N (2)(2)(1\/2) N (2)(1\/2)(1) N (1\/2)(1)(2) N (1)(2)(3\/4) N (2)(3\/4)(1\/6) N (3\/4)(1\/6)(1) N (1\/6)(1)(8) N (1)(8)(1\/4) N (8)(1\/4)(1) N (1\/4)(1)(1) N (1)(1)(1) N (1)(1)(4) N (1)(4)(1\/4) N (4)(1\/4)(1) N (1\/4)(1)(2) N (1)(2)(1) N (2)(1)(1\/2) N (1)(1\/2)(1) N (1\/2)(1)(1) N (1)(1)(1) N (1)(1)(2) N (1)(2)(1\/2) N (2)(1\/2)(1) N (1\/2)(1)(2) N (1)(2)(1) N (2)(1)(1\/2) N (1)(1\/2)(1) N (1\/2)(1)(1) N (1)(1)(1\/2) N (1)(1\/2)(1) N (1\/2)(1)(4) N (1)(4)(1\/2) N (4)(1\/2)(1) N (1\/2)(1)(1) N (1)(1)(1) N (1)(1)(2) N (1)(2)(1\/2) N (2)(1\/2)(1) N (1\/2)(1)(3) N (1)(3)(1\/3) N (3)(1\/3)(4) N (1\/3)(4)(-1) N (4)(-1)(1\/2) N (-1)(1\/2)(1) N (1\/2)(1)(1) N (1)(1)(2) N (1)(2)(1\/4) N (2)(1\/4)(1) N (1\/4)(1)(8) N (1)(8)(1) N (8)(1)(1\/4) N (1)(1\/4)(2) N (1\/4)(2)(1\/4) N (2)(1\/4)(1) N (1\/4)(1)(2) N (1)(2)(1\/2) N (2)(1\/2)(1) N (1\/2)(1)(2) N (1)(2)(1\/2) N (2)(1\/2)(1) N (1\/2)(1)(4) N (1)(4)(1\/4) N (4)(1\/4)(1) N (1\/4)(1)(2) N (1)(2)(1) N (2)(1)(1\/2) N (1)(1\/2)(1) N (1\/2)(1)(12) N "}