{"voice":"P2-1","diatonic":"2D;2D;2A; N 2D;2A;2A; N 2A;2A;2D; N 2A;2D;2A; N 2D;2A;2D; N 2A;2D;2D; N 2D;2D;2A; N 2D;2A;2A; N 2A;2A;2A; N 2A;2A;3D; N 2A;3D;2A; N 3D;2A;2D; N 2A;2D;2D; N 2D;2D;2A; N 2D;2A;2A; N 2A;2A;2D; N 2A;2D;2A; N 2D;2A;2D; N 2A;2D;2D; N 2D;2D;2A; N 2D;2A;2A; N 2A;2A;2A; N 2A;2A;3D; N 2A;3D;2A; N 3D;2A;3D; N 2A;3D;4A; N 3D;4A;2D; N 4A;2D;2A; N 2D;2A;4D; N 2A;4D;2A; N 4D;2A;2D; N 2A;2D;4D; N 2D;4D;5D; N 4D;5D;5A; N 5D;5A;4A; N 5A;4A;4D; N 4A;4D;5A; N 4D;5A;2D; N 5A;2D;2A; N 2D;2A;2A; N 2A;2A;2A; N 2A;2A;3D; N 2A;3D;2A; N 3D;2A;2A; N 2A;2A;2D; N 2A;2D;2A; N 2D;2A;2D; N 2A;2D;2D; N 2D;2D;2D; N 2D;2D;2A; N 2D;2A;2A; N 2A;2A;2A; N 2A;2A;2D; N 2A;2D;2A; N 2D;2A;2A; N ","ref":"all:composers:bach:bach:chorals:bwv19.7","melody":"2D;2D;2A; N 2D;2A;2A; N 2A;2A;2D; N 2A;2D;2A; N 2D;2A;2D; N 2A;2D;2D; N 2D;2D;2A; N 2D;2A;2A; N 2A;2A;1A; N 2A;1A;3D; N 1A;3D;2A; N 3D;2A;2D; N 2A;2D;2D; N 2D;2D;2A; N 2D;2A;2A; N 2A;2A;2D; N 2A;2D;2A; N 2D;2A;2D; N 2A;2D;2D; N 2D;2D;2A; N 2D;2A;2A; N 2A;2A;1A; N 2A;1A;3D; N 1A;3D;2A; N 3D;2A;4D; N 2A;4D;5A; N 4D;5A;1D; N 5A;1D;1A; N 1D;1A;5D; N 1A;5D;2A; N 5D;2A;2D; N 2A;2D;5D; N 2D;5D;7D; N 5D;7D;7A; N 7D;7A;5A; N 7A;5A;5D; N 5A;5D;7A; N 5D;7A;2D; N 7A;2D;2A; N 2D;2A;2A; N 2A;2A;1A; N 2A;1A;3D; N 1A;3D;2A; N 3D;2A;1A; N 2A;1A;1D; N 1A;1D;1A; N 1D;1A;1D; N 1A;1D;2D; N 1D;2D;2D; N 2D;2D;2A; N 2D;2A;2A; N 2A;2A;1A; N 2A;1A;1D; N 1A;1D;1A; N 1D;1A;2A; N ","notes":"(2D|1\/2)(2D|1)(3D|1) N (2D|1)(3D|1)(0D|1) N (3D|1)(0D|1)(0D|2) N (0D|1)(0D|2)(5A|1\/2) N (0D|2)(5A|1\/2)(2A|1) N (5A|1\/2)(2A|1)(2D|2) N (2A|1)(2D|2)(0D|3\/2) N (2D|2)(0D|3\/2)(5D|1\/3) N (0D|3\/2)(5D|1\/3)(7A|1) N (5D|1\/3)(7A|1)(2D|1) N (7A|1)(2D|1)(2D|2) N (2D|1)(2D|2)(0D|1\/4) N (2D|2)(0D|1\/4)(2A|1) N (0D|1\/4)(2A|1)(2A|2) N (2A|1)(2A|2)(1A|1) N (2A|2)(1A|1)(3D|1) N (1A|1)(3D|1)(2A|3) N (3D|1)(2A|3)(0D|2\/3) N (2A|3)(0D|2\/3)(2D|1\/2) N (0D|2\/3)(2D|1\/2)(2D|1) N (2D|1\/2)(2D|1)(3D|1) N (2D|1)(3D|1)(0D|1) N (3D|1)(0D|1)(0D|2) N (0D|1)(0D|2)(5A|1\/2) N (0D|2)(5A|1\/2)(2A|1) N (5A|1\/2)(2A|1)(2D|2) N (2A|1)(2D|2)(0D|3\/2) N (2D|2)(0D|3\/2)(5D|1\/3) N (0D|3\/2)(5D|1\/3)(7A|1) N (5D|1\/3)(7A|1)(2D|1) N (7A|1)(2D|1)(2D|2) N (2D|1)(2D|2)(0D|1\/4) N (2D|2)(0D|1\/4)(2A|1) N (0D|1\/4)(2A|1)(2A|2) N (2A|1)(2A|2)(1A|1) N (2A|2)(1A|1)(3D|1) N (1A|1)(3D|1)(2A|3) N (3D|1)(2A|3)(4D|1) N (2A|3)(4D|1)(0D|1) N (4D|1)(0D|1)(0D|1\/3) N (0D|1)(0D|1\/3)(5A|1) N (0D|1\/3)(5A|1)(0D|1) N (5A|1)(0D|1)(1D|3) N (0D|1)(1D|3)(7D|1\/3) N (1D|3)(7D|1\/3)(7A|1) N (7D|1\/3)(7A|1)(0D|1) N (7A|1)(0D|1)(1A|1) N (0D|1)(1A|1)(8D|1) N (1A|1)(8D|1)(0D|1) N (8D|1)(0D|1)(0D|1) N (0D|1)(0D|1)(3A|1) N (0D|1)(3A|1)(0D|1) N (3A|1)(0D|1)(2A|3) N (0D|1)(2A|3)(2D|2\/3) N (2A|3)(2D|2\/3)(5D|1\/2) N (2D|2\/3)(5D|1\/2)(7D|2) N (5D|1\/2)(7D|2)(7A|1\/2) N (7D|2)(7A|1\/2)(5A|1) N (7A|1\/2)(5A|1)(5D|1) N (5A|1)(5D|1)(7A|1) N (5D|1)(7A|1)(2D|1\/2) N (7A|1)(2D|1\/2)(2A|1) N (2D|1\/2)(2A|1)(2A|1) N (2A|1)(2A|1)(1A|1) N (2A|1)(1A|1)(3D|1) N (1A|1)(3D|1)(2A|1) N (3D|1)(2A|1)(1A|6) N (2A|1)(1A|6)(1D|1\/6) N (1A|6)(1D|1\/6)(1A|1) N (1D|1\/6)(1A|1)(1D|1) N (1A|1)(1D|1)(2D|1) N (1D|1)(2D|1)(2D|2) N (2D|1)(2D|2)(2A|2) N (2D|2)(2A|2)(2A|1\/2) N (2A|2)(2A|1\/2)(1A|2) N (2A|1\/2)(1A|2)(1D|1\/4) N (1A|2)(1D|1\/4)(1A|1) N (1D|1\/4)(1A|1)(2A|6) N (1A|1)(2A|6)(0D|1) N ","lyricist":"","composer":"","corpus_ref":"all:composers:bach:bach:chorals","id":"all:composers:bach:bach:chorals:bwv19.7:P2-1","title":"Wie nach einer Wasserquelle","rhythm":"(1\/2)(1)(-1) N (1)(-1)(-1) N (-1)(-1)(-1) N (-1)(-1)(1\/2) N (-1)(1\/2)(1) N (1\/2)(1)(2) N (1)(2)(3\/2) N (2)(3\/2)(-1) N (3\/2)(-1)(1) N (-1)(1)(1) N (1)(1)(2) N (1)(2)(1\/4) N (2)(1\/4)(1) N (1\/4)(1)(2) N (1)(2)(1) N (2)(1)(1) N (1)(1)(3) N (1)(3)(2\/3) N (3)(2\/3)(1\/2) N (2\/3)(1\/2)(1) N (1\/2)(1)(-1) N (1)(-1)(-1) N (-1)(-1)(-1) N (-1)(-1)(1\/2) N (-1)(1\/2)(1) N (1\/2)(1)(2) N (1)(2)(3\/2) N (2)(3\/2)(-1) N (3\/2)(-1)(1) N (-1)(1)(1) N (1)(1)(2) N (1)(2)(1\/4) N (2)(1\/4)(1) N (1\/4)(1)(2) N (1)(2)(1) N (2)(1)(1) N (1)(1)(3) N (1)(3)(1) N (3)(1)(1) N (1)(1)(1\/3) N (1)(1\/3)(1) N (1\/3)(1)(1) N (1)(1)(3) N (1)(3)(-1) N (3)(-1)(1) N (-1)(1)(1) N (1)(1)(1) N (1)(1)(-1) N (1)(-1)(-1) N (-1)(-1)(-1) N (-1)(-1)(1) N (-1)(1)(1) N (1)(1)(3) N (1)(3)(2\/3) N (3)(2\/3)(1\/2) N (2\/3)(1\/2)(2) N (1\/2)(2)(1\/2) N (2)(1\/2)(1) N (1\/2)(1)(1) N (1)(1)(1) N (1)(1)(1\/2) N (1)(1\/2)(1) N (1\/2)(1)(1) N (1)(1)(1) N (1)(1)(1) N (1)(1)(1) N (1)(1)(6) N (1)(6)(1\/6) N (6)(1\/6)(1) N (1\/6)(1)(1) N (1)(1)(1) N (1)(1)(2) N (1)(2)(2) N (2)(2)(1\/2) N (2)(1\/2)(2) N (1\/2)(2)(1\/4) N (2)(1\/4)(1) N (1\/4)(1)(6) N (1)(6)(1) N "}