{"voice":"P1-1","diatonic":"2D;2D;2D; N 2D;2D;2D; N 2D;2D;5A; N 2D;5A;2A; N 5A;2A;2A; N 2A;2A;2A; N 2A;2A;2D; N 2A;2D;2A; N 2D;2A;3A; N 2A;3A;2D; N 3A;2D;2D; N 2D;2D;4D; N 2D;4D;2D; N 4D;2D;2D; N 2D;2D;2D; N 2D;2D;2D; N 2D;2D;5A; N 2D;5A;2A; N 5A;2A;2A; N 2A;2A;2A; N 2A;2A;2D; N 2A;2D;2A; N 2D;2A;3A; N 2A;3A;2D; N 3A;2D;2D; N 2D;2D;4D; N 2D;4D;2A; N 4D;2A;2D; N 2A;2D;2D; N 2D;2D;2D; N 2D;2D;3A; N 2D;3A;2A; N 3A;2A;2A; N 2A;2A;3D; N 2A;3D;4A; N 3D;4A;2D; N 4A;2D;2D; N 2D;2D;2D; N 2D;2D;2D; N 2D;2D;2D; N 2D;2D;2D; N 2D;2D;2D; N ","ref":"all:composers:bach:bach:chorals:bwv64.8","melody":"2D;2D;1D; N 2D;1D;2D; N 1D;2D;7A; N 2D;7A;2A; N 7A;2A;2A; N 2A;2A;1A; N 2A;1A;1D; N 1A;1D;1A; N 1D;1A;3A; N 1A;3A;1D; N 3A;1D;2D; N 1D;2D;5D; N 2D;5D;2D; N 5D;2D;2D; N 2D;2D;1D; N 2D;1D;2D; N 1D;2D;7A; N 2D;7A;2A; N 7A;2A;2A; N 2A;2A;1A; N 2A;1A;1D; N 1A;1D;1A; N 1D;1A;3A; N 1A;3A;1D; N 3A;1D;2D; N 1D;2D;5D; N 2D;5D;1A; N 5D;1A;1D; N 1A;1D;2D; N 1D;2D;2D; N 2D;2D;4A; N 2D;4A;2A; N 4A;2A;1A; N 2A;1A;3D; N 1A;3D;5A; N 3D;5A;2D; N 5A;2D;1D; N 2D;1D;2D; N 1D;2D;2D; N 2D;2D;2D; N 2D;2D;1D; N 2D;1D;2D; N ","notes":"(0D|1)(2D|1)(2D|1) N (2D|1)(2D|1)(1D|2) N (2D|1)(1D|2)(2D|1) N (1D|2)(2D|1)(7A|1\/2) N (2D|1)(7A|1\/2)(0D|1) N (7A|1\/2)(0D|1)(2A|1) N (0D|1)(2A|1)(2A|1) N (2A|1)(2A|1)(1A|2) N (2A|1)(1A|2)(1D|1) N (1A|2)(1D|1)(1A|1\/2) N (1D|1)(1A|1\/2)(3A|1) N (1A|1\/2)(3A|1)(1D|3\/2) N (3A|1)(1D|3\/2)(2D|1\/3) N (1D|3\/2)(2D|1\/3)(0D|8) N (2D|1\/3)(0D|8)(5D|1\/4) N (0D|8)(5D|1\/4)(0D|1) N (5D|1\/4)(0D|1)(2D|1) N (0D|1)(2D|1)(2D|1) N (2D|1)(2D|1)(1D|2) N (2D|1)(1D|2)(2D|1) N (1D|2)(2D|1)(7A|1\/2) N (2D|1)(7A|1\/2)(0D|1) N (7A|1\/2)(0D|1)(2A|1) N (0D|1)(2A|1)(2A|1) N (2A|1)(2A|1)(1A|2) N (2A|1)(1A|2)(1D|1) N (1A|2)(1D|1)(1A|1\/2) N (1D|1)(1A|1\/2)(3A|1) N (1A|1\/2)(3A|1)(1D|3\/2) N (3A|1)(1D|3\/2)(2D|1\/3) N (1D|3\/2)(2D|1\/3)(0D|8) N (2D|1\/3)(0D|8)(5D|1\/4) N (0D|8)(5D|1\/4)(0D|1) N (5D|1\/4)(0D|1)(1A|1) N (0D|1)(1A|1)(1D|1) N (1A|1)(1D|1)(2D|3\/2) N (1D|1)(2D|3\/2)(2D|1\/3) N (2D|3\/2)(2D|1\/3)(0D|4) N (2D|1\/3)(0D|4)(4A|1\/2) N (0D|4)(4A|1\/2)(2A|1) N (4A|1\/2)(2A|1)(1A|1) N (2A|1)(1A|1)(3D|1) N (1A|1)(3D|1)(5A|1) N (3D|1)(5A|1)(2D|1) N (5A|1)(2D|1)(1D|2) N (2D|1)(1D|2)(2D|1) N (1D|2)(2D|1)(0D|1\/2) N (2D|1)(0D|1\/2)(0D|1) N (0D|1\/2)(0D|1)(2D|1) N (0D|1)(2D|1)(2D|1) N (2D|1)(2D|1)(1D|2) N (2D|1)(1D|2)(2D|2) N ","lyricist":"","composer":"","corpus_ref":"all:composers:bach:bach:chorals","id":"all:composers:bach:bach:chorals:bwv64.8:voice_P1-1","title":"Jesu, meine Freude","rhythm":"(1)(1)(1) N (1)(1)(2) N (1)(2)(1) N (2)(1)(1\/2) N (1)(1\/2)(1) N (1\/2)(1)(1) N (1)(1)(1) N (1)(1)(2) N (1)(2)(1) N (2)(1)(1\/2) N (1)(1\/2)(1) N (1\/2)(1)(3\/2) N (1)(3\/2)(1\/3) N (3\/2)(1\/3)(8) N (1\/3)(8)(1\/4) N (8)(1\/4)(1) N (1\/4)(1)(1) N (1)(1)(1) N (1)(1)(2) N (1)(2)(1) N (2)(1)(1\/2) N (1)(1\/2)(1) N (1\/2)(1)(1) N (1)(1)(1) N (1)(1)(2) N (1)(2)(1) N (2)(1)(1\/2) N (1)(1\/2)(1) N (1\/2)(1)(3\/2) N (1)(3\/2)(1\/3) N (3\/2)(1\/3)(8) N (1\/3)(8)(1\/4) N (8)(1\/4)(1) N (1\/4)(1)(1) N (1)(1)(1) N (1)(1)(3\/2) N (1)(3\/2)(1\/3) N (3\/2)(1\/3)(4) N (1\/3)(4)(1\/2) N (4)(1\/2)(1) N (1\/2)(1)(1) N (1)(1)(1) N (1)(1)(1) N (1)(1)(1) N (1)(1)(2) N (1)(2)(1) N (2)(1)(1\/2) N (1)(1\/2)(1) N (1\/2)(1)(1) N (1)(1)(1) N (1)(1)(2) N (1)(2)(2) N "}