{"voice":"P2-1","diatonic":"3A;2A;2D; N 2A;2D;2D; N 2D;2D;2D; N 2D;2D;2A; N 2D;2A;2A; N 2A;2A;2A; N 2A;2A;2A; N 2A;2A;2A; N 2A;2A;5D; N 2A;5D;2D; N 5D;2D;2D; N 2D;2D;2D; N 2D;2D;2D; N 2D;2D;4A; N 2D;4A;3A; N 4A;3A;2A; N 3A;2A;2D; N 2A;2D;2D; N 2D;2D;2D; N 2D;2D;2A; N 2D;2A;2A; N 2A;2A;2A; N 2A;2A;2A; N 2A;2A;2A; N 2A;2A;5D; N 2A;5D;2D; N 5D;2D;2D; N 2D;2D;2D; N 2D;2D;2D; N 2D;2D;4A; N 2D;4A;2D; N 4A;2D;2A; N 2D;2A;2A; N 2A;2A;2A; N 2A;2A;2A; N 2A;2A;2A; N 2A;2A;2D; N 2A;2D;2D; N 2D;2D;3D; N 2D;3D;4A; N 3D;4A;2D; N 4A;2D;2D; N 2D;2D;2D; N 2D;2D;2D; N 2D;2D;2D; N 2D;2D;2D; N 2D;2D;4A; N 2D;4A;2D; N 4A;2D;2D; N 2D;2D;2A; N 2D;2A;2D; N 2A;2D;2D; N ","ref":"all:composers:bach:bach:chorals:bwv38.6","melody":"4A;1A;2D; N 1A;2D;1D; N 2D;1D;2D; N 1D;2D;2A; N 2D;2A;2A; N 2A;2A;1A; N 2A;1A;2A; N 1A;2A;1A; N 2A;1A;7D; N 1A;7D;1D; N 7D;1D;2D; N 1D;2D;2D; N 2D;2D;1D; N 2D;1D;5A; N 1D;5A;4A; N 5A;4A;1A; N 4A;1A;2D; N 1A;2D;1D; N 2D;1D;2D; N 1D;2D;2A; N 2D;2A;2A; N 2A;2A;1A; N 2A;1A;2A; N 1A;2A;1A; N 2A;1A;7D; N 1A;7D;1D; N 7D;1D;2D; N 1D;2D;2D; N 2D;2D;1D; N 2D;1D;5A; N 1D;5A;2D; N 5A;2D;2A; N 2D;2A;2A; N 2A;2A;1A; N 2A;1A;2A; N 1A;2A;2A; N 2A;2A;2D; N 2A;2D;1D; N 2D;1D;4D; N 1D;4D;5A; N 4D;5A;2D; N 5A;2D;2D; N 2D;2D;1D; N 2D;1D;2D; N 1D;2D;2D; N 2D;2D;1D; N 2D;1D;5A; N 1D;5A;2D; N 5A;2D;2D; N 2D;2D;2A; N 2D;2A;2D; N 2A;2D;1D; N ","notes":"(0D|1\/2)(4A|1)(1A|1) N (4A|1)(1A|1)(2D|1\/2) N (1A|1)(2D|1\/2)(1D|1) N (2D|1\/2)(1D|1)(2D|2) N (1D|1)(2D|2)(2A|1) N (2D|2)(2A|1)(2A|2) N (2A|1)(2A|2)(0D|1) N (2A|2)(0D|1)(1A|1\/2) N (0D|1)(1A|1\/2)(2A|1) N (1A|1\/2)(2A|1)(1A|1) N (2A|1)(1A|1)(7D|1) N (1A|1)(7D|1)(1D|1) N (7D|1)(1D|1)(2D|1\/2) N (1D|1)(2D|1\/2)(2D|1) N (2D|1\/2)(2D|1)(1D|4) N (2D|1)(1D|4)(5A|1) N (1D|4)(5A|1)(0D|1\/2) N (5A|1)(0D|1\/2)(4A|1) N (0D|1\/2)(4A|1)(1A|1) N (4A|1)(1A|1)(2D|1\/2) N (1A|1)(2D|1\/2)(1D|1) N (2D|1\/2)(1D|1)(2D|2) N (1D|1)(2D|2)(2A|1) N (2D|2)(2A|1)(2A|2) N (2A|1)(2A|2)(0D|1) N (2A|2)(0D|1)(1A|1\/2) N (0D|1)(1A|1\/2)(2A|1) N (1A|1\/2)(2A|1)(1A|1) N (2A|1)(1A|1)(7D|1) N (1A|1)(7D|1)(1D|1) N (7D|1)(1D|1)(2D|1\/2) N (1D|1)(2D|1\/2)(2D|1) N (2D|1\/2)(2D|1)(1D|4) N (2D|1)(1D|4)(5A|1) N (1D|4)(5A|1)(2D|1\/2) N (5A|1)(2D|1\/2)(2A|1\/2) N (2D|1\/2)(2A|1\/2)(2A|1) N (2A|1\/2)(2A|1)(1A|2) N (2A|1)(1A|2)(2A|1) N (1A|2)(2A|1)(2A|1\/2) N (2A|1)(2A|1\/2)(2D|1) N (2A|1\/2)(2D|1)(1D|2) N (2D|1)(1D|2)(4D|2) N (1D|2)(4D|2)(5A|1) N (4D|2)(5A|1)(2D|1\/2) N (5A|1)(2D|1\/2)(0D|1) N (2D|1\/2)(0D|1)(0D|1\/2) N (0D|1)(0D|1\/2)(2D|1) N (0D|1\/2)(2D|1)(1D|2) N (2D|1)(1D|2)(2D|1) N (1D|2)(2D|1)(2D|1) N (2D|1)(2D|1)(1D|2) N (2D|1)(1D|2)(5A|1) N (1D|2)(5A|1)(0D|1\/2) N (5A|1)(0D|1\/2)(0D|1\/2) N (0D|1\/2)(0D|1\/2)(2D|1) N (0D|1\/2)(2D|1)(2D|2) N (2D|1)(2D|2)(0D|1) N (2D|2)(0D|1)(2A|2) N (0D|1)(2A|2)(0D|1\/2) N (2A|2)(0D|1\/2)(2D|1) N (0D|1\/2)(2D|1)(1D|2) N ","lyricist":"","composer":"","corpus_ref":"all:composers:bach:bach:chorals","id":"all:composers:bach:bach:chorals:bwv38.6:P2-1","title":"Aus tiefer Not schrei ich zu dir 1","rhythm":"(1\/2)(1)(1) N (1)(1)(1\/2) N (1)(1\/2)(1) N (1\/2)(1)(2) N (1)(2)(1) N (2)(1)(2) N (1)(2)(1) N (2)(1)(1\/2) N (1)(1\/2)(1) N (1\/2)(1)(1) N (1)(1)(1) N (1)(1)(1) N (1)(1)(1\/2) N (1)(1\/2)(1) N (1\/2)(1)(4) N (1)(4)(1) N (4)(1)(1\/2) N (1)(1\/2)(1) N (1\/2)(1)(1) N (1)(1)(1\/2) N (1)(1\/2)(1) N (1\/2)(1)(2) N (1)(2)(1) N (2)(1)(2) N (1)(2)(1) N (2)(1)(1\/2) N (1)(1\/2)(1) N (1\/2)(1)(1) N (1)(1)(1) N (1)(1)(1) N (1)(1)(1\/2) N (1)(1\/2)(1) N (1\/2)(1)(4) N (1)(4)(1) N (4)(1)(1\/2) N (1)(1\/2)(1\/2) N (1\/2)(1\/2)(1) N (1\/2)(1)(2) N (1)(2)(1) N (2)(1)(1\/2) N (1)(1\/2)(1) N (1\/2)(1)(2) N (1)(2)(2) N (2)(2)(1) N (2)(1)(1\/2) N (1)(1\/2)(1) N (1\/2)(1)(1\/2) N (1)(1\/2)(1) N (1\/2)(1)(2) N (1)(2)(1) N (2)(1)(1) N (1)(1)(2) N (1)(2)(1) N (2)(1)(1\/2) N (1)(1\/2)(1\/2) N (1\/2)(1\/2)(1) N (1\/2)(1)(2) N (1)(2)(1) N (2)(1)(2) N (1)(2)(1\/2) N (2)(1\/2)(1) N (1\/2)(1)(2) N "}