{"voice":"P1-1","diatonic":"2A;2D;2D; N 2D;2D;3D; N 2D;3D;3A; N 3D;3A;2A; N 3A;2A;2A; N 2A;2A;2A; N 2A;2A;3A; N 2A;3A;2D; N 3A;2D;2D; N 2D;2D;2D; N 2D;2D;2D; N 2D;2D;2A; N 2D;2A;2D; N 2A;2D;2D; N 2D;2D;3D; N 2D;3D;3A; N 3D;3A;2A; N 3A;2A;2A; N 2A;2A;2A; N 2A;2A;3A; N 2A;3A;2D; N 3A;2D;2D; N 2D;2D;2D; N 2D;2D;2D; N 2D;2D;4A; N 2D;4A;2A; N 4A;2A;2D; N 2A;2D;2D; N 2D;2D;2D; N 2D;2D;2D; N 2D;2D;2D; N 2D;2D;4A; N 2D;4A;2D; N 4A;2D;2A; N 2D;2A;2A; N 2A;2A;2A; N 2A;2A;2D; N 2A;2D;2D; N 2D;2D;2D; N 2D;2D;2D; N 2D;2D;2D; N 2D;2D;3A; N 2D;3A;2A; N 3A;2A;3A; N 2A;3A;2D; N 3A;2D;2D; N 2D;2D;2D; N 2D;2D;2D; N ","ref":"all:composers:bach:bach:chorals:bwv343","melody":"2A;2D;2D; N 2D;2D;3D; N 2D;3D;3A; N 3D;3A;2A; N 3A;2A;2A; N 2A;2A;1A; N 2A;1A;4A; N 1A;4A;2D; N 4A;2D;2D; N 2D;2D;1D; N 2D;1D;2D; N 1D;2D;2A; N 2D;2A;2D; N 2A;2D;2D; N 2D;2D;3D; N 2D;3D;3A; N 3D;3A;2A; N 3A;2A;2A; N 2A;2A;1A; N 2A;1A;4A; N 1A;4A;2D; N 4A;2D;2D; N 2D;2D;1D; N 2D;1D;2D; N 1D;2D;5A; N 2D;5A;2A; N 5A;2A;2D; N 2A;2D;2D; N 2D;2D;1D; N 2D;1D;2D; N 1D;2D;2D; N 2D;2D;5A; N 2D;5A;1D; N 5A;1D;1A; N 1D;1A;2A; N 1A;2A;2A; N 2A;2A;2D; N 2A;2D;2D; N 2D;2D;1D; N 2D;1D;2D; N 1D;2D;1D; N 2D;1D;3A; N 1D;3A;1A; N 3A;1A;4A; N 1A;4A;2D; N 4A;2D;2D; N 2D;2D;1D; N 2D;1D;2D; N ","notes":"(2A|2)(2D|1\/2)(2D|2) N (2D|1\/2)(2D|2)(3D|1\/2) N (2D|2)(3D|1\/2)(3A|3) N (3D|1\/2)(3A|3)(2A|2\/3) N (3A|3)(2A|2\/3)(2A|1\/2) N (2A|2\/3)(2A|1\/2)(1A|2) N (2A|1\/2)(1A|2)(4A|1\/2) N (1A|2)(4A|1\/2)(2D|2) N (4A|1\/2)(2D|2)(2D|1\/2) N (2D|2)(2D|1\/2)(1D|3) N (2D|1\/2)(1D|3)(2D|2\/3) N (1D|3)(2D|2\/3)(0D|1\/2) N (2D|2\/3)(0D|1\/2)(2A|2) N (0D|1\/2)(2A|2)(2D|1\/2) N (2A|2)(2D|1\/2)(2D|2) N (2D|1\/2)(2D|2)(3D|1\/2) N (2D|2)(3D|1\/2)(3A|3) N (3D|1\/2)(3A|3)(2A|2\/3) N (3A|3)(2A|2\/3)(2A|1\/2) N (2A|2\/3)(2A|1\/2)(1A|2) N (2A|1\/2)(1A|2)(4A|1\/2) N (1A|2)(4A|1\/2)(2D|2) N (4A|1\/2)(2D|2)(2D|1\/2) N (2D|2)(2D|1\/2)(1D|3) N (2D|1\/2)(1D|3)(2D|2\/3) N (1D|3)(2D|2\/3)(5A|1\/2) N (2D|2\/3)(5A|1\/2)(0D|2) N (5A|1\/2)(0D|2)(0D|1\/2) N (0D|2)(0D|1\/2)(2A|2) N (0D|1\/2)(2A|2)(2D|1\/2) N (2A|2)(2D|1\/2)(2D|1) N (2D|1\/2)(2D|1)(1D|1) N (2D|1)(1D|1)(2D|1) N (1D|1)(2D|1)(2D|2) N (2D|1)(2D|2)(0D|1\/2) N (2D|2)(0D|1\/2)(5A|2) N (0D|1\/2)(5A|2)(1D|1\/2) N (5A|2)(1D|1\/2)(1A|2) N (1D|1\/2)(1A|2)(2A|1\/2) N (1A|2)(2A|1\/2)(2A|2) N (2A|1\/2)(2A|2)(2D|1\/2) N (2A|2)(2D|1\/2)(2D|3\/2) N (2D|1\/2)(2D|3\/2)(1D|1\/3) N (2D|3\/2)(1D|1\/3)(2D|2) N (1D|1\/3)(2D|2)(1D|2) N (2D|2)(1D|2)(3A|1\/2) N (1D|2)(3A|1\/2)(1A|2) N (3A|1\/2)(1A|2)(4A|1\/2) N (1A|2)(4A|1\/2)(2D|2) N (4A|1\/2)(2D|2)(2D|1\/2) N (2D|2)(2D|1\/2)(1D|3) N (2D|1\/2)(1D|3)(2D|2\/3) N ","lyricist":"","composer":"","corpus_ref":"all:composers:bach:bach:chorals","id":"all:composers:bach:bach:chorals:bwv343:P1-1","title":"Hilf, Gott, laß mirs gelingen","rhythm":"(2)(1\/2)(2) N (1\/2)(2)(1\/2) N (2)(1\/2)(3) N (1\/2)(3)(2\/3) N (3)(2\/3)(1\/2) N (2\/3)(1\/2)(2) N (1\/2)(2)(1\/2) N (2)(1\/2)(2) N (1\/2)(2)(1\/2) N (2)(1\/2)(3) N (1\/2)(3)(2\/3) N (3)(2\/3)(1\/2) N (2\/3)(1\/2)(2) N (1\/2)(2)(1\/2) N (2)(1\/2)(2) N (1\/2)(2)(1\/2) N (2)(1\/2)(3) N (1\/2)(3)(2\/3) N (3)(2\/3)(1\/2) N (2\/3)(1\/2)(2) N (1\/2)(2)(1\/2) N (2)(1\/2)(2) N (1\/2)(2)(1\/2) N (2)(1\/2)(3) N (1\/2)(3)(2\/3) N (3)(2\/3)(1\/2) N (2\/3)(1\/2)(2) N (1\/2)(2)(1\/2) N (2)(1\/2)(2) N (1\/2)(2)(1\/2) N (2)(1\/2)(1) N (1\/2)(1)(1) N (1)(1)(1) N (1)(1)(2) N (1)(2)(1\/2) N (2)(1\/2)(2) N (1\/2)(2)(1\/2) N (2)(1\/2)(2) N (1\/2)(2)(1\/2) N (2)(1\/2)(2) N (1\/2)(2)(1\/2) N (2)(1\/2)(3\/2) N (1\/2)(3\/2)(1\/3) N (3\/2)(1\/3)(2) N (1\/3)(2)(2) N (2)(2)(1\/2) N (2)(1\/2)(2) N (1\/2)(2)(1\/2) N (2)(1\/2)(2) N (1\/2)(2)(1\/2) N (2)(1\/2)(3) N (1\/2)(3)(2\/3) N "}