{"voice":"P4-1","diatonic":"2A;2A;2D; N 2A;2D;2D; N 2D;2D;5A; N 2D;5A;2D; N 5A;2D;2D; N 2D;2D;2A; N 2D;2A;2D; N 2A;2D;2D; N 2D;2D;2D; N 2D;2D;3D; N 2D;3D;4A; N 3D;4A;2A; N 4A;2A;2A; N 2A;2A;5D; N 2A;5D;2A; N 5D;2A;2A; N 2A;2A;4D; N 2A;4D;2D; N 4D;2D;2D; N 2D;2D;2D; N 2D;2D;4A; N 2D;4A;2A; N 4A;2A;2A; N 2A;2A;2A; N 2A;2A;2A; N 2A;2A;2A; N 2A;2A;2A; N 2A;2A;4D; N 2A;4D;5D; N 4D;5D;4A; N 5D;4A;4A; N 4A;4A;2D; N 4A;2D;2D; N 2D;2D;2A; N 2D;2A;2A; N 2A;2A;2A; N 2A;2A;2D; N 2A;2D;2D; N 2D;2D;2A; N 2D;2A;5D; N 2A;5D;4A; N 5D;4A;2D; N 4A;2D;4A; N 2D;4A;2A; N 4A;2A;2A; N 2A;2A;5D; N 2A;5D;2A; N 5D;2A;2A; N 2A;2A;5D; N 2A;5D;2A; N 5D;2A;2A; N 2A;2A;2A; N 2A;2A;2A; N 2A;2A;5D; N 2A;5D;2D; N 5D;2D;2D; N 2D;2D;4D; N 2D;4D;2A; N 4D;2A;4D; N 2A;4D;4A; N ","ref":"all:composers:bach:bach:chorals:bwv127.5","melody":"2A;2A;2D; N 2A;2D;2D; N 2D;2D;7A; N 2D;7A;2D; N 7A;2D;1D; N 2D;1D;1A; N 1D;1A;1D; N 1A;1D;2D; N 1D;2D;2D; N 2D;2D;3D; N 2D;3D;5A; N 3D;5A;2A; N 5A;2A;1A; N 2A;1A;6D; N 1A;6D;2A; N 6D;2A;1A; N 2A;1A;5D; N 1A;5D;2D; N 5D;2D;2D; N 2D;2D;1D; N 2D;1D;5A; N 1D;5A;2A; N 5A;2A;1A; N 2A;1A;2A; N 1A;2A;2A; N 2A;2A;2A; N 2A;2A;1A; N 2A;1A;5D; N 1A;5D;7D; N 5D;7D;5A; N 7D;5A;5A; N 5A;5A;1D; N 5A;1D;2D; N 1D;2D;2A; N 2D;2A;2A; N 2A;2A;1A; N 2A;1A;1D; N 1A;1D;2D; N 1D;2D;2A; N 2D;2A;7D; N 2A;7D;5A; N 7D;5A;12D; N 5A;12D;5A; N 12D;5A;2A; N 5A;2A;1A; N 2A;1A;7D; N 1A;7D;2A; N 7D;2A;2A; N 2A;2A;7D; N 2A;7D;2A; N 7D;2A;1A; N 2A;1A;2A; N 1A;2A;12A; N 2A;12A;6D; N 12A;6D;1D; N 6D;1D;2D; N 1D;2D;4D; N 2D;4D;1A; N 4D;1A;5D; N 1A;5D;5A; N ","notes":"(2A|1)(2A|2)(2D|1\/2) N (2A|2)(2D|1\/2)(2D|1) N (2D|1\/2)(2D|1)(7A|1) N (2D|1)(7A|1)(2D|1) N (7A|1)(2D|1)(1D|2) N (2D|1)(1D|2)(1A|1\/2) N (1D|2)(1A|1\/2)(1D|1) N (1A|1\/2)(1D|1)(2D|2) N (1D|1)(2D|2)(2D|1) N (2D|2)(2D|1)(3D|1) N (2D|1)(3D|1)(5A|1\/2) N (3D|1)(5A|1\/2)(2A|1) N (5A|1\/2)(2A|1)(1A|2) N (2A|1)(1A|2)(6D|1\/2) N (1A|2)(6D|1\/2)(2A|1) N (6D|1\/2)(2A|1)(1A|2) N (2A|1)(1A|2)(5D|1\/2) N (1A|2)(5D|1\/2)(2D|1) N (5D|1\/2)(2D|1)(2D|2) N (2D|1)(2D|2)(1D|1) N (2D|2)(1D|1)(5A|1) N (1D|1)(5A|1)(2A|1) N (5A|1)(2A|1)(1A|1\/2) N (2A|1)(1A|1\/2)(2A|1) N (1A|1\/2)(2A|1)(2A|2) N (2A|1)(2A|2)(2A|1) N (2A|2)(2A|1)(1A|1) N (2A|1)(1A|1)(5D|1) N (1A|1)(5D|1)(7D|1) N (5D|1)(7D|1)(5A|1) N (7D|1)(5A|1)(5A|1) N (5A|1)(5A|1)(1D|1\/2) N (5A|1)(1D|1\/2)(2D|1) N (1D|1\/2)(2D|1)(2A|1) N (2D|1)(2A|1)(2A|1) N (2A|1)(2A|1)(1A|2) N (2A|1)(1A|2)(0D|1\/2) N (1A|2)(0D|1\/2)(1D|1\/2) N (0D|1\/2)(1D|1\/2)(2D|1) N (1D|1\/2)(2D|1)(2A|2) N (2D|1)(2A|2)(7D|1) N (2A|2)(7D|1)(5A|2) N (7D|1)(5A|2)(12D|1) N (5A|2)(12D|1)(5A|1\/2) N (12D|1)(5A|1\/2)(2A|1) N (5A|1\/2)(2A|1)(1A|2) N (2A|1)(1A|2)(7D|1\/2) N (1A|2)(7D|1\/2)(2A|1) N (7D|1\/2)(2A|1)(2A|2) N (2A|1)(2A|2)(7D|1) N (2A|2)(7D|1)(2A|1\/2) N (7D|1)(2A|1\/2)(1A|1) N (2A|1\/2)(1A|1)(2A|2) N (1A|1)(2A|2)(12A|1) N (2A|2)(12A|1)(6D|1) N (12A|1)(6D|1)(1D|1) N (6D|1)(1D|1)(2D|1) N (1D|1)(2D|1)(4D|1) N (2D|1)(4D|1)(1A|1) N (4D|1)(1A|1)(5D|1) N (1A|1)(5D|1)(5A|1) N ","lyricist":"","composer":"","corpus_ref":"all:composers:bach:bach:chorals","id":"all:composers:bach:bach:chorals:bwv127.5:P4-1","title":"Wenn einer schon ein Haus aufbaut","rhythm":"(1)(2)(1\/2) N (2)(1\/2)(1) N (1\/2)(1)(1) N (1)(1)(1) N (1)(1)(2) N (1)(2)(1\/2) N (2)(1\/2)(1) N (1\/2)(1)(2) N (1)(2)(1) N (2)(1)(1) N (1)(1)(1\/2) N (1)(1\/2)(1) N (1\/2)(1)(2) N (1)(2)(1\/2) N (2)(1\/2)(1) N (1\/2)(1)(2) N (1)(2)(1\/2) N (2)(1\/2)(1) N (1\/2)(1)(2) N (1)(2)(1) N (2)(1)(1) N (1)(1)(1) N (1)(1)(1\/2) N (1)(1\/2)(1) N (1\/2)(1)(2) N (1)(2)(1) N (2)(1)(1) N (1)(1)(1) N (1)(1)(1) N (1)(1)(1) N (1)(1)(1) N (1)(1)(1\/2) N (1)(1\/2)(1) N (1\/2)(1)(1) N (1)(1)(1) N (1)(1)(2) N (1)(2)(1\/2) N (2)(1\/2)(1\/2) N (1\/2)(1\/2)(1) N (1\/2)(1)(2) N (1)(2)(1) N (2)(1)(2) N (1)(2)(1) N (2)(1)(1\/2) N (1)(1\/2)(1) N (1\/2)(1)(2) N (1)(2)(1\/2) N (2)(1\/2)(1) N (1\/2)(1)(2) N (1)(2)(1) N (2)(1)(1\/2) N (1)(1\/2)(1) N (1\/2)(1)(2) N (1)(2)(1) N (2)(1)(1) N (1)(1)(1) N (1)(1)(1) N (1)(1)(1) N (1)(1)(1) N (1)(1)(1) N (1)(1)(1) N "}