{"voice":"P4-1","diatonic":"4D;2A;2A; N 2A;2A;2A; N 2A;2A;6D; N 2A;6D;2A; N 6D;2A;2A; N 2A;2A;5D; N 2A;5D;7A; N 5D;7A;2A; N 7A;2A;3D; N 2A;3D;2A; N 3D;2A;2A; N 2A;2A;5D; N 2A;5D;2D; N 5D;2D;2A; N 2D;2A;2A; N 2A;2A;5D; N 2A;5D;2A; N 5D;2A;4D; N 2A;4D;2A; N 4D;2A;2A; N 2A;2A;2A; N 2A;2A;6D; N 2A;6D;2A; N 6D;2A;2A; N 2A;2A;5D; N 2A;5D;7A; N 5D;7A;2A; N 7A;2A;3D; N 2A;3D;2A; N 3D;2A;2A; N 2A;2A;5D; N 2A;5D;2D; N 5D;2D;2A; N 2D;2A;2A; N 2A;2A;5D; N 2A;5D;2A; N 5D;2A;2D; N 2A;2D;2D; N 2D;2D;2A; N 2D;2A;2A; N 2A;2A;2A; N 2A;2A;2A; N 2A;2A;2D; N 2A;2D;2D; N 2D;2D;2A; N 2D;2A;5D; N 2A;5D;4A; N 5D;4A;5D; N 4A;5D;2D; N 5D;2D;2D; N 2D;2D;2A; N 2D;2A;2A; N 2A;2A;2A; N 2A;2A;2A; N 2A;2A;2A; N 2A;2A;2A; N 2A;2A;2A; N 2A;2A;2D; N 2A;2D;4A; N 2D;4A;2A; N 4A;2A;2D; N 2A;2D;2D; N 2D;2D;2D; N 2D;2D;2D; N 2D;2D;2D; N 2D;2D;2A; N 2D;2A;5D; N 2A;5D;2A; N 5D;2A;3D; N 2A;3D;4A; N 3D;4A;5D; N 4A;5D;2A; N 5D;2A;2A; N 2A;2A;2D; N 2A;2D;2A; N 2D;2A;2A; N 2A;2A;5D; N ","ref":"all:composers:bach:bach:chorals:bwv180.7","melody":"5D;2A;2A; N 2A;2A;1A; N 2A;1A;8D; N 1A;8D;1A; N 8D;1A;2A; N 1A;2A;7D; N 2A;7D;11A; N 7D;11A;1A; N 11A;1A;3D; N 1A;3D;2A; N 3D;2A;1A; N 2A;1A;7D; N 1A;7D;1D; N 7D;1D;1A; N 1D;1A;2A; N 1A;2A;7D; N 2A;7D;12A; N 7D;12A;5D; N 12A;5D;2A; N 5D;2A;2A; N 2A;2A;1A; N 2A;1A;8D; N 1A;8D;1A; N 8D;1A;2A; N 1A;2A;7D; N 2A;7D;11A; N 7D;11A;1A; N 11A;1A;3D; N 1A;3D;2A; N 3D;2A;1A; N 2A;1A;7D; N 1A;7D;1D; N 7D;1D;1A; N 1D;1A;2A; N 1A;2A;7D; N 2A;7D;12A; N 7D;12A;1D; N 12A;1D;2D; N 1D;2D;2A; N 2D;2A;1A; N 2A;1A;2A; N 1A;2A;2A; N 2A;2A;2D; N 2A;2D;2D; N 2D;2D;2A; N 2D;2A;7D; N 2A;7D;5A; N 7D;5A;7D; N 5A;7D;1D; N 7D;1D;2D; N 1D;2D;2A; N 2D;2A;2A; N 2A;2A;1A; N 2A;1A;2A; N 1A;2A;2A; N 2A;2A;1A; N 2A;1A;2A; N 1A;2A;12D; N 2A;12D;5A; N 12D;5A;12A; N 5A;12A;2D; N 12A;2D;1D; N 2D;1D;2D; N 1D;2D;2D; N 2D;2D;1D; N 2D;1D;1A; N 1D;1A;7D; N 1A;7D;2A; N 7D;2A;3D; N 2A;3D;5A; N 3D;5A;7D; N 5A;7D;2A; N 7D;2A;1A; N 2A;1A;1D; N 1A;1D;1A; N 1D;1A;2A; N 1A;2A;7D; N ","notes":"(5D|1)(2A|1)(2A|1) N (2A|1)(2A|1)(1A|1) N (2A|1)(1A|1)(8D|1\/2) N (1A|1)(8D|1\/2)(1A|1) N (8D|1\/2)(1A|1)(2A|4) N (1A|1)(2A|4)(7D|1) N (2A|4)(7D|1)(11A|1\/2) N (7D|1)(11A|1\/2)(1A|1) N (11A|1\/2)(1A|1)(3D|1\/2) N (1A|1)(3D|1\/2)(2A|1) N (3D|1\/2)(2A|1)(1A|2) N (2A|1)(1A|2)(7D|1) N (1A|2)(7D|1)(1D|1\/2) N (7D|1)(1D|1\/2)(1A|1) N (1D|1\/2)(1A|1)(2A|4) N (1A|1)(2A|4)(7D|1) N (2A|4)(7D|1)(12A|1\/2) N (7D|1)(12A|1\/2)(5D|1) N (12A|1\/2)(5D|1)(2A|1) N (5D|1)(2A|1)(2A|1) N (2A|1)(2A|1)(1A|1) N (2A|1)(1A|1)(8D|1\/2) N (1A|1)(8D|1\/2)(1A|1) N (8D|1\/2)(1A|1)(2A|4) N (1A|1)(2A|4)(7D|1) N (2A|4)(7D|1)(11A|1\/2) N (7D|1)(11A|1\/2)(1A|1) N (11A|1\/2)(1A|1)(3D|1\/2) N (1A|1)(3D|1\/2)(2A|1) N (3D|1\/2)(2A|1)(1A|2) N (2A|1)(1A|2)(7D|1) N (1A|2)(7D|1)(1D|1\/2) N (7D|1)(1D|1\/2)(1A|1) N (1D|1\/2)(1A|1)(2A|4) N (1A|1)(2A|4)(7D|1) N (2A|4)(7D|1)(12A|1\/2) N (7D|1)(12A|1\/2)(1D|1) N (12A|1\/2)(1D|1)(2D|1\/2) N (1D|1)(2D|1\/2)(2A|1) N (2D|1\/2)(2A|1)(1A|1) N (2A|1)(1A|1)(2A|1) N (1A|1)(2A|1)(2A|2) N (2A|1)(2A|2)(0D|1\/2) N (2A|2)(0D|1\/2)(2D|1) N (0D|1\/2)(2D|1)(2D|2) N (2D|1)(2D|2)(2A|1) N (2D|2)(2A|1)(7D|2) N (2A|1)(7D|2)(5A|1\/2) N (7D|2)(5A|1\/2)(7D|1) N (5A|1\/2)(7D|1)(1D|1\/2) N (7D|1)(1D|1\/2)(2D|1) N (1D|1\/2)(2D|1)(2A|1) N (2D|1)(2A|1)(2A|1) N (2A|1)(2A|1)(1A|1) N (2A|1)(1A|1)(2A|1) N (1A|1)(2A|1)(2A|1) N (2A|1)(2A|1)(1A|1) N (2A|1)(1A|1)(2A|2) N (1A|1)(2A|2)(12D|1) N (2A|2)(12D|1)(5A|2) N (12D|1)(5A|2)(12A|1\/2) N (5A|2)(12A|1\/2)(2D|1\/2) N (12A|1\/2)(2D|1\/2)(1D|1) N (2D|1\/2)(1D|1)(2D|2) N (1D|1)(2D|2)(2D|1\/2) N (2D|2)(2D|1\/2)(1D|1) N (2D|1\/2)(1D|1)(1A|2) N (1D|1)(1A|2)(7D|1) N (1A|2)(7D|1)(2A|1) N (7D|1)(2A|1)(0D|1) N (2A|1)(0D|1)(3D|1) N (0D|1)(3D|1)(5A|1) N (3D|1)(5A|1)(7D|1) N (5A|1)(7D|1)(2A|1) N (7D|1)(2A|1)(1A|1) N (2A|1)(1A|1)(1D|1\/2) N (1A|1)(1D|1\/2)(1A|1) N (1D|1\/2)(1A|1)(2A|4) N (1A|1)(2A|4)(7D|2) N ","lyricist":"","composer":"","corpus_ref":"all:composers:bach:bach:chorals","id":"all:composers:bach:bach:chorals:bwv180.7:P4-1","title":"Schmücke dich, o liebe Seele","rhythm":"(1)(1)(1) N (1)(1)(1) N (1)(1)(1\/2) N (1)(1\/2)(1) N (1\/2)(1)(4) N (1)(4)(1) N (4)(1)(1\/2) N (1)(1\/2)(1) N (1\/2)(1)(1\/2) N (1)(1\/2)(1) N (1\/2)(1)(2) N (1)(2)(1) N (2)(1)(1\/2) N (1)(1\/2)(1) N (1\/2)(1)(4) N (1)(4)(1) N (4)(1)(1\/2) N (1)(1\/2)(1) N (1\/2)(1)(1) N (1)(1)(1) N (1)(1)(1) N (1)(1)(1\/2) N (1)(1\/2)(1) N (1\/2)(1)(4) N (1)(4)(1) N (4)(1)(1\/2) N (1)(1\/2)(1) N (1\/2)(1)(1\/2) N (1)(1\/2)(1) N (1\/2)(1)(2) N (1)(2)(1) N (2)(1)(1\/2) N (1)(1\/2)(1) N (1\/2)(1)(4) N (1)(4)(1) N (4)(1)(1\/2) N (1)(1\/2)(1) N (1\/2)(1)(1\/2) N (1)(1\/2)(1) N (1\/2)(1)(1) N (1)(1)(1) N (1)(1)(2) N (1)(2)(1\/2) N (2)(1\/2)(1) N (1\/2)(1)(2) N (1)(2)(1) N (2)(1)(2) N (1)(2)(1\/2) N (2)(1\/2)(1) N (1\/2)(1)(1\/2) N (1)(1\/2)(1) N (1\/2)(1)(1) N (1)(1)(1) N (1)(1)(1) N (1)(1)(1) N (1)(1)(1) N (1)(1)(1) N (1)(1)(2) N (1)(2)(1) N (2)(1)(2) N (1)(2)(1\/2) N (2)(1\/2)(1\/2) N (1\/2)(1\/2)(1) N (1\/2)(1)(2) N (1)(2)(1\/2) N (2)(1\/2)(1) N (1\/2)(1)(2) N (1)(2)(1) N (2)(1)(1) N (1)(1)(1) N (1)(1)(1) N (1)(1)(1) N (1)(1)(1) N (1)(1)(1) N (1)(1)(1) N (1)(1)(1\/2) N (1)(1\/2)(1) N (1\/2)(1)(4) N (1)(4)(2) N "}