{"voice":"P1-1","diatonic":"3D;2D;2A; N 2D;2A;2D; N 2A;2D;3D; N 2D;3D;2A; N 3D;2A;2D; N 2A;2D;6A; N 2D;6A;2A; N 6A;2A;2D; N 2A;2D;2D; N 2D;2D;2D; N 2D;2D;2D; N 2D;2D;2A; N 2D;2A;2A; N 2A;2A;2A; N 2A;2A;2D; N 2A;2D;2D; N 2D;2D;2D; N 2D;2D;2D; N 2D;2D;2A; N 2D;2A;2A; N 2A;2A;2A; N 2A;2A;2D; N 2A;2D;2D; N 2D;2D;2D; N ","ref":"all:composers:bach:bach:chorals:bwv404","melody":"4D;1D;1A; N 1D;1A;1D; N 1A;1D;3D; N 1D;3D;1A; N 3D;1A;1D; N 1A;1D;8A; N 1D;8A;1A; N 8A;1A;1D; N 1A;1D;2D; N 1D;2D;2D; N 2D;2D;1D; N 2D;1D;1A; N 1D;1A;2A; N 1A;2A;2A; N 2A;2A;2D; N 2A;2D;2D; N 2D;2D;1D; N 2D;1D;2D; N 1D;2D;2A; N 2D;2A;1A; N 2A;1A;2A; N 1A;2A;2D; N 2A;2D;1D; N 2D;1D;2D; N ","notes":"(4D|1\/2)(1D|1)(1A|2) N (1D|1)(1A|2)(1D|1) N (1A|2)(1D|1)(3D|1) N (1D|1)(3D|1)(1A|1) N (3D|1)(1A|1)(0D|1) N (1A|1)(0D|1)(1D|1) N (0D|1)(1D|1)(8A|1) N (1D|1)(8A|1)(0D|1) N (8A|1)(0D|1)(0D|1) N (0D|1)(0D|1)(1A|1) N (0D|1)(1A|1)(1D|1\/2) N (1A|1)(1D|1\/2)(2D|1) N (1D|1\/2)(2D|1)(0D|4) N (2D|1)(0D|4)(2D|1) N (0D|4)(2D|1)(1D|1\/2) N (2D|1)(1D|1\/2)(1A|1) N (1D|1\/2)(1A|1)(2A|1) N (1A|1)(2A|1)(2A|1) N (2A|1)(2A|1)(2D|1) N (2A|1)(2D|1)(2D|1) N (2D|1)(2D|1)(1D|2) N (2D|1)(1D|2)(2D|1\/2) N (1D|2)(2D|1\/2)(2A|1) N (2D|1\/2)(2A|1)(1A|1) N (2A|1)(1A|1)(2A|1\/2) N (1A|1)(2A|1\/2)(2D|1) N (2A|1\/2)(2D|1)(1D|4) N (2D|1)(1D|4)(2D|1\/2) N ","lyricist":"","composer":"","corpus_ref":"all:composers:bach:bach:chorals","id":"all:composers:bach:bach:chorals:bwv404:P1-1","title":"O Traurigkeit, o Herzeleid","rhythm":"(1\/2)(1)(2) N (1)(2)(1) N (2)(1)(1) N (1)(1)(1) N (1)(1)(1) N (1)(1)(1) N (1)(1)(1) N (1)(1)(1) N (1)(1)(1) N (1)(1)(1) N (1)(1)(1\/2) N (1)(1\/2)(1) N (1\/2)(1)(4) N (1)(4)(1) N (4)(1)(1\/2) N (1)(1\/2)(1) N (1\/2)(1)(1) N (1)(1)(1) N (1)(1)(1) N (1)(1)(1) N (1)(1)(2) N (1)(2)(1\/2) N (2)(1\/2)(1) N (1\/2)(1)(1) N (1)(1)(1\/2) N (1)(1\/2)(1) N (1\/2)(1)(4) N (1)(4)(1\/2) N "}