{"voice":"P3-1","diatonic":"2D;5A;5D; N 5A;5D;2A; N 5D;2A;2A; N 2A;2A;2A; N 2A;2A;2A; N 2A;2A;2A; N 2A;2A;2D; N 2A;2D;5D; N 2D;5D;2A; N 5D;2A;2D; N 2A;2D;2D; N 2D;2D;2A; N 2D;2A;4A; N 2A;4A;2D; N 4A;2D;2A; N 2D;2A;2A; N 2A;2A;2A; N 2A;2A;2D; N 2A;2D;5D; N 2D;5D;4A; N 5D;4A;2A; N 4A;2A;2D; N 2A;2D;2D; N 2D;2D;2A; N 2D;2A;2D; N 2A;2D;2A; N 2D;2A;2A; N 2A;2A;2D; N 2A;2D;2D; N 2D;2D;2A; N 2D;2A;2A; N 2A;2A;2D; N 2A;2D;5D; N 2D;5D;3D; N 5D;3D;2A; N 3D;2A;3A; N 2A;3A;2D; N 3A;2D;2D; N 2D;2D;4A; N 2D;4A;3A; N 4A;3A;2D; N 3A;2D;2D; N 2D;2D;2A; N 2D;2A;2D; N ","ref":"all:composers:bach:bach:chorals:bwv60.5","melody":"2D;7A;6D; N 7A;6D;1A; N 6D;1A;2A; N 1A;2A;1A; N 2A;1A;2A; N 1A;2A;1A; N 2A;1A;1D; N 1A;1D;7D; N 1D;7D;2A; N 7D;2A;2D; N 2A;2D;2D; N 2D;2D;2A; N 2D;2A;5A; N 2A;5A;1D; N 5A;1D;1A; N 1D;1A;2A; N 1A;2A;1A; N 2A;1A;1D; N 1A;1D;7D; N 1D;7D;5A; N 7D;5A;2A; N 5A;2A;2D; N 2A;2D;1D; N 2D;1D;1A; N 1D;1A;1D; N 1A;1D;1A; N 1D;1A;1A; N 1A;1A;1D; N 1A;1D;2D; N 1D;2D;2A; N 2D;2A;2A; N 2A;2A;2D; N 2A;2D;7D; N 2D;7D;3D; N 7D;3D;2A; N 3D;2A;3A; N 2A;3A;2D; N 3A;2D;1D; N 2D;1D;5A; N 1D;5A;3A; N 5A;3A;2D; N 3A;2D;1D; N 2D;1D;1A; N 1D;1A;1D; N ","notes":"(2D|1\/2)(7A|1)(0D|2) N (7A|1)(0D|2)(3A|1\/2) N (0D|2)(3A|1\/2)(9D|1) N (3A|1\/2)(9D|1)(1A|1\/2) N (9D|1)(1A|1\/2)(2A|1) N (1A|1\/2)(2A|1)(1A|2) N (2A|1)(1A|2)(0D|1) N (1A|2)(0D|1)(0D|1) N (0D|1)(0D|1)(0D|3) N (0D|1)(0D|3)(0D|1\/3) N (0D|3)(0D|1\/3)(0D|1\/2) N (0D|1\/3)(0D|1\/2)(2A|1) N (0D|1\/2)(2A|1)(1A|2) N (2A|1)(1A|2)(1D|1) N (1A|2)(1D|1)(7D|1) N (1D|1)(7D|1)(0D|2) N (7D|1)(0D|2)(2A|1) N (0D|2)(2A|1)(2D|1\/2) N (2A|1)(2D|1\/2)(2D|1) N (2D|1\/2)(2D|1)(0D|2) N (2D|1)(0D|2)(12A|1\/2) N (0D|2)(12A|1\/2)(10D|1) N (12A|1\/2)(10D|1)(0D|1) N (10D|1)(0D|1)(5A|1) N (0D|1)(5A|1)(0D|1) N (5A|1)(0D|1)(0D|1) N (0D|1)(0D|1)(0D|2) N (0D|1)(0D|2)(5A|1\/2) N (0D|2)(5A|1\/2)(6D|1) N (5A|1\/2)(6D|1)(1A|1\/2) N (6D|1)(1A|1\/2)(2A|1) N (1A|1\/2)(2A|1)(1A|2) N (2A|1)(1A|2)(1D|1) N (1A|2)(1D|1)(7D|1) N (1D|1)(7D|1)(0D|2) N (7D|1)(0D|2)(10A|1\/2) N (0D|2)(10A|1\/2)(5D|1) N (10A|1\/2)(5D|1)(0D|1) N (5D|1)(0D|1)(0D|1) N (0D|1)(0D|1)(0D|1) N (0D|1)(0D|1)(0D|1) N (0D|1)(0D|1)(2A|1) N (0D|1)(2A|1)(2D|1) N (2A|1)(2D|1)(0D|1) N (2D|1)(0D|1)(1D|1) N (0D|1)(1D|1)(1A|2) N (1D|1)(1A|2)(5A|1\/2) N (1A|2)(5A|1\/2)(6D|1) N (5A|1\/2)(6D|1)(1A|1) N (6D|1)(1A|1)(1A|1) N (1A|1)(1A|1)(1D|1) N (1A|1)(1D|1)(2D|1) N (1D|1)(2D|1)(2A|1) N (2D|1)(2A|1)(2A|1) N (2A|1)(2A|1)(2D|1\/2) N (2A|1)(2D|1\/2)(7D|1) N (2D|1\/2)(7D|1)(3D|2) N (7D|1)(3D|2)(2A|2) N (3D|2)(2A|2)(13A|1\/2) N (2A|2)(13A|1\/2)(10D|1) N (13A|1\/2)(10D|1)(2D|1) N (10D|1)(2D|1)(0D|1\/2) N (2D|1)(0D|1\/2)(1D|1) N (0D|1\/2)(1D|1)(5A|4) N (1D|1)(5A|4)(8A|1\/2) N (5A|4)(8A|1\/2)(5D|1) N (8A|1\/2)(5D|1)(0D|1) N (5D|1)(0D|1)(2D|1\/4) N (0D|1)(2D|1\/4)(1D|1) N (2D|1\/4)(1D|1)(1A|2) N (1D|1)(1A|2)(1D|4) N ","lyricist":"","composer":"","corpus_ref":"all:composers:bach:bach:chorals","id":"all:composers:bach:bach:chorals:bwv60.5:P3-1","title":"Es ist genug","rhythm":"(1\/2)(1)(2) N (1)(2)(-1) N (2)(-1)(1) N (-1)(1)(1\/2) N (1)(1\/2)(1) N (1\/2)(1)(2) N (1)(2)(1) N (2)(1)(1) N (1)(1)(3) N (1)(3)(1\/3) N (3)(1\/3)(1\/2) N (1\/3)(1\/2)(1) N (1\/2)(1)(2) N (1)(2)(1) N (2)(1)(1) N (1)(1)(2) N (1)(2)(1) N (2)(1)(1\/2) N (1)(1\/2)(1) N (1\/2)(1)(2) N (1)(2)(-1) N (2)(-1)(1) N (-1)(1)(1) N (1)(1)(1) N (1)(1)(1) N (1)(1)(1) N (1)(1)(2) N (1)(2)(-1) N (2)(-1)(1) N (-1)(1)(1\/2) N (1)(1\/2)(1) N (1\/2)(1)(2) N (1)(2)(1) N (2)(1)(1) N (1)(1)(2) N (1)(2)(-1) N (2)(-1)(1) N (-1)(1)(1) N (1)(1)(1) N (1)(1)(1) N (1)(1)(1) N (1)(1)(1) N (1)(1)(1) N (1)(1)(1) N (1)(1)(1) N (1)(1)(2) N (1)(2)(-1) N (2)(-1)(1) N (-1)(1)(1) N (1)(1)(1) N (1)(1)(1) N (1)(1)(1) N (1)(1)(1) N (1)(1)(1) N (1)(1)(1\/2) N (1)(1\/2)(1) N (1\/2)(1)(2) N (1)(2)(2) N (2)(2)(-1) N (2)(-1)(1) N (-1)(1)(1) N (1)(1)(1\/2) N (1)(1\/2)(1) N (1\/2)(1)(4) N (1)(4)(-1) N (4)(-1)(1) N (-1)(1)(1) N (1)(1)(1\/4) N (1)(1\/4)(1) N (1\/4)(1)(2) N (1)(2)(4) N "}