{"voice":"P4-1","diatonic":"2A;2A;3D; N 2A;3D;2A; N 3D;2A;3D; N 2A;3D;4A; N 3D;4A;4A; N 4A;4A;2D; N 4A;2D;2D; N 2D;2D;2D; N 2D;2D;2A; N 2D;2A;5D; N 2A;5D;4A; N 5D;4A;5D; N 4A;5D;2A; N 5D;2A;2A; N 2A;2A;2A; N 2A;2A;2A; N 2A;2A;4D; N 2A;4D;2A; N 4D;2A;2A; N 2A;2A;2A; N 2A;2A;3D; N 2A;3D;4A; N 3D;4A;2D; N 4A;2D;4A; N 2D;4A;2A; N 4A;2A;2D; N 2A;2D;2A; N 2D;2A;6D; N 2A;6D;2A; N 6D;2A;2A; N 2A;2A;2A; N 2A;2A;2D; N 2A;2D;2D; N 2D;2D;2D; N 2D;2D;2D; N 2D;2D;2D; N 2D;2D;5A; N 2D;5A;4A; N ","ref":"all:composers:bach:bach:chorals:bwv310","melody":"2A;1A;3D; N 1A;3D;2A; N 3D;2A;4D; N 2A;4D;5A; N 4D;5A;5A; N 5A;5A;1D; N 5A;1D;2D; N 1D;2D;2D; N 2D;2D;2A; N 2D;2A;7D; N 2A;7D;5A; N 7D;5A;6D; N 5A;6D;1A; N 6D;1A;2A; N 1A;2A;2A; N 2A;2A;1A; N 2A;1A;5D; N 1A;5D;2A; N 5D;2A;2A; N 2A;2A;1A; N 2A;1A;3D; N 1A;3D;5A; N 3D;5A;12D; N 5A;12D;5A; N 12D;5A;2A; N 5A;2A;1D; N 2A;1D;1A; N 1D;1A;9D; N 1A;9D;2A; N 9D;2A;2A; N 2A;2A;1A; N 2A;1A;1D; N 1A;1D;2D; N 1D;2D;2D; N 2D;2D;1D; N 2D;1D;2D; N 1D;2D;7A; N 2D;7A;5A; N ","notes":"(2A|1\/3)(1A|2)(3D|1) N (1A|2)(3D|1)(2A|1\/2) N (3D|1)(2A|1\/2)(4D|1) N (2A|1\/2)(4D|1)(5A|2) N (4D|1)(5A|2)(5A|1\/2) N (5A|2)(5A|1\/2)(1D|1) N (5A|1\/2)(1D|1)(2D|1) N (1D|1)(2D|1)(2D|1) N (2D|1)(2D|1)(2A|2) N (2D|1)(2A|2)(7D|1) N (2A|2)(7D|1)(5A|2) N (7D|1)(5A|2)(6D|1\/2) N (5A|2)(6D|1\/2)(1A|1) N (6D|1\/2)(1A|1)(2A|1) N (1A|1)(2A|1)(2A|1) N (2A|1)(2A|1)(1A|1) N (2A|1)(1A|1)(5D|1) N (1A|1)(5D|1)(2A|1) N (5D|1)(2A|1)(2A|1) N (2A|1)(2A|1)(1A|1\/2) N (2A|1)(1A|1\/2)(3D|1) N (1A|1\/2)(3D|1)(5A|1) N (3D|1)(5A|1)(12D|1) N (5A|1)(12D|1)(5A|4) N (12D|1)(5A|4)(2A|3\/4) N (5A|4)(2A|3\/4)(1D|1\/3) N (2A|3\/4)(1D|1\/3)(1A|2) N (1D|1\/3)(1A|2)(9D|1) N (1A|2)(9D|1)(2A|1) N (9D|1)(2A|1)(2A|1) N (2A|1)(2A|1)(1A|2) N (2A|1)(1A|2)(1D|1\/4) N (1A|2)(1D|1\/4)(2D|1) N (1D|1\/4)(2D|1)(2D|1) N (2D|1)(2D|1)(1D|1) N (2D|1)(1D|1)(2D|2) N (1D|1)(2D|2)(7A|1) N (2D|2)(7A|1)(5A|4) N ","lyricist":"","composer":"","corpus_ref":"all:composers:bach:bach:chorals","id":"all:composers:bach:bach:chorals:bwv310:P4-1","title":"Es wird schier der letzte Tag herkommen","rhythm":"(1\/3)(2)(1) N (2)(1)(1\/2) N (1)(1\/2)(1) N (1\/2)(1)(2) N (1)(2)(1\/2) N (2)(1\/2)(1) N (1\/2)(1)(1) N (1)(1)(1) N (1)(1)(2) N (1)(2)(1) N (2)(1)(2) N (1)(2)(1\/2) N (2)(1\/2)(1) N (1\/2)(1)(1) N (1)(1)(1) N (1)(1)(1) N (1)(1)(1) N (1)(1)(1) N (1)(1)(1) N (1)(1)(1\/2) N (1)(1\/2)(1) N (1\/2)(1)(1) N (1)(1)(1) N (1)(1)(4) N (1)(4)(3\/4) N (4)(3\/4)(1\/3) N (3\/4)(1\/3)(2) N (1\/3)(2)(1) N (2)(1)(1) N (1)(1)(1) N (1)(1)(2) N (1)(2)(1\/4) N (2)(1\/4)(1) N (1\/4)(1)(1) N (1)(1)(1) N (1)(1)(2) N (1)(2)(1) N (2)(1)(4) N "}