{"voice":"P4-1","diatonic":"6D;3A;5D; N 3A;5D;2A; N 5D;2A;2A; N 2A;2A;2A; N 2A;2A;2A; N 2A;2A;4A; N 2A;4A;2A; N 4A;2A;2D; N 2A;2D;2D; N 2D;2D;2D; N 2D;2D;2D; N 2D;2D;2D; N 2D;2D;2D; N 2D;2D;2D; N 2D;2D;2A; N 2D;2A;5D; N 2A;5D;2A; N 5D;2A;6D; N 2A;6D;3A; N 6D;3A;5D; N 3A;5D;2A; N 5D;2A;2A; N 2A;2A;2A; N 2A;2A;2A; N 2A;2A;4A; N 2A;4A;2A; N 4A;2A;2D; N 2A;2D;2D; N 2D;2D;2D; N 2D;2D;2D; N 2D;2D;2D; N 2D;2D;2D; N 2D;2D;2D; N 2D;2D;2A; N 2D;2A;5D; N 2A;5D;5A; N 5D;5A;4A; N 5A;4A;2A; N 4A;2A;2A; N 2A;2A;2D; N 2A;2D;2D; N 2D;2D;2D; N 2D;2D;2D; N 2D;2D;3D; N 2D;3D;4A; N 3D;4A;5D; N 4A;5D;2A; N 5D;2A;2A; N 2A;2A;2A; N 2A;2A;2A; N 2A;2A;2A; N 2A;2A;2A; N 2A;2A;2A; N 2A;2A;2A; N 2A;2A;5D; N 2A;5D;2A; N 5D;2A;5D; N ","ref":"all:composers:bach:bach:chorals:bwv434","melody":"9D;4A;7D; N 4A;7D;2A; N 7D;2A;1A; N 2A;1A;2A; N 1A;2A;2A; N 2A;2A;5A; N 2A;5A;2A; N 5A;2A;2D; N 2A;2D;1D; N 2D;1D;1D; N 1D;1D;1D; N 1D;1D;1D; N 1D;1D;1D; N 1D;1D;1D; N 1D;1D;1A; N 1D;1A;7D; N 1A;7D;12A; N 7D;12A;9D; N 12A;9D;4A; N 9D;4A;7D; N 4A;7D;2A; N 7D;2A;1A; N 2A;1A;2A; N 1A;2A;2A; N 2A;2A;5A; N 2A;5A;2A; N 5A;2A;2D; N 2A;2D;1D; N 2D;1D;1D; N 1D;1D;1D; N 1D;1D;1D; N 1D;1D;1D; N 1D;1D;1D; N 1D;1D;1A; N 1D;1A;7D; N 1A;7D;7A; N 7D;7A;5A; N 7A;5A;2A; N 5A;2A;1A; N 2A;1A;1D; N 1A;1D;2D; N 1D;2D;2D; N 2D;2D;2D; N 2D;2D;3D; N 2D;3D;5A; N 3D;5A;7D; N 5A;7D;1A; N 7D;1A;1A; N 1A;1A;2A; N 1A;2A;1A; N 2A;1A;1A; N 1A;1A;1A; N 1A;1A;1A; N 1A;1A;1A; N 1A;1A;6D; N 1A;6D;1A; N 6D;1A;7D; N ","notes":"(9D|1)(4A|1)(7D|1) N (4A|1)(7D|1)(2A|1) N (7D|1)(2A|1)(1A|1) N (2A|1)(1A|1)(2A|1) N (1A|1)(2A|1)(2A|2) N (2A|1)(2A|2)(0D|1\/2) N (2A|2)(0D|1\/2)(0D|1) N (0D|1\/2)(0D|1)(5A|1) N (0D|1)(5A|1)(2A|1\/2) N (5A|1)(2A|1\/2)(2D|1) N (2A|1\/2)(2D|1)(1D|1) N (2D|1)(1D|1)(1D|1) N (1D|1)(1D|1)(1D|1) N (1D|1)(1D|1)(1D|1) N (1D|1)(1D|1)(1D|1) N (1D|1)(1D|1)(1D|1) N (1D|1)(1D|1)(1A|2) N (1D|1)(1A|2)(7D|3) N (1A|2)(7D|3)(12A|1\/3) N (7D|3)(12A|1\/3)(9D|1) N (12A|1\/3)(9D|1)(4A|1) N (9D|1)(4A|1)(7D|1) N (4A|1)(7D|1)(2A|1) N (7D|1)(2A|1)(1A|1) N (2A|1)(1A|1)(2A|1) N (1A|1)(2A|1)(2A|2) N (2A|1)(2A|2)(0D|1\/2) N (2A|2)(0D|1\/2)(0D|1) N (0D|1\/2)(0D|1)(5A|1) N (0D|1)(5A|1)(2A|1\/2) N (5A|1)(2A|1\/2)(2D|1) N (2A|1\/2)(2D|1)(1D|1) N (2D|1)(1D|1)(1D|1) N (1D|1)(1D|1)(1D|1) N (1D|1)(1D|1)(1D|1) N (1D|1)(1D|1)(1D|1) N (1D|1)(1D|1)(1D|1) N (1D|1)(1D|1)(1A|2) N (1D|1)(1A|2)(7D|3) N (1A|2)(7D|3)(7A|1\/3) N (7D|3)(7A|1\/3)(5A|1) N (7A|1\/3)(5A|1)(2A|1) N (5A|1)(2A|1)(1A|1\/2) N (2A|1)(1A|1\/2)(1D|1) N (1A|1\/2)(1D|1)(2D|1) N (1D|1)(2D|1)(2D|1) N (2D|1)(2D|1)(2D|1) N (2D|1)(2D|1)(3D|1) N (2D|1)(3D|1)(5A|2) N (3D|1)(5A|2)(7D|1) N (5A|2)(7D|1)(1A|1) N (7D|1)(1A|1)(1A|1\/2) N (1A|1)(1A|1\/2)(2A|1) N (1A|1\/2)(2A|1)(1A|1) N (2A|1)(1A|1)(1A|1) N (1A|1)(1A|1)(1A|1) N (1A|1)(1A|1)(1A|1) N (1A|1)(1A|1)(1A|2) N (1A|1)(1A|2)(6D|1) N (1A|2)(6D|1)(1A|1) N (6D|1)(1A|1)(7D|1) N ","lyricist":"","composer":"","corpus_ref":"all:composers:bach:bach:chorals","id":"all:composers:bach:bach:chorals:bwv434:P4-1","title":"Wer nur den lieben Gott läßt walten","rhythm":"(1)(1)(1) N (1)(1)(1) N (1)(1)(1) N (1)(1)(1) N (1)(1)(2) N (1)(2)(1\/2) N (2)(1\/2)(1) N (1\/2)(1)(1) N (1)(1)(1\/2) N (1)(1\/2)(1) N (1\/2)(1)(1) N (1)(1)(1) N (1)(1)(1) N (1)(1)(1) N (1)(1)(1) N (1)(1)(1) N (1)(1)(2) N (1)(2)(3) N (2)(3)(1\/3) N (3)(1\/3)(1) N (1\/3)(1)(1) N (1)(1)(1) N (1)(1)(1) N (1)(1)(1) N (1)(1)(1) N (1)(1)(2) N (1)(2)(1\/2) N (2)(1\/2)(1) N (1\/2)(1)(1) N (1)(1)(1\/2) N (1)(1\/2)(1) N (1\/2)(1)(1) N (1)(1)(1) N (1)(1)(1) N (1)(1)(1) N (1)(1)(1) N (1)(1)(1) N (1)(1)(2) N (1)(2)(3) N (2)(3)(1\/3) N (3)(1\/3)(1) N (1\/3)(1)(1) N (1)(1)(1\/2) N (1)(1\/2)(1) N (1\/2)(1)(1) N (1)(1)(1) N (1)(1)(1) N (1)(1)(1) N (1)(1)(2) N (1)(2)(1) N (2)(1)(1) N (1)(1)(1\/2) N (1)(1\/2)(1) N (1\/2)(1)(1) N (1)(1)(1) N (1)(1)(1) N (1)(1)(1) N (1)(1)(2) N (1)(2)(1) N (2)(1)(1) N (1)(1)(1) N "}