{"voice":"P4-1","diatonic":"2A;2A;2D; N 2A;2D;2D; N 2D;2D;2D; N 2D;2D;2A; N 2D;2A;4D; N 2A;4D;2A; N 4D;2A;2A; N 2A;2A;5D; N 2A;5D;2A; N 5D;2A;5D; N 2A;5D;2A; N 5D;2A;2A; N 2A;2A;2A; N 2A;2A;2A; N 2A;2A;2A; N 2A;2A;2A; N 2A;2A;6D; N 2A;6D;2A; N 6D;2A;5A; N 2A;5A;2D; N 5A;2D;2D; N 2D;2D;2A; N 2D;2A;2D; N 2A;2D;2D; N 2D;2D;4A; N 2D;4A;3D; N 4A;3D;3D; N 3D;3D;5A; N 3D;5A;3D; N 5A;3D;2D; N 3D;2D;2D; N 2D;2D;4A; N 2D;4A;2A; N 4A;2A;5D; N ","ref":"all:composers:bach:bach:chorals:bwv396","melody":"2A;1A;1D; N 1A;1D;2D; N 1D;2D;1D; N 2D;1D;1A; N 1D;1A;5D; N 1A;5D;1A; N 5D;1A;2A; N 1A;2A;7D; N 2A;7D;12A; N 7D;12A;6D; N 12A;6D;2A; N 6D;2A;1A; N 2A;1A;2A; N 1A;2A;1A; N 2A;1A;2A; N 1A;2A;2A; N 2A;2A;8D; N 2A;8D;1A; N 8D;1A;7A; N 1A;7A;2D; N 7A;2D;2D; N 2D;2D;2A; N 2D;2A;2D; N 2A;2D;1D; N 2D;1D;5A; N 1D;5A;4D; N 5A;4D;3D; N 4D;3D;7A; N 3D;7A;4D; N 7A;4D;1D; N 4D;1D;2D; N 1D;2D;5A; N 2D;5A;2A; N 5A;2A;7D; N ","notes":"(2A|1)(1A|1)(1D|1) N (1A|1)(1D|1)(2D|1) N (1D|1)(2D|1)(1D|1) N (2D|1)(1D|1)(1A|2) N (1D|1)(1A|2)(5D|1) N (1A|2)(5D|1)(1A|1) N (5D|1)(1A|1)(2A|1) N (1A|1)(2A|1)(7D|1) N (2A|1)(7D|1)(12A|1) N (7D|1)(12A|1)(6D|1) N (12A|1)(6D|1)(2A|1) N (6D|1)(2A|1)(1A|1\/2) N (2A|1)(1A|1\/2)(2A|1) N (1A|1\/2)(2A|1)(1A|1) N (2A|1)(1A|1)(2A|1) N (1A|1)(2A|1)(2A|4) N (2A|1)(2A|4)(17A|1\/2) N (2A|4)(17A|1\/2)(25D|1) N (17A|1\/2)(25D|1)(1A|1) N (25D|1)(1A|1)(7A|1\/2) N (1A|1)(7A|1\/2)(2D|1) N (7A|1\/2)(2D|1)(2D|2) N (2D|1)(2D|2)(2A|1\/2) N (2D|2)(2A|1\/2)(2D|1) N (2A|1\/2)(2D|1)(1D|1) N (2D|1)(1D|1)(5A|1) N (1D|1)(5A|1)(4D|1) N (5A|1)(4D|1)(3D|1) N (4D|1)(3D|1)(7A|2) N (3D|1)(7A|2)(4D|1) N (7A|2)(4D|1)(1D|1) N (4D|1)(1D|1)(2D|1) N (1D|1)(2D|1)(5A|1) N (2D|1)(5A|1)(2A|1) N (5A|1)(2A|1)(7D|3) N ","lyricist":"","composer":"","corpus_ref":"all:composers:bach:bach:chorals","id":"all:composers:bach:bach:chorals:bwv396:P4-1","title":"Nun sich der Tag geendet hat","rhythm":"(1)(1)(1) N (1)(1)(1) N (1)(1)(1) N (1)(1)(2) N (1)(2)(1) N (2)(1)(1) N (1)(1)(1) N (1)(1)(1) N (1)(1)(1) N (1)(1)(1) N (1)(1)(1) N (1)(1)(1\/2) N (1)(1\/2)(1) N (1\/2)(1)(1) N (1)(1)(1) N (1)(1)(4) N (1)(4)(-1) N (4)(-1)(1) N (-1)(1)(1) N (1)(1)(1\/2) N (1)(1\/2)(1) N (1\/2)(1)(2) N (1)(2)(1\/2) N (2)(1\/2)(1) N (1\/2)(1)(1) N (1)(1)(1) N (1)(1)(1) N (1)(1)(1) N (1)(1)(2) N (1)(2)(1) N (2)(1)(1) N (1)(1)(1) N (1)(1)(1) N (1)(1)(1) N (1)(1)(3) N "}