{"voice":"P2-1","diatonic":"2D;2D;2A; N 2D;2A;2A; N 2A;2A;2D; N 2A;2D;2D; N 2D;2D;2D; N 2D;2D;2D; N 2D;2D;2A; N 2D;2A;4A; N 2A;4A;4A; N 4A;4A;2D; N 4A;2D;3D; N 2D;3D;2D; N 3D;2D;2D; N 2D;2D;2A; N 2D;2A;2A; N 2A;2A;2D; N 2A;2D;2D; N 2D;2D;2D; N 2D;2D;2D; N 2D;2D;2A; N 2D;2A;4A; N 2A;4A;4A; N 4A;4A;2D; N 4A;2D;3D; N 2D;3D;4A; N 3D;4A;2D; N 4A;2D;2D; N 2D;2D;2D; N 2D;2D;2D; N 2D;2D;2D; N 2D;2D;4A; N 2D;4A;2D; N 4A;2D;2D; N 2D;2D;2A; N 2D;2A;2A; N 2A;2A;5D; N 2A;5D;2D; N 5D;2D;2D; N 2D;2D;2A; N 2D;2A;4A; N 2A;4A;2D; N 4A;2D;2A; N 2D;2A;4A; N 2A;4A;2D; N 4A;2D;2A; N 2D;2A;2D; N 2A;2D;2A; N 2D;2A;5D; N 2A;5D;2A; N 5D;2A;2D; N 2A;2D;5D; N 2D;5D;6A; N 5D;6A;2D; N 6A;2D;2D; N ","ref":"all:composers:bach:bach:chorals:bwv248.5","melody":"2D;2D;2A; N 2D;2A;2A; N 2A;2A;2D; N 2A;2D;2D; N 2D;2D;1D; N 2D;1D;2D; N 1D;2D;2A; N 2D;2A;5A; N 2A;5A;5A; N 5A;5A;1D; N 5A;1D;4D; N 1D;4D;2D; N 4D;2D;2D; N 2D;2D;2A; N 2D;2A;2A; N 2A;2A;2D; N 2A;2D;2D; N 2D;2D;1D; N 2D;1D;2D; N 1D;2D;2A; N 2D;2A;5A; N 2A;5A;5A; N 5A;5A;1D; N 5A;1D;4D; N 1D;4D;5A; N 4D;5A;2D; N 5A;2D;2D; N 2D;2D;1D; N 2D;1D;2D; N 1D;2D;2D; N 2D;2D;5A; N 2D;5A;1D; N 5A;1D;2D; N 1D;2D;2A; N 2D;2A;1A; N 2A;1A;7D; N 1A;7D;1D; N 7D;1D;2D; N 1D;2D;2A; N 2D;2A;5A; N 2A;5A;1D; N 5A;1D;1A; N 1D;1A;5A; N 1A;5A;1D; N 5A;1D;1A; N 1D;1A;1D; N 1A;1D;1A; N 1D;1A;7D; N 1A;7D;2A; N 7D;2A;2D; N 2A;2D;7D; N 2D;7D;9A; N 7D;9A;2D; N 9A;2D;1D; N ","notes":"(2D|1)(2D|1)(2A|1) N (2D|1)(2A|1)(0D|1) N (2A|1)(0D|1)(2A|1) N (0D|1)(2A|1)(0D|1) N (2A|1)(0D|1)(2D|1) N (0D|1)(2D|1)(0D|1) N (2D|1)(0D|1)(2D|1) N (0D|1)(2D|1)(0D|2) N (2D|1)(0D|2)(1D|1\/2) N (0D|2)(1D|1\/2)(2D|1) N (1D|1\/2)(2D|1)(2A|2) N (2D|1)(2A|2)(5A|1) N (2A|2)(5A|1)(0D|1) N (5A|1)(0D|1)(5A|1) N (0D|1)(5A|1)(0D|1) N (5A|1)(0D|1)(1D|1) N (0D|1)(1D|1)(4D|3) N (1D|1)(4D|3)(0D|1\/6) N (4D|3)(0D|1\/6)(2D|1) N (0D|1\/6)(2D|1)(2D|1) N (2D|1)(2D|1)(2A|1) N (2D|1)(2A|1)(0D|1) N (2A|1)(0D|1)(2A|1) N (0D|1)(2A|1)(0D|1) N (2A|1)(0D|1)(2D|1) N (0D|1)(2D|1)(0D|1) N (2D|1)(0D|1)(2D|1) N (0D|1)(2D|1)(0D|2) N (2D|1)(0D|2)(1D|1\/2) N (0D|2)(1D|1\/2)(2D|1) N (1D|1\/2)(2D|1)(2A|2) N (2D|1)(2A|2)(5A|1) N (2A|2)(5A|1)(0D|1) N (5A|1)(0D|1)(5A|1) N (0D|1)(5A|1)(0D|1) N (5A|1)(0D|1)(1D|1) N (0D|1)(1D|1)(4D|3) N (1D|1)(4D|3)(5A|1\/6) N (4D|3)(5A|1\/6)(2D|1) N (5A|1\/6)(2D|1)(2D|2) N (2D|1)(2D|2)(1D|1\/2) N (2D|2)(1D|1\/2)(2D|1) N (1D|1\/2)(2D|1)(2D|2) N (2D|1)(2D|2)(5A|1) N (2D|2)(5A|1)(0D|1) N (5A|1)(0D|1)(1D|1\/2) N (0D|1)(1D|1\/2)(2D|1) N (1D|1\/2)(2D|1)(2A|2) N (2D|1)(2A|2)(0D|1) N (2A|2)(0D|1)(1A|1) N (0D|1)(1A|1)(7D|1\/2) N (1A|1)(7D|1\/2)(1D|1) N (7D|1\/2)(1D|1)(0D|1) N (1D|1)(0D|1)(2D|1) N (0D|1)(2D|1)(2A|1) N (2D|1)(2A|1)(5A|1) N (2A|1)(5A|1)(1D|6) N (5A|1)(1D|6)(1A|1\/3) N (1D|6)(1A|1\/3)(0D|1) N (1A|1\/3)(0D|1)(5A|1) N (0D|1)(5A|1)(0D|1\/2) N (5A|1)(0D|1\/2)(1D|1) N (0D|1\/2)(1D|1)(1A|2) N (1D|1)(1A|2)(0D|1) N (1A|2)(0D|1)(1D|1) N (0D|1)(1D|1)(1A|1) N (1D|1)(1A|1)(0D|1) N (1A|1)(0D|1)(7D|1\/2) N (0D|1)(7D|1\/2)(2A|1) N (7D|1\/2)(2A|1)(2D|2) N (2A|1)(2D|2)(7D|1) N (2D|2)(7D|1)(9A|1) N (7D|1)(9A|1)(0D|1) N (9A|1)(0D|1)(2D|1) N (0D|1)(2D|1)(1D|1) N ","lyricist":"","composer":"","corpus_ref":"all:composers:bach:bach:chorals","id":"all:composers:bach:bach:chorals:bwv248.5:P2-1","title":"score.xml","rhythm":"(1)(1)(1) N (1)(1)(1) N (1)(1)(1) N (1)(1)(1) N (1)(1)(1) N (1)(1)(1) N (1)(1)(1) N (1)(1)(2) N (1)(2)(1\/2) N (2)(1\/2)(1) N (1\/2)(1)(2) N (1)(2)(1) N (2)(1)(1) N (1)(1)(1) N (1)(1)(1) N (1)(1)(1) N (1)(1)(3) N (1)(3)(1\/6) N (3)(1\/6)(1) N (1\/6)(1)(1) N (1)(1)(1) N (1)(1)(1) N (1)(1)(1) N (1)(1)(1) N (1)(1)(1) N (1)(1)(1) N (1)(1)(1) N (1)(1)(2) N (1)(2)(1\/2) N (2)(1\/2)(1) N (1\/2)(1)(2) N (1)(2)(1) N (2)(1)(1) N (1)(1)(1) N (1)(1)(1) N (1)(1)(1) N (1)(1)(3) N (1)(3)(1\/6) N (3)(1\/6)(1) N (1\/6)(1)(2) N (1)(2)(1\/2) N (2)(1\/2)(1) N (1\/2)(1)(2) N (1)(2)(1) N (2)(1)(1) N (1)(1)(1\/2) N (1)(1\/2)(1) N (1\/2)(1)(2) N (1)(2)(1) N (2)(1)(1) N (1)(1)(1\/2) N (1)(1\/2)(1) N (1\/2)(1)(1) N (1)(1)(1) N (1)(1)(1) N (1)(1)(1) N (1)(1)(6) N (1)(6)(1\/3) N (6)(1\/3)(1) N (1\/3)(1)(1) N (1)(1)(1\/2) N (1)(1\/2)(1) N (1\/2)(1)(2) N (1)(2)(1) N (2)(1)(1) N (1)(1)(1) N (1)(1)(1) N (1)(1)(1\/2) N (1)(1\/2)(1) N (1\/2)(1)(2) N (1)(2)(1) N (2)(1)(1) N (1)(1)(1) N (1)(1)(1) N (1)(1)(1) N "}