{"voice":"P4-1","diatonic":"2D;2D;2D; N 2D;2D;2A; N 2D;2A;2D; N 2A;2D;2A; N 2D;2A;3D; N 2A;3D;3D; N 3D;3D;2A; N 3D;2A;5D; N 2A;5D;3A; N 5D;3A;2A; N 3A;2A;3A; N 2A;3A;2D; N 3A;2D;2D; N 2D;2D;2D; N 2D;2D;3D; N 2D;3D;4A; N 3D;4A;5A; N 4A;5A;2D; N 5A;2D;4A; N 2D;4A;2D; N 4A;2D;2D; N 2D;2D;2D; N 2D;2D;2A; N 2D;2A;2D; N 2A;2D;2A; N 2D;2A;3D; N 2A;3D;3D; N 3D;3D;2A; N 3D;2A;5D; N 2A;5D;3A; N 5D;3A;2A; N 3A;2A;3A; N 2A;3A;2D; N 3A;2D;2D; N 2D;2D;2D; N 2D;2D;3D; N 2D;3D;4A; N 3D;4A;5A; N 4A;5A;2D; N 5A;2D;4A; N 2D;4A;2D; N 4A;2D;2D; N 2D;2D;2D; N 2D;2D;2D; N 2D;2D;5A; N 2D;5A;2D; N 5A;2D;2D; N 2D;2D;2A; N 2D;2A;5D; N 2A;5D;2A; N 5D;2A;2D; N 2A;2D;2D; N 2D;2D;2A; N 2D;2A;2A; N 2A;2A;2A; N 2A;2A;2A; N 2A;2A;3D; N 2A;3D;3D; N 3D;3D;2A; N 3D;2A;5D; N 2A;5D;4A; N 5D;4A;2D; N 4A;2D;5D; N 2D;5D;2A; N 5D;2A;2A; N 2A;2A;2A; N 2A;2A;2A; N 2A;2A;2D; N 2A;2D;2D; N 2D;2D;3D; N 2D;3D;2A; N 3D;2A;2A; N 2A;2A;2A; N 2A;2A;4D; N 2A;4D;2A; N 4D;2A;2A; N 2A;2A;5D; N ","ref":"all:composers:bach:bach:chorals:bwv277","melody":"2D;1D;2D; N 1D;2D;12A; N 2D;12A;1D; N 12A;1D;1A; N 1D;1A;4D; N 1A;4D;3D; N 4D;3D;2A; N 3D;2A;7D; N 2A;7D;4A; N 7D;4A;1A; N 4A;1A;3A; N 1A;3A;1D; N 3A;1D;2D; N 1D;2D;1D; N 2D;1D;4D; N 1D;4D;5A; N 4D;5A;7A; N 5A;7A;12D; N 7A;12D;5A; N 12D;5A;2D; N 5A;2D;1D; N 2D;1D;2D; N 1D;2D;12A; N 2D;12A;1D; N 12A;1D;1A; N 1D;1A;4D; N 1A;4D;3D; N 4D;3D;2A; N 3D;2A;7D; N 2A;7D;4A; N 7D;4A;1A; N 4A;1A;3A; N 1A;3A;1D; N 3A;1D;2D; N 1D;2D;1D; N 2D;1D;4D; N 1D;4D;5A; N 4D;5A;7A; N 5A;7A;12D; N 7A;12D;5A; N 12D;5A;2D; N 5A;2D;2D; N 2D;2D;1D; N 2D;1D;2D; N 1D;2D;7A; N 2D;7A;2D; N 7A;2D;2D; N 2D;2D;2A; N 2D;2A;7D; N 2A;7D;12A; N 7D;12A;1D; N 12A;1D;2D; N 1D;2D;2A; N 2D;2A;2A; N 2A;2A;2A; N 2A;2A;1A; N 2A;1A;4D; N 1A;4D;3D; N 4D;3D;2A; N 3D;2A;7D; N 2A;7D;5A; N 7D;5A;2D; N 5A;2D;7D; N 2D;7D;2A; N 7D;2A;2A; N 2A;2A;1A; N 2A;1A;2A; N 1A;2A;2D; N 2A;2D;1D; N 2D;1D;4D; N 1D;4D;2A; N 4D;2A;2A; N 2A;2A;1A; N 2A;1A;4D; N 1A;4D;1A; N 4D;1A;2A; N 1A;2A;7D; N ","notes":"(0D|1)(2D|1\/2)(1D|1) N (2D|1\/2)(1D|1)(2D|1) N (1D|1)(2D|1)(12A|2) N (2D|1)(12A|2)(1D|1\/2) N (12A|2)(1D|1\/2)(1A|1) N (1D|1\/2)(1A|1)(4D|1) N (1A|1)(4D|1)(3D|1) N (4D|1)(3D|1)(2A|1) N (3D|1)(2A|1)(7D|2) N (2A|1)(7D|2)(4A|1) N (7D|2)(4A|1)(1A|1\/2) N (4A|1)(1A|1\/2)(3A|1) N (1A|1\/2)(3A|1)(1D|1) N (3A|1)(1D|1)(2D|1) N (1D|1)(2D|1)(1D|1) N (2D|1)(1D|1)(4D|1) N (1D|1)(4D|1)(5A|2) N (4D|1)(5A|2)(7A|1) N (5A|2)(7A|1)(12D|1) N (7A|1)(12D|1)(5A|1) N (12D|1)(5A|1)(0D|1) N (5A|1)(0D|1)(0D|1) N (0D|1)(0D|1)(2D|1\/2) N (0D|1)(2D|1\/2)(1D|1) N (2D|1\/2)(1D|1)(2D|1) N (1D|1)(2D|1)(12A|2) N (2D|1)(12A|2)(1D|1\/2) N (12A|2)(1D|1\/2)(1A|1) N (1D|1\/2)(1A|1)(4D|1) N (1A|1)(4D|1)(3D|1) N (4D|1)(3D|1)(2A|1) N (3D|1)(2A|1)(7D|2) N (2A|1)(7D|2)(4A|1) N (7D|2)(4A|1)(1A|1\/2) N (4A|1)(1A|1\/2)(3A|1) N (1A|1\/2)(3A|1)(1D|1) N (3A|1)(1D|1)(2D|1) N (1D|1)(2D|1)(1D|1) N (2D|1)(1D|1)(4D|1) N (1D|1)(4D|1)(5A|2) N (4D|1)(5A|2)(7A|1) N (5A|2)(7A|1)(12D|1) N (7A|1)(12D|1)(5A|1) N (12D|1)(5A|1)(19A|1) N (5A|1)(19A|1)(19D|3\/2) N (19A|1)(19D|3\/2)(2D|1\/3) N (19D|3\/2)(2D|1\/3)(2D|1) N (2D|1\/3)(2D|1)(1D|1) N (2D|1)(1D|1)(2D|2) N (1D|1)(2D|2)(7A|1\/2) N (2D|2)(7A|1\/2)(2D|1) N (7A|1\/2)(2D|1)(2D|1) N (2D|1)(2D|1)(2A|1) N (2D|1)(2A|1)(7D|2) N (2A|1)(7D|2)(12A|1\/2) N (7D|2)(12A|1\/2)(1D|1) N (12A|1\/2)(1D|1)(2D|2) N (1D|1)(2D|2)(2A|1) N (2D|2)(2A|1)(2A|1) N (2A|1)(2A|1)(2A|1) N (2A|1)(2A|1)(1A|1\/2) N (2A|1)(1A|1\/2)(4D|1) N (1A|1\/2)(4D|1)(3D|1) N (4D|1)(3D|1)(2A|1) N (3D|1)(2A|1)(7D|2) N (2A|1)(7D|2)(5A|1) N (7D|2)(5A|1)(2D|1) N (5A|1)(2D|1)(7D|1\/2) N (2D|1)(7D|1\/2)(2A|1) N (7D|1\/2)(2A|1)(2A|1) N (2A|1)(2A|1)(1A|1) N (2A|1)(1A|1)(2A|1) N (1A|1)(2A|1)(2D|1) N (2A|1)(2D|1)(1D|1) N (2D|1)(1D|1)(4D|1) N (1D|1)(4D|1)(2A|1) N (4D|1)(2A|1)(2A|1) N (2A|1)(2A|1)(1A|4) N (2A|1)(1A|4)(4D|1\/2) N (1A|4)(4D|1\/2)(1A|1) N (4D|1\/2)(1A|1)(2A|2) N (1A|1)(2A|2)(7D|2) N ","lyricist":"","composer":"","corpus_ref":"all:composers:bach:bach:chorals","id":"all:composers:bach:bach:chorals:bwv277:P4-1","title":"Christ lag in Todesbanden","rhythm":"(1)(1\/2)(1) N (1\/2)(1)(1) N (1)(1)(2) N (1)(2)(1\/2) N (2)(1\/2)(1) N (1\/2)(1)(1) N (1)(1)(1) N (1)(1)(1) N (1)(1)(2) N (1)(2)(1) N (2)(1)(1\/2) N (1)(1\/2)(1) N (1\/2)(1)(1) N (1)(1)(1) N (1)(1)(1) N (1)(1)(1) N (1)(1)(2) N (1)(2)(1) N (2)(1)(1) N (1)(1)(1) N (1)(1)(1) N (1)(1)(1) N (1)(1)(1\/2) N (1)(1\/2)(1) N (1\/2)(1)(1) N (1)(1)(2) N (1)(2)(1\/2) N (2)(1\/2)(1) N (1\/2)(1)(1) N (1)(1)(1) N (1)(1)(1) N (1)(1)(2) N (1)(2)(1) N (2)(1)(1\/2) N (1)(1\/2)(1) N (1\/2)(1)(1) N (1)(1)(1) N (1)(1)(1) N (1)(1)(1) N (1)(1)(2) N (1)(2)(1) N (2)(1)(1) N (1)(1)(1) N (1)(1)(-1) N (1)(-1)(3\/2) N (-1)(3\/2)(1\/3) N (3\/2)(1\/3)(1) N (1\/3)(1)(1) N (1)(1)(2) N (1)(2)(1\/2) N (2)(1\/2)(1) N (1\/2)(1)(1) N (1)(1)(1) N (1)(1)(2) N (1)(2)(1\/2) N (2)(1\/2)(1) N (1\/2)(1)(2) N (1)(2)(1) N (2)(1)(1) N (1)(1)(1) N (1)(1)(1\/2) N (1)(1\/2)(1) N (1\/2)(1)(1) N (1)(1)(1) N (1)(1)(2) N (1)(2)(1) N (2)(1)(1) N (1)(1)(1\/2) N (1)(1\/2)(1) N (1\/2)(1)(1) N (1)(1)(1) N (1)(1)(1) N (1)(1)(1) N (1)(1)(1) N (1)(1)(1) N (1)(1)(1) N (1)(1)(1) N (1)(1)(4) N (1)(4)(1\/2) N (4)(1\/2)(1) N (1\/2)(1)(2) N (1)(2)(2) N "}