{"voice":"P3-1","diatonic":"2D;2A;2D; N 2A;2D;2D; N 2D;2D;2A; N 2D;2A;2A; N 2A;2A;2D; N 2A;2D;2A; N 2D;2A;2D; N 2A;2D;2D; N 2D;2D;2A; N 2D;2A;2A; N 2A;2A;2D; N 2A;2D;2A; N 2D;2A;2D; N 2A;2D;2A; N 2D;2A;2D; N 2A;2D;2A; N 2D;2A;2D; N 2A;2D;2D; N 2D;2D;2A; N 2D;2A;2A; N 2A;2A;2D; N 2A;2D;2A; N 2D;2A;2D; N 2A;2D;2D; N 2D;2D;2A; N 2D;2A;2A; N 2A;2A;2D; N 2A;2D;2A; N 2D;2A;2D; N 2A;2D;2A; N 2D;2A;4D; N 2A;4D;4A; N 4D;4A;2A; N 4A;2A;2A; N 2A;2A;5D; N 2A;5D;3D; N 5D;3D;4A; N 3D;4A;2D; N 4A;2D;2D; N 2D;2D;2D; N 2D;2D;4A; N 2D;4A;2A; N 4A;2A;2D; N 2A;2D;2D; N 2D;2D;2A; N 2D;2A;2A; N 2A;2A;2D; N 2A;2D;2D; N 2D;2D;2D; N 2D;2D;2A; N 2D;2A;2D; N 2A;2D;2A; N 2D;2A;2A; N 2A;2A;2A; N 2A;2A;2A; N 2A;2A;2D; N 2A;2D;2D; N 2D;2D;2D; N 2D;2D;2D; N 2D;2D;2A; N 2D;2A;2A; N 2A;2A;2A; N ","ref":"all:composers:bach:bach:chorals:bwv112.5-sc","melody":"1D;1A;1D; N 1A;1D;2D; N 1D;2D;2A; N 2D;2A;1A; N 2A;1A;1D; N 1A;1D;1A; N 1D;1A;1D; N 1A;1D;2D; N 1D;2D;2A; N 2D;2A;1A; N 2A;1A;1D; N 1A;1D;1A; N 1D;1A;1D; N 1A;1D;1A; N 1D;1A;1D; N 1A;1D;1A; N 1D;1A;1D; N 1A;1D;2D; N 1D;2D;2A; N 2D;2A;1A; N 2A;1A;1D; N 1A;1D;1A; N 1D;1A;1D; N 1A;1D;2D; N 1D;2D;2A; N 2D;2A;1A; N 2A;1A;1D; N 1A;1D;1A; N 1D;1A;1D; N 1A;1D;1A; N 1D;1A;5D; N 1A;5D;5A; N 5D;5A;2A; N 5A;2A;2A; N 2A;2A;7D; N 2A;7D;4D; N 7D;4D;5A; N 4D;5A;1D; N 5A;1D;2D; N 1D;2D;2D; N 2D;2D;6A; N 2D;6A;1A; N 6A;1A;2D; N 1A;2D;1D; N 2D;1D;2A; N 1D;2A;1A; N 2A;1A;1D; N 1A;1D;2D; N 1D;2D;1D; N 2D;1D;1A; N 1D;1A;2D; N 1A;2D;2A; N 2D;2A;2A; N 2A;2A;1A; N 2A;1A;2A; N 1A;2A;2D; N 2A;2D;1D; N 2D;1D;2D; N 1D;2D;2D; N 2D;2D;2A; N 2D;2A;2A; N 2A;2A;1A; N ","notes":"(1D|1)(1A|2)(0D|1) N (1A|2)(0D|1)(1D|1) N (0D|1)(1D|1)(2D|1\/2) N (1D|1)(2D|1\/2)(2A|1) N (2D|1\/2)(2A|1)(1A|2) N (2A|1)(1A|2)(0D|1\/2) N (1A|2)(0D|1\/2)(1D|1) N (0D|1\/2)(1D|1)(1A|2) N (1D|1)(1A|2)(0D|1) N (1A|2)(0D|1)(0D|1) N (0D|1)(0D|1)(1D|1) N (0D|1)(1D|1)(2D|1\/4) N (1D|1)(2D|1\/4)(2A|1) N (2D|1\/4)(2A|1)(1A|2) N (2A|1)(1A|2)(1D|2) N (1A|2)(1D|2)(1A|3\/2) N (1D|2)(1A|3\/2)(1D|1\/3) N (1A|3\/2)(1D|1\/3)(1A|2) N (1D|1\/3)(1A|2)(0D|1\/2) N (1A|2)(0D|1\/2)(1D|1) N (0D|1\/2)(1D|1)(1A|2) N (1D|1)(1A|2)(0D|1) N (1A|2)(0D|1)(1D|1) N (0D|1)(1D|1)(2D|1\/2) N (1D|1)(2D|1\/2)(2A|1) N (2D|1\/2)(2A|1)(1A|2) N (2A|1)(1A|2)(0D|1\/2) N (1A|2)(0D|1\/2)(1D|1) N (0D|1\/2)(1D|1)(1A|2) N (1D|1)(1A|2)(0D|1) N (1A|2)(0D|1)(0D|1) N (0D|1)(0D|1)(1D|1) N (0D|1)(1D|1)(2D|1\/4) N (1D|1)(2D|1\/4)(2A|1) N (2D|1\/4)(2A|1)(1A|2) N (2A|1)(1A|2)(1D|2) N (1A|2)(1D|2)(1A|3\/2) N (1D|2)(1A|3\/2)(1D|1\/3) N (1A|3\/2)(1D|1\/3)(1A|2) N (1D|1\/3)(1A|2)(0D|1) N (1A|2)(0D|1)(5D|1) N (0D|1)(5D|1)(0D|1) N (5D|1)(0D|1)(5A|1\/2) N (0D|1)(5A|1\/2)(2A|1) N (5A|1\/2)(2A|1)(2A|2) N (2A|1)(2A|2)(7D|1\/2) N (2A|2)(7D|1\/2)(4D|1) N (7D|1\/2)(4D|1)(5A|1) N (4D|1)(5A|1)(1D|1\/2) N (5A|1)(1D|1\/2)(2D|1) N (1D|1\/2)(2D|1)(2D|4) N (2D|1)(2D|4)(6A|1) N (2D|4)(6A|1)(1A|1) N (6A|1)(1A|1)(2D|1) N (1A|1)(2D|1)(1D|1) N (2D|1)(1D|1)(0D|1\/2) N (1D|1)(0D|1\/2)(2A|1) N (0D|1\/2)(2A|1)(1A|3) N (2A|1)(1A|3)(1D|1\/6) N (1A|3)(1D|1\/6)(2D|1) N (1D|1\/6)(2D|1)(1D|4) N (2D|1)(1D|4)(1A|1) N (1D|4)(1A|1)(2D|1\/2) N (1A|1)(2D|1\/2)(2A|1) N (2D|1\/2)(2A|1)(2A|1) N (2A|1)(2A|1)(1A|1) N (2A|1)(1A|1)(2A|1) N (1A|1)(2A|1)(2D|2) N (2A|1)(2D|2)(1D|1\/2) N (2D|2)(1D|1\/2)(2D|1) N (1D|1\/2)(2D|1)(2D|1) N (2D|1)(2D|1)(2A|1) N (2D|1)(2A|1)(2A|1) N (2A|1)(2A|1)(1A|2) N ","lyricist":"","composer":"","corpus_ref":"all:composers:bach:bach:chorals","id":"all:composers:bach:bach:chorals:bwv112.5-sc:P3-1","title":"Allein Gott in der Höh sei Ehr","rhythm":"(1)(2)(1) N (2)(1)(1) N (1)(1)(1\/2) N (1)(1\/2)(1) N (1\/2)(1)(2) N (1)(2)(1\/2) N (2)(1\/2)(1) N (1\/2)(1)(2) N (1)(2)(1) N (2)(1)(1) N (1)(1)(1) N (1)(1)(1\/4) N (1)(1\/4)(1) N (1\/4)(1)(2) N (1)(2)(2) N (2)(2)(3\/2) N (2)(3\/2)(1\/3) N (3\/2)(1\/3)(2) N (1\/3)(2)(1\/2) N (2)(1\/2)(1) N (1\/2)(1)(2) N (1)(2)(1) N (2)(1)(1) N (1)(1)(1\/2) N (1)(1\/2)(1) N (1\/2)(1)(2) N (1)(2)(1\/2) N (2)(1\/2)(1) N (1\/2)(1)(2) N (1)(2)(1) N (2)(1)(1) N (1)(1)(1) N (1)(1)(1\/4) N (1)(1\/4)(1) N (1\/4)(1)(2) N (1)(2)(2) N (2)(2)(3\/2) N (2)(3\/2)(1\/3) N (3\/2)(1\/3)(2) N (1\/3)(2)(1) N (2)(1)(1) N (1)(1)(1) N (1)(1)(1\/2) N (1)(1\/2)(1) N (1\/2)(1)(2) N (1)(2)(1\/2) N (2)(1\/2)(1) N (1\/2)(1)(1) N (1)(1)(1\/2) N (1)(1\/2)(1) N (1\/2)(1)(4) N (1)(4)(1) N (4)(1)(1) N (1)(1)(1) N (1)(1)(1) N (1)(1)(1\/2) N (1)(1\/2)(1) N (1\/2)(1)(3) N (1)(3)(1\/6) N (3)(1\/6)(1) N (1\/6)(1)(4) N (1)(4)(1) N (4)(1)(1\/2) N (1)(1\/2)(1) N (1\/2)(1)(1) N (1)(1)(1) N (1)(1)(1) N (1)(1)(2) N (1)(2)(1\/2) N (2)(1\/2)(1) N (1\/2)(1)(1) N (1)(1)(1) N (1)(1)(1) N (1)(1)(2) N "}