{"voice":"P3-1","diatonic":"4A;2D;2A; N 2D;2A;2A; N 2A;2A;2D; N 2A;2D;2D; N 2D;2D;2A; N 2D;2A;2A; N 2A;2A;2A; N 2A;2A;2A; N 2A;2A;2A; N 2A;2A;4D; N 2A;4D;2A; N 4D;2A;2D; N 2A;2D;6D; N 2D;6D;2A; N 6D;2A;2D; N 2A;2D;4A; N 2D;4A;2A; N 4A;2A;2A; N 2A;2A;2D; N 2A;2D;2D; N 2D;2D;2D; N 2D;2D;2D; N 2D;2D;2D; N 2D;2D;2D; N 2D;2D;2A; N 2D;2A;2D; N 2A;2D;2A; N 2D;2A;2D; N 2A;2D;2A; N 2D;2A;5D; N 2A;5D;2A; N 5D;2A;2A; N 2A;2A;2A; N 2A;2A;2A; N 2A;2A;5D; N 2A;5D;3A; N 5D;3A;2D; N ","ref":"all:composers:bach:bach:chorals:bwv47.5","melody":"5A;2D;2A; N 2D;2A;2A; N 2A;2A;2D; N 2A;2D;2D; N 2D;2D;2A; N 2D;2A;2A; N 2A;2A;1A; N 2A;1A;2A; N 1A;2A;2A; N 2A;2A;5D; N 2A;5D;1A; N 5D;1A;1D; N 1A;1D;8D; N 1D;8D;1A; N 8D;1A;1D; N 1A;1D;4A; N 1D;4A;2A; N 4A;2A;2A; N 2A;2A;1D; N 2A;1D;1D; N 1D;1D;2D; N 1D;2D;2D; N 2D;2D;1D; N 2D;1D;2D; N 1D;2D;12A; N 2D;12A;2D; N 12A;2D;2A; N 2D;2A;2D; N 2A;2D;1A; N 2D;1A;7D; N 1A;7D;1A; N 7D;1A;2A; N 1A;2A;2A; N 2A;2A;2A; N 2A;2A;7D; N 2A;7D;3A; N 7D;3A;1D; N ","notes":"(5A|1)(2D|1\/2)(2A|1) N (2D|1\/2)(2A|1)(2A|2) N (2A|1)(2A|2)(0D|1\/2) N (2A|2)(0D|1\/2)(0D|1) N (0D|1\/2)(0D|1)(0D|2) N (0D|1)(0D|2)(0D|1) N (0D|2)(0D|1)(0D|1) N (0D|1)(0D|1)(0D|1\/2) N (0D|1)(0D|1\/2)(2D|1) N (0D|1\/2)(2D|1)(2D|1) N (2D|1)(2D|1)(2A|1) N (2D|1)(2A|1)(2A|1) N (2A|1)(2A|1)(1A|1) N (2A|1)(1A|1)(2A|2) N (1A|1)(2A|2)(0D|1) N (2A|2)(0D|1)(2A|1) N (0D|1)(2A|1)(5D|1\/2) N (2A|1)(5D|1\/2)(0D|1) N (5D|1\/2)(0D|1)(1A|2) N (0D|1)(1A|2)(1D|1) N (1A|2)(1D|1)(0D|1) N (1D|1)(0D|1)(0D|1) N (0D|1)(0D|1)(8D|1) N (0D|1)(8D|1)(1A|1) N (8D|1)(1A|1)(1D|2) N (1A|1)(1D|2)(15A|1\/2) N (1D|2)(15A|1\/2)(11D|1\/2) N (15A|1\/2)(11D|1\/2)(2A|1) N (11D|1\/2)(2A|1)(2A|2) N (2A|1)(2A|2)(1D|1) N (2A|2)(1D|1)(1D|1\/2) N (1D|1)(1D|1\/2)(2D|1) N (1D|1\/2)(2D|1)(2D|1) N (2D|1)(2D|1)(1D|1) N (2D|1)(1D|1)(2D|2) N (1D|1)(2D|2)(12A|1) N (2D|2)(12A|1)(2D|1) N (12A|1)(2D|1)(2A|1) N (2D|1)(2A|1)(2D|1) N (2A|1)(2D|1)(1A|1) N (2D|1)(1A|1)(7D|1\/2) N (1A|1)(7D|1\/2)(1A|1) N (7D|1\/2)(1A|1)(2A|2) N (1A|1)(2A|2)(2A|1\/2) N (2A|2)(2A|1\/2)(2A|1) N (2A|1\/2)(2A|1)(7D|1) N (2A|1)(7D|1)(3A|1) N (7D|1)(3A|1)(1D|2) N ","lyricist":"","composer":"","corpus_ref":"all:composers:bach:bach:chorals","id":"all:composers:bach:bach:chorals:bwv47.5:P3-1","title":"Warum betrübst du dich, mein Herz","rhythm":"(1)(1\/2)(1) N (1\/2)(1)(2) N (1)(2)(1\/2) N (2)(1\/2)(1) N (1\/2)(1)(2) N (1)(2)(1) N (2)(1)(1) N (1)(1)(1\/2) N (1)(1\/2)(1) N (1\/2)(1)(1) N (1)(1)(1) N (1)(1)(1) N (1)(1)(1) N (1)(1)(2) N (1)(2)(1) N (2)(1)(1) N (1)(1)(1\/2) N (1)(1\/2)(1) N (1\/2)(1)(2) N (1)(2)(1) N (2)(1)(1) N (1)(1)(1) N (1)(1)(1) N (1)(1)(1) N (1)(1)(2) N (1)(2)(-1) N (2)(-1)(1\/2) N (-1)(1\/2)(1) N (1\/2)(1)(2) N (1)(2)(1) N (2)(1)(1\/2) N (1)(1\/2)(1) N (1\/2)(1)(1) N (1)(1)(1) N (1)(1)(2) N (1)(2)(1) N (2)(1)(1) N (1)(1)(1) N (1)(1)(1) N (1)(1)(1) N (1)(1)(1\/2) N (1)(1\/2)(1) N (1\/2)(1)(2) N (1)(2)(1\/2) N (2)(1\/2)(1) N (1\/2)(1)(1) N (1)(1)(1) N (1)(1)(2) N "}