{"voice":"P3-1","diatonic":"2A;2A;2A; N 2A;2A;6D; N 2A;6D;2A; N 6D;2A;2A; N 2A;2A;2A; N 2A;2A;2A; N 2A;2A;2A; N 2A;2A;4D; N 2A;4D;2A; N 4D;2A;5D; N 2A;5D;2A; N 5D;2A;2A; N 2A;2A;2A; N 2A;2A;2A; N 2A;2A;2A; N 2A;2A;2A; N 2A;2A;2D; N 2A;2D;2D; N 2D;2D;2A; N 2D;2A;2D; N 2A;2D;2D; N 2D;2D;2D; N 2D;2D;2A; N 2D;2A;2A; N 2A;2A;2A; N 2A;2A;2A; N 2A;2A;6D; N 2A;6D;2A; N 6D;2A;2A; N 2A;2A;2A; N 2A;2A;2A; N 2A;2A;2A; N 2A;2A;4D; N 2A;4D;2A; N 4D;2A;5D; N 2A;5D;2A; N 5D;2A;2A; N 2A;2A;2A; N 2A;2A;2A; N 2A;2A;2A; N 2A;2A;2A; N 2A;2A;2D; N 2A;2D;2D; N 2D;2D;2A; N 2D;2A;2D; N 2A;2D;2D; N 2D;2D;2D; N 2D;2D;2A; N 2D;2A;2D; N 2A;2D;4A; N 2D;4A;2A; N 4A;2A;2A; N 2A;2A;2D; N 2A;2D;2D; N 2D;2D;2A; N 2D;2A;2A; N 2A;2A;2D; N 2A;2D;2D; N 2D;2D;2D; N 2D;2D;3D; N 2D;3D;2D; N 3D;2D;2A; N 2D;2A;2A; N 2A;2A;5D; N 2A;5D;2A; N 5D;2A;4D; N 2A;4D;2A; N 4D;2A;5D; N 2A;5D;2A; N 5D;2A;2D; N 2A;2D;4A; N 2D;4A;2D; N 4A;2D;2D; N 2D;2D;2D; N 2D;2D;6A; N 2D;6A;2D; N 6A;2D;2D; N 2D;2D;2D; N 2D;2D;2A; N ","ref":"all:composers:bach:bach:chorals:bwv260","melody":"1A;2A;2A; N 2A;2A;9D; N 2A;9D;2A; N 9D;2A;2A; N 2A;2A;1A; N 2A;1A;2A; N 1A;2A;2A; N 2A;2A;5D; N 2A;5D;1A; N 5D;1A;6D; N 1A;6D;1A; N 6D;1A;2A; N 1A;2A;2A; N 2A;2A;1A; N 2A;1A;2A; N 1A;2A;2A; N 2A;2A;2D; N 2A;2D;2D; N 2D;2D;2A; N 2D;2A;2D; N 2A;2D;1D; N 2D;1D;2D; N 1D;2D;2A; N 2D;2A;1A; N 2A;1A;2A; N 1A;2A;2A; N 2A;2A;9D; N 2A;9D;2A; N 9D;2A;2A; N 2A;2A;1A; N 2A;1A;2A; N 1A;2A;2A; N 2A;2A;5D; N 2A;5D;1A; N 5D;1A;6D; N 1A;6D;1A; N 6D;1A;2A; N 1A;2A;2A; N 2A;2A;1A; N 2A;1A;2A; N 1A;2A;2A; N 2A;2A;2D; N 2A;2D;2D; N 2D;2D;2A; N 2D;2A;2D; N 2A;2D;1D; N 2D;1D;2D; N 1D;2D;2A; N 2D;2A;2D; N 2A;2D;5A; N 2D;5A;2A; N 5A;2A;1A; N 2A;1A;1D; N 1A;1D;2D; N 1D;2D;2A; N 2D;2A;1A; N 2A;1A;1D; N 1A;1D;2D; N 1D;2D;2D; N 2D;2D;3D; N 2D;3D;2D; N 3D;2D;2A; N 2D;2A;2A; N 2A;2A;7D; N 2A;7D;12A; N 7D;12A;5D; N 12A;5D;1A; N 5D;1A;6D; N 1A;6D;1A; N 6D;1A;1D; N 1A;1D;5A; N 1D;5A;2D; N 5A;2D;2D; N 2D;2D;1D; N 2D;1D;8A; N 1D;8A;2D; N 8A;2D;1D; N 2D;1D;2D; N 1D;2D;2A; N ","notes":"(1A|1)(2A|2)(2A|1\/2) N (2A|2)(2A|1\/2)(9D|1) N (2A|1\/2)(9D|1)(2A|1) N (9D|1)(2A|1)(2A|1) N (2A|1)(2A|1)(1A|1) N (2A|1)(1A|1)(2A|1) N (1A|1)(2A|1)(2A|1) N (2A|1)(2A|1)(5D|1) N (2A|1)(5D|1)(1A|2) N (5D|1)(1A|2)(6D|1) N (1A|2)(6D|1)(1A|1\/2) N (6D|1)(1A|1\/2)(2A|1) N (1A|1\/2)(2A|1)(2A|1) N (2A|1)(2A|1)(1A|1) N (2A|1)(1A|1)(2A|2) N (1A|1)(2A|2)(2A|3\/2) N (2A|2)(2A|3\/2)(2D|1\/6) N (2A|3\/2)(2D|1\/6)(2D|1) N (2D|1\/6)(2D|1)(2A|2) N (2D|1)(2A|2)(2D|1\/2) N (2A|2)(2D|1\/2)(1D|1) N (2D|1\/2)(1D|1)(2D|4) N (1D|1)(2D|4)(2A|1) N (2D|4)(2A|1)(0D|1\/2) N (2A|1)(0D|1\/2)(1A|1) N (0D|1\/2)(1A|1)(2A|2) N (1A|1)(2A|2)(2A|1\/2) N (2A|2)(2A|1\/2)(9D|1) N (2A|1\/2)(9D|1)(2A|1) N (9D|1)(2A|1)(2A|1) N (2A|1)(2A|1)(1A|1) N (2A|1)(1A|1)(2A|1) N (1A|1)(2A|1)(2A|1) N (2A|1)(2A|1)(5D|1) N (2A|1)(5D|1)(1A|2) N (5D|1)(1A|2)(6D|1) N (1A|2)(6D|1)(1A|1\/2) N (6D|1)(1A|1\/2)(2A|1) N (1A|1\/2)(2A|1)(2A|1) N (2A|1)(2A|1)(1A|1) N (2A|1)(1A|1)(2A|2) N (1A|1)(2A|2)(2A|3\/2) N (2A|2)(2A|3\/2)(2D|1\/6) N (2A|3\/2)(2D|1\/6)(2D|1) N (2D|1\/6)(2D|1)(2A|2) N (2D|1)(2A|2)(2D|1\/2) N (2A|2)(2D|1\/2)(1D|1) N (2D|1\/2)(1D|1)(2D|4) N (1D|1)(2D|4)(2A|1) N (2D|4)(2A|1)(0D|1) N (2A|1)(0D|1)(2D|1) N (0D|1)(2D|1)(5A|1) N (2D|1)(5A|1)(2A|1\/2) N (5A|1)(2A|1\/2)(1A|1) N (2A|1\/2)(1A|1)(0D|1) N (1A|1)(0D|1)(1D|1) N (0D|1)(1D|1)(0D|1\/2) N (1D|1)(0D|1\/2)(2D|1) N (0D|1\/2)(2D|1)(2A|2) N (2D|1)(2A|2)(1A|1) N (2A|2)(1A|1)(1D|1\/2) N (1A|1)(1D|1\/2)(2D|1) N (1D|1\/2)(2D|1)(2D|4) N (2D|1)(2D|4)(3D|1) N (2D|4)(3D|1)(2D|1) N (3D|1)(2D|1)(0D|1\/2) N (2D|1)(0D|1\/2)(2A|1) N (0D|1\/2)(2A|1)(2A|2) N (2A|1)(2A|2)(7D|1) N (2A|2)(7D|1)(12A|1\/2) N (7D|1)(12A|1\/2)(5D|1) N (12A|1\/2)(5D|1)(1A|2) N (5D|1)(1A|2)(6D|1) N (1A|2)(6D|1)(1A|1) N (6D|1)(1A|1)(1D|1) N (1A|1)(1D|1)(5A|1\/2) N (1D|1)(5A|1\/2)(2D|1) N (5A|1\/2)(2D|1)(2D|3) N (2D|1)(2D|3)(1D|1\/3) N (2D|3)(1D|1\/3)(8A|1) N (1D|1\/3)(8A|1)(2D|1\/2) N (8A|1)(2D|1\/2)(1D|1) N (2D|1\/2)(1D|1)(2D|4) N (1D|1)(2D|4)(2A|1) N ","lyricist":"","composer":"","corpus_ref":"all:composers:bach:bach:chorals","id":"all:composers:bach:bach:chorals:bwv260:P3-1","title":"Allein Gott in der Höh sei Ehr","rhythm":"(1)(2)(1\/2) N (2)(1\/2)(1) N (1\/2)(1)(1) N (1)(1)(1) N (1)(1)(1) N (1)(1)(1) N (1)(1)(1) N (1)(1)(1) N (1)(1)(2) N (1)(2)(1) N (2)(1)(1\/2) N (1)(1\/2)(1) N (1\/2)(1)(1) N (1)(1)(1) N (1)(1)(2) N (1)(2)(3\/2) N (2)(3\/2)(1\/6) N (3\/2)(1\/6)(1) N (1\/6)(1)(2) N (1)(2)(1\/2) N (2)(1\/2)(1) N (1\/2)(1)(4) N (1)(4)(1) N (4)(1)(1\/2) N (1)(1\/2)(1) N (1\/2)(1)(2) N (1)(2)(1\/2) N (2)(1\/2)(1) N (1\/2)(1)(1) N (1)(1)(1) N (1)(1)(1) N (1)(1)(1) N (1)(1)(1) N (1)(1)(1) N (1)(1)(2) N (1)(2)(1) N (2)(1)(1\/2) N (1)(1\/2)(1) N (1\/2)(1)(1) N (1)(1)(1) N (1)(1)(2) N (1)(2)(3\/2) N (2)(3\/2)(1\/6) N (3\/2)(1\/6)(1) N (1\/6)(1)(2) N (1)(2)(1\/2) N (2)(1\/2)(1) N (1\/2)(1)(4) N (1)(4)(1) N (4)(1)(1) N (1)(1)(1) N (1)(1)(1) N (1)(1)(1\/2) N (1)(1\/2)(1) N (1\/2)(1)(1) N (1)(1)(1) N (1)(1)(1\/2) N (1)(1\/2)(1) N (1\/2)(1)(2) N (1)(2)(1) N (2)(1)(1\/2) N (1)(1\/2)(1) N (1\/2)(1)(4) N (1)(4)(1) N (4)(1)(1) N (1)(1)(1\/2) N (1)(1\/2)(1) N (1\/2)(1)(2) N (1)(2)(1) N (2)(1)(1\/2) N (1)(1\/2)(1) N (1\/2)(1)(2) N (1)(2)(1) N (2)(1)(1) N (1)(1)(1) N (1)(1)(1\/2) N (1)(1\/2)(1) N (1\/2)(1)(3) N (1)(3)(1\/3) N (3)(1\/3)(1) N (1\/3)(1)(1\/2) N (1)(1\/2)(1) N (1\/2)(1)(4) N (1)(4)(1) N "}