{"voice":"P2-1","diatonic":"2A;2D;4A; N 2D;4A;2D; N 4A;2D;3D; N 2D;3D;3A; N 3D;3A;2D; N 3A;2D;2A; N 2D;2A;3D; N 2A;3D;3D; N 3D;3D;4A; N 3D;4A;2D; N 4A;2D;2D; N 2D;2D;2D; N 2D;2D;4A; N 2D;4A;2D; N 4A;2D;4A; N 2D;4A;3D; N 4A;3D;2A; N 3D;2A;2D; N 2A;2D;2D; N 2D;2D;2A; N 2D;2A;2D; N 2A;2D;5A; N 2D;5A;2A; N 5A;2A;2A; N 2A;2A;2D; N 2A;2D;2D; N 2D;2D;2D; N 2D;2D;2A; N 2D;2A;2A; N 2A;2A;2D; N ","ref":"all:composers:bach:bach:chorals:bwv66.6","melody":"2A;2D;5A; N 2D;5A;1D; N 5A;1D;4D; N 1D;4D;4A; N 4D;4A;2D; N 4A;2D;2A; N 2D;2A;3D; N 2A;3D;4D; N 3D;4D;5A; N 4D;5A;2D; N 5A;2D;1D; N 2D;1D;2D; N 1D;2D;5A; N 2D;5A;2D; N 5A;2D;5A; N 2D;5A;3D; N 5A;3D;2A; N 3D;2A;2D; N 2A;2D;1D; N 2D;1D;1A; N 1D;1A;12D; N 1A;12D;7A; N 12D;7A;1A; N 7A;1A;2A; N 1A;2A;2D; N 2A;2D;1D; N 2D;1D;2D; N 1D;2D;2A; N 2D;2A;1A; N 2A;1A;1D; N ","notes":"(2A|1)(2D|1)(0D|1) N (2D|1)(0D|1)(0D|1) N (0D|1)(0D|1)(0D|1\/2) N (0D|1)(0D|1\/2)(5A|1) N (0D|1\/2)(5A|1)(1D|2) N (5A|1)(1D|2)(4D|1) N (1D|2)(4D|1)(4A|1) N (4D|1)(4A|1)(2D|1\/2) N (4A|1)(2D|1\/2)(2A|1) N (2D|1\/2)(2A|1)(3D|2) N (2A|1)(3D|2)(4D|1) N (3D|2)(4D|1)(5A|1) N (4D|1)(5A|1)(0D|1) N (5A|1)(0D|1)(2D|1) N (0D|1)(2D|1)(1D|1) N (2D|1)(1D|1)(2D|1) N (1D|1)(2D|1)(0D|1\/2) N (2D|1)(0D|1\/2)(5A|1) N (0D|1\/2)(5A|1)(2D|2) N (5A|1)(2D|2)(0D|1) N (2D|2)(0D|1)(5A|1) N (0D|1)(5A|1)(3D|1) N (5A|1)(3D|1)(0D|1) N (3D|1)(0D|1)(2A|1) N (0D|1)(2A|1)(2D|1) N (2A|1)(2D|1)(0D|1\/2) N (2D|1)(0D|1\/2)(1D|1) N (0D|1\/2)(1D|1)(1A|1) N (1D|1)(1A|1)(12D|1) N (1A|1)(12D|1)(7A|4) N (12D|1)(7A|4)(0D|1\/4) N (7A|4)(0D|1\/4)(1A|1) N (0D|1\/4)(1A|1)(2A|4) N (1A|1)(2A|4)(2D|1\/4) N (2A|4)(2D|1\/4)(1D|1) N (2D|1\/4)(1D|1)(2D|1) N (1D|1)(2D|1)(2A|1) N (2D|1)(2A|1)(1A|2) N (2A|1)(1A|2)(1D|1) N ","lyricist":"","composer":"","corpus_ref":"all:composers:bach:bach:chorals","id":"all:composers:bach:bach:chorals:bwv66.6:P2-1","title":"Christ ist erstanden","rhythm":"(1)(1)(1) N (1)(1)(1) N (1)(1)(1\/2) N (1)(1\/2)(1) N (1\/2)(1)(2) N (1)(2)(1) N (2)(1)(1) N (1)(1)(1\/2) N (1)(1\/2)(1) N (1\/2)(1)(2) N (1)(2)(1) N (2)(1)(1) N (1)(1)(1) N (1)(1)(1) N (1)(1)(1) N (1)(1)(1) N (1)(1)(1\/2) N (1)(1\/2)(1) N (1\/2)(1)(2) N (1)(2)(1) N (2)(1)(1) N (1)(1)(1) N (1)(1)(1) N (1)(1)(1) N (1)(1)(1) N (1)(1)(1\/2) N (1)(1\/2)(1) N (1\/2)(1)(1) N (1)(1)(1) N (1)(1)(4) N (1)(4)(1\/4) N (4)(1\/4)(1) N (1\/4)(1)(4) N (1)(4)(1\/4) N (4)(1\/4)(1) N (1\/4)(1)(1) N (1)(1)(1) N (1)(1)(2) N (1)(2)(1) N "}