{"voice":"P4-1","diatonic":"2D;2A;2D; N 2A;2D;3D; N 2D;3D;4A; N 3D;4A;2D; N 4A;2D;2A; N 2D;2A;2A; N 2A;2A;2A; N 2A;2A;2A; N 2A;2A;2A; N 2A;2A;2A; N 2A;2A;3D; N 2A;3D;3D; N 3D;3D;4A; N 3D;4A;3D; N 4A;3D;3D; N 3D;3D;4A; N 3D;4A;2D; N 4A;2D;2A; N 2D;2A;2A; N 2A;2A;2A; N 2A;2A;3D; N 2A;3D;4A; N 3D;4A;4D; N 4A;4D;5A; N 4D;5A;2D; N 5A;2D;4A; N 2D;4A;2A; N 4A;2A;2D; N 2A;2D;2D; N 2D;2D;2D; N 2D;2D;2D; N 2D;2D;3D; N 2D;3D;4A; N 3D;4A;2D; N 4A;2D;2D; N 2D;2D;3D; N 2D;3D;4A; N 3D;4A;2D; N 4A;2D;2A; N 2D;2A;2D; N 2A;2D;3D; N 2D;3D;3D; N 3D;3D;4A; N 3D;4A;3D; N 4A;3D;3D; N 3D;3D;4A; N 3D;4A;2D; N 4A;2D;6A; N 2D;6A;4A; N 6A;4A;2D; N 4A;2D;2D; N 2D;2D;2D; N 2D;2D;2D; N 2D;2D;2D; N 2D;2D;6A; N 2D;6A;2D; N 6A;2D;2D; N 2D;2D;4A; N ","ref":"all:composers:bach:bach:chorals:bwv263","melody":"1D;1A;1D; N 1A;1D;4D; N 1D;4D;5A; N 4D;5A;12D; N 5A;12D;2A; N 12D;2A;2A; N 2A;2A;1A; N 2A;1A;2A; N 1A;2A;2A; N 2A;2A;2A; N 2A;2A;4D; N 2A;4D;3D; N 4D;3D;5A; N 3D;5A;3D; N 5A;3D;4D; N 3D;4D;5A; N 4D;5A;12D; N 5A;12D;12A; N 12D;12A;2A; N 12A;2A;2A; N 2A;2A;4D; N 2A;4D;5A; N 4D;5A;5D; N 5A;5D;7A; N 5D;7A;12D; N 7A;12D;5A; N 12D;5A;12A; N 5A;12A;2D; N 12A;2D;1D; N 2D;1D;2D; N 1D;2D;1D; N 2D;1D;4D; N 1D;4D;5A; N 4D;5A;2D; N 5A;2D;1D; N 2D;1D;4D; N 1D;4D;5A; N 4D;5A;12D; N 5A;12D;12A; N 12D;12A;1D; N 12A;1D;4D; N 1D;4D;3D; N 4D;3D;5A; N 3D;5A;3D; N 5A;3D;4D; N 3D;4D;5A; N 4D;5A;12D; N 5A;12D;9A; N 12D;9A;5A; N 9A;5A;2D; N 5A;2D;2D; N 2D;2D;1D; N 2D;1D;2D; N 1D;2D;2D; N 2D;2D;9A; N 2D;9A;2D; N 9A;2D;12D; N 2D;12D;5A; N ","notes":"(0D|1)(1D|1)(1A|1) N (1D|1)(1A|1)(0D|1) N (1A|1)(0D|1)(1D|1\/2) N (0D|1)(1D|1\/2)(4D|1) N (1D|1\/2)(4D|1)(5A|2) N (4D|1)(5A|2)(12D|1) N (5A|2)(12D|1)(0D|1\/2) N (12D|1)(0D|1\/2)(2A|1) N (0D|1\/2)(2A|1)(2A|1) N (2A|1)(2A|1)(1A|1) N (2A|1)(1A|1)(2A|1) N (1A|1)(2A|1)(2A|1) N (2A|1)(2A|1)(2A|1) N (2A|1)(2A|1)(4D|1) N (2A|1)(4D|1)(3D|1) N (4D|1)(3D|1)(5A|1) N (3D|1)(5A|1)(3D|1) N (5A|1)(3D|1)(4D|1) N (3D|1)(4D|1)(5A|2) N (4D|1)(5A|2)(12D|1) N (5A|2)(12D|1)(12A|1\/2) N (12D|1)(12A|1\/2)(2A|1) N (12A|1\/2)(2A|1)(2A|1) N (2A|1)(2A|1)(4D|1) N (2A|1)(4D|1)(5A|2) N (4D|1)(5A|2)(5D|1) N (5A|2)(5D|1)(7A|1) N (5D|1)(7A|1)(12D|1) N (7A|1)(12D|1)(5A|2) N (12D|1)(5A|2)(0D|1\/4) N (5A|2)(0D|1\/4)(12A|2) N (0D|1\/4)(12A|2)(2D|1\/2) N (12A|2)(2D|1\/2)(1D|1) N (2D|1\/2)(1D|1)(2D|1) N (1D|1)(2D|1)(1D|1) N (2D|1)(1D|1)(4D|1) N (1D|1)(4D|1)(5A|1) N (4D|1)(5A|1)(2D|1) N (5A|1)(2D|1)(1D|1) N (2D|1)(1D|1)(4D|1) N (1D|1)(4D|1)(5A|2) N (4D|1)(5A|2)(12D|1) N (5A|2)(12D|1)(12A|1) N (12D|1)(12A|1)(0D|1) N (12A|1)(0D|1)(0D|1) N (0D|1)(0D|1)(1D|1\/2) N (0D|1)(1D|1\/2)(4D|1) N (1D|1\/2)(4D|1)(3D|1) N (4D|1)(3D|1)(5A|1) N (3D|1)(5A|1)(3D|1) N (5A|1)(3D|1)(4D|1) N (3D|1)(4D|1)(5A|2) N (4D|1)(5A|2)(12D|1) N (5A|2)(12D|1)(9A|1\/2) N (12D|1)(9A|1\/2)(5A|1) N (9A|1\/2)(5A|1)(2D|1) N (5A|1)(2D|1)(2D|1) N (2D|1)(2D|1)(1D|1) N (2D|1)(1D|1)(2D|1) N (1D|1)(2D|1)(2D|1) N (2D|1)(2D|1)(9A|1) N (2D|1)(9A|1)(2D|2) N (9A|1)(2D|2)(12D|1) N (2D|2)(12D|1)(5A|2) N ","lyricist":"","composer":"","corpus_ref":"all:composers:bach:bach:chorals","id":"all:composers:bach:bach:chorals:bwv263:P4-1","title":"Alles ist an Gottes Segen","rhythm":"(1)(1)(1) N (1)(1)(1) N (1)(1)(1\/2) N (1)(1\/2)(1) N (1\/2)(1)(2) N (1)(2)(1) N (2)(1)(1\/2) N (1)(1\/2)(1) N (1\/2)(1)(1) N (1)(1)(1) N (1)(1)(1) N (1)(1)(1) N (1)(1)(1) N (1)(1)(1) N (1)(1)(1) N (1)(1)(1) N (1)(1)(1) N (1)(1)(1) N (1)(1)(2) N (1)(2)(1) N (2)(1)(1\/2) N (1)(1\/2)(1) N (1\/2)(1)(1) N (1)(1)(1) N (1)(1)(2) N (1)(2)(1) N (2)(1)(1) N (1)(1)(1) N (1)(1)(2) N (1)(2)(1\/4) N (2)(1\/4)(2) N (1\/4)(2)(1\/2) N (2)(1\/2)(1) N (1\/2)(1)(1) N (1)(1)(1) N (1)(1)(1) N (1)(1)(1) N (1)(1)(1) N (1)(1)(1) N (1)(1)(1) N (1)(1)(2) N (1)(2)(1) N (2)(1)(1) N (1)(1)(1) N (1)(1)(1) N (1)(1)(1\/2) N (1)(1\/2)(1) N (1\/2)(1)(1) N (1)(1)(1) N (1)(1)(1) N (1)(1)(1) N (1)(1)(2) N (1)(2)(1) N (2)(1)(1\/2) N (1)(1\/2)(1) N (1\/2)(1)(1) N (1)(1)(1) N (1)(1)(1) N (1)(1)(1) N (1)(1)(1) N (1)(1)(1) N (1)(1)(2) N (1)(2)(1) N (2)(1)(2) N "}