{"voice":"P3-1","diatonic":"2D;2A;4A; N 2A;4A;2D; N 4A;2D;2D; N 2D;2D;2D; N 2D;2D;3D; N 2D;3D;3A; N 3D;3A;2D; N 3A;2D;3A; N 2D;3A;2A; N 3A;2A;2A; N 2A;2A;2D; N 2A;2D;3D; N 2D;3D;2A; N 3D;2A;2D; N 2A;2D;2D; N 2D;2D;4A; N 2D;4A;2A; N 4A;2A;4D; N 2A;4D;4A; N 4D;4A;3A; N 4A;3A;2D; N 3A;2D;4D; N 2D;4D;2D; N 4D;2D;2D; N 2D;2D;2A; N 2D;2A;2D; N 2A;2D;2A; N 2D;2A;5A; N 2A;5A;2D; N 5A;2D;2A; N 2D;2A;2D; N 2A;2D;2A; N 2D;2A;5D; N 2A;5D;2A; N 5D;2A;2D; N 2A;2D;2D; N 2D;2D;2D; N ","ref":"all:composers:bach:bach:chorals:bwv94.8","melody":"2D;2A;5A; N 2A;5A;1D; N 5A;1D;2D; N 1D;2D;2D; N 2D;2D;3D; N 2D;3D;3A; N 3D;3A;2D; N 3A;2D;4A; N 2D;4A;2A; N 4A;2A;1A; N 2A;1A;1D; N 1A;1D;4D; N 1D;4D;2A; N 4D;2A;2D; N 2A;2D;1D; N 2D;1D;5A; N 1D;5A;1A; N 5A;1A;5D; N 1A;5D;5A; N 5D;5A;4A; N 5A;4A;2D; N 4A;2D;5D; N 2D;5D;2D; N 5D;2D;1D; N 2D;1D;1A; N 1D;1A;2D; N 1A;2D;2A; N 2D;2A;7A; N 2A;7A;2D; N 7A;2D;2A; N 2D;2A;2D; N 2A;2D;2A; N 2D;2A;7D; N 2A;7D;2A; N 7D;2A;2D; N 2A;2D;2D; N 2D;2D;1D; N ","notes":"(0D|1)(2D|1)(2A|1) N (2D|1)(2A|1)(5A|1) N (2A|1)(5A|1)(0D|3) N (5A|1)(0D|3)(0D|1\/3) N (0D|3)(0D|1\/3)(1D|1\/2) N (0D|1\/3)(1D|1\/2)(2D|1) N (1D|1\/2)(2D|1)(2D|2) N (2D|1)(2D|2)(0D|1) N (2D|2)(0D|1)(0D|1) N (0D|1)(0D|1)(0D|2) N (0D|1)(0D|2)(3D|1\/2) N (0D|2)(3D|1\/2)(3A|1) N (3D|1\/2)(3A|1)(2D|1) N (3A|1)(2D|1)(4A|1) N (2D|1)(4A|1)(2A|1\/2) N (4A|1)(2A|1\/2)(1A|1) N (2A|1\/2)(1A|1)(0D|1) N (1A|1)(0D|1)(1D|1) N (0D|1)(1D|1)(4D|6) N (1D|1)(4D|6)(0D|1\/3) N (4D|6)(0D|1\/3)(0D|1) N (0D|1\/3)(0D|1)(2A|1) N (0D|1)(2A|1)(2D|1) N (2A|1)(2D|1)(0D|1) N (2D|1)(0D|1)(0D|1) N (0D|1)(0D|1)(1D|1) N (0D|1)(1D|1)(5A|1) N (1D|1)(5A|1)(0D|1) N (5A|1)(0D|1)(1A|1) N (0D|1)(1A|1)(0D|1) N (1A|1)(0D|1)(5D|1) N (0D|1)(5D|1)(5A|1) N (5D|1)(5A|1)(0D|3) N (5A|1)(0D|3)(4A|1\/3) N (0D|3)(4A|1\/3)(2D|1) N (4A|1\/3)(2D|1)(5D|1) N (2D|1)(5D|1)(0D|1\/2) N (5D|1)(0D|1\/2)(2D|1) N (0D|1\/2)(2D|1)(0D|1) N (2D|1)(0D|1)(1D|1) N (0D|1)(1D|1)(1A|6) N (1D|1)(1A|6)(0D|1\/3) N (1A|6)(0D|1\/3)(2D|1) N (0D|1\/3)(2D|1)(2A|1) N (2D|1)(2A|1)(7A|1\/2) N (2A|1)(7A|1\/2)(2D|1) N (7A|1\/2)(2D|1)(2A|2) N (2D|1)(2A|2)(2D|3) N (2A|2)(2D|3)(2A|1\/3) N (2D|3)(2A|1\/3)(7D|1) N (2A|1\/3)(7D|1)(2A|1) N (7D|1)(2A|1)(0D|1) N (2A|1)(0D|1)(2D|1\/2) N (0D|1)(2D|1\/2)(2D|1) N (2D|1\/2)(2D|1)(1D|6) N ","lyricist":"","composer":"","corpus_ref":"all:composers:bach:bach:chorals","id":"all:composers:bach:bach:chorals:bwv94.8:P3-1","title":"Die Wollust dieser Welt","rhythm":"(1)(1)(1) N (1)(1)(1) N (1)(1)(3) N (1)(3)(1\/3) N (3)(1\/3)(1\/2) N (1\/3)(1\/2)(1) N (1\/2)(1)(2) N (1)(2)(1) N (2)(1)(1) N (1)(1)(2) N (1)(2)(1\/2) N (2)(1\/2)(1) N (1\/2)(1)(1) N (1)(1)(1) N (1)(1)(1\/2) N (1)(1\/2)(1) N (1\/2)(1)(1) N (1)(1)(1) N (1)(1)(6) N (1)(6)(1\/3) N (6)(1\/3)(1) N (1\/3)(1)(1) N (1)(1)(1) N (1)(1)(1) N (1)(1)(1) N (1)(1)(1) N (1)(1)(1) N (1)(1)(1) N (1)(1)(1) N (1)(1)(1) N (1)(1)(1) N (1)(1)(1) N (1)(1)(3) N (1)(3)(1\/3) N (3)(1\/3)(1) N (1\/3)(1)(1) N (1)(1)(1\/2) N (1)(1\/2)(1) N (1\/2)(1)(1) N (1)(1)(1) N (1)(1)(6) N (1)(6)(1\/3) N (6)(1\/3)(1) N (1\/3)(1)(1) N (1)(1)(1\/2) N (1)(1\/2)(1) N (1\/2)(1)(2) N (1)(2)(3) N (2)(3)(1\/3) N (3)(1\/3)(1) N (1\/3)(1)(1) N (1)(1)(1) N (1)(1)(1\/2) N (1)(1\/2)(1) N (1\/2)(1)(6) N "}