{"voice":"P6-1","diatonic":"2A;2D;2D; N 2D;2D;5A; N 2D;5A;2D; N 5A;2D;2A; N 2D;2A;5D; N 2A;5D;2A; N 5D;2A;2A; N 2A;2A;2A; N 2A;2A;2A; N 2A;2A;2D; N 2A;2D;2D; N 2D;2D;2A; N 2D;2A;2D; N 2A;2D;2D; N 2D;2D;2D; N 2D;2D;5A; N 2D;5A;2D; N 5A;2D;2D; N 2D;2D;2D; N 2D;2D;2D; N 2D;2D;2D; N 2D;2D;5A; N 2D;5A;2D; N 5A;2D;2D; N 2D;2D;2D; N 2D;2D;2D; N 2D;2D;2A; N 2D;2A;3D; N 2A;3D;2A; N 3D;2A;5A; N 2A;5A;2D; N 5A;2D;2D; N 2D;2D;2D; N 2D;2D;2D; N 2D;2D;2D; N 2D;2D;2D; N 2D;2D;2D; N 2D;2D;2A; N 2D;2A;2A; N 2A;2A;2A; N 2A;2A;5A; N 2A;5A;2D; N 5A;2D;2D; N 2D;2D;2D; N 2D;2D;4A; N 2D;4A;2D; N 4A;2D;2D; N 2D;2D;2D; N 2D;2D;2D; N 2D;2D;2A; N 2D;2A;2A; N 2A;2A;2A; N 2A;2A;2A; N 2A;2A;5D; N 2A;5D;2D; N 5D;2D;4A; N 2D;4A;4D; N 4A;4D;2A; N 4D;2A;2A; N 2A;2A;2D; N 2A;2D;5A; N 2D;5A;2D; N 5A;2D;4A; N 2D;4A;2A; N 4A;2A;2A; N 2A;2A;2D; N 2A;2D;2D; N 2D;2D;2D; N 2D;2D;4A; N 2D;4A;3D; N 4A;3D;5A; N 3D;5A;2D; N 5A;2D;2D; N 2D;2D;4A; N 2D;4A;2D; N 4A;2D;2A; N 2D;2A;2A; N 2A;2A;2A; N 2A;2A;2A; N 2A;2A;2D; N 2A;2D;2A; N 2D;2A;3A; N 2A;3A;2D; N 3A;2D;2D; N 2D;2D;2D; N 2D;2D;2D; N 2D;2D;2A; N 2D;2A;2D; N 2A;2D;2A; N 2D;2A;2A; N 2A;2A;3D; N 2A;3D;5A; N 3D;5A;4D; N 5A;4D;2A; N ","ref":"all:composers:bach:bach:chorals:bwv59.3","melody":"1A;1D;2D; N 1D;2D;7A; N 2D;7A;2D; N 7A;2D;2A; N 2D;2A;7D; N 2A;7D;2A; N 7D;2A;1A; N 2A;1A;2A; N 1A;2A;2A; N 2A;2A;2D; N 2A;2D;2D; N 2D;2D;2A; N 2D;2A;2D; N 2A;2D;1D; N 2D;1D;2D; N 1D;2D;7A; N 2D;7A;2D; N 7A;2D;2D; N 2D;2D;1D; N 2D;1D;2D; N 1D;2D;2D; N 2D;2D;7A; N 2D;7A;2D; N 7A;2D;1D; N 2D;1D;2D; N 1D;2D;2D; N 2D;2D;2A; N 2D;2A;3D; N 2A;3D;1A; N 3D;1A;7A; N 1A;7A;2D; N 7A;2D;1D; N 2D;1D;2D; N 1D;2D;1D; N 2D;1D;2D; N 1D;2D;2D; N 2D;2D;1D; N 2D;1D;1A; N 1D;1A;2A; N 1A;2A;1A; N 2A;1A;7A; N 1A;7A;2D; N 7A;2D;1D; N 2D;1D;2D; N 1D;2D;5A; N 2D;5A;2D; N 5A;2D;1D; N 2D;1D;2D; N 1D;2D;2D; N 2D;2D;2A; N 2D;2A;2A; N 2A;2A;1A; N 2A;1A;2A; N 1A;2A;7D; N 2A;7D;1D; N 7D;1D;5A; N 1D;5A;5D; N 5A;5D;1A; N 5D;1A;2A; N 1A;2A;2D; N 2A;2D;7A; N 2D;7A;12D; N 7A;12D;5A; N 12D;5A;2A; N 5A;2A;2A; N 2A;2A;2D; N 2A;2D;2D; N 2D;2D;1D; N 2D;1D;5A; N 1D;5A;4D; N 5A;4D;7A; N 4D;7A;2D; N 7A;2D;1D; N 2D;1D;5A; N 1D;5A;12D; N 5A;12D;2A; N 12D;2A;1A; N 2A;1A;2A; N 1A;2A;1A; N 2A;1A;1D; N 1A;1D;2A; N 1D;2A;3A; N 2A;3A;2D; N 3A;2D;1D; N 2D;1D;2D; N 1D;2D;2D; N 2D;2D;2A; N 2D;2A;2D; N 2A;2D;2A; N 2D;2A;2A; N 2A;2A;4D; N 2A;4D;7A; N 4D;7A;5D; N 7A;5D;2A; N ","notes":"(1A|1\/2)(1D|1)(2D|2) N (1D|1)(2D|2)(7A|1) N (2D|2)(7A|1)(2D|1) N (7A|1)(2D|1)(0D|2) N (2D|1)(0D|2)(0D|1\/2) N (0D|2)(0D|1\/2)(2A|1) N (0D|1\/2)(2A|1)(7D|3) N (2A|1)(7D|3)(2A|1\/3) N (7D|3)(2A|1\/3)(1A|1) N (2A|1\/3)(1A|1)(2A|1) N (1A|1)(2A|1)(0D|1) N (2A|1)(0D|1)(2A|1\/2) N (0D|1)(2A|1\/2)(2D|1\/2) N (2A|1\/2)(2D|1\/2)(2D|1) N (2D|1\/2)(2D|1)(2A|4) N (2D|1)(2A|4)(0D|1\/2) N (2A|4)(0D|1\/2)(2D|1) N (0D|1\/2)(2D|1)(1D|4) N (2D|1)(1D|4)(10A|1\/2) N (1D|4)(10A|1\/2)(10D|1) N (10A|1\/2)(10D|1)(2D|1) N (10D|1)(2D|1)(7A|1) N (2D|1)(7A|1)(2D|1\/2) N (7A|1)(2D|1\/2)(2D|1) N (2D|1\/2)(2D|1)(1D|1) N (2D|1)(1D|1)(2D|1) N (1D|1)(2D|1)(2D|2) N (2D|1)(2D|2)(7A|1\/2) N (2D|2)(7A|1\/2)(2D|1) N (7A|1\/2)(2D|1)(1D|1) N (2D|1)(1D|1)(2D|1\/2) N (1D|1)(2D|1\/2)(2D|1) N (2D|1\/2)(2D|1)(2A|4) N (2D|1)(2A|4)(0D|2) N (2A|4)(0D|2)(3D|3\/2) N (0D|2)(3D|3\/2)(0D|1\/3) N (3D|3\/2)(0D|1\/3)(1A|1) N (0D|1\/3)(1A|1)(7A|1) N (1A|1)(7A|1)(0D|1\/2) N (7A|1)(0D|1\/2)(2D|1) N (0D|1\/2)(2D|1)(1D|1) N (2D|1)(1D|1)(2D|1) N (1D|1)(2D|1)(1D|1) N (2D|1)(1D|1)(2D|1) N (1D|1)(2D|1)(2D|2) N (2D|1)(2D|2)(1D|1) N (2D|2)(1D|1)(1A|1) N (1D|1)(1A|1)(2A|3) N (1A|1)(2A|3)(1A|1\/3) N (2A|3)(1A|1\/3)(7A|1) N (1A|1\/3)(7A|1)(2D|1\/2) N (7A|1)(2D|1\/2)(1D|1) N (2D|1\/2)(1D|1)(2D|2) N (1D|1)(2D|2)(5A|1\/2) N (2D|2)(5A|1\/2)(2D|1) N (5A|1\/2)(2D|1)(1D|1) N (2D|1)(1D|1)(2D|1) N (1D|1)(2D|1)(2D|2) N (2D|1)(2D|2)(2A|2) N (2D|2)(2A|2)(12A|1\/2) N (2A|2)(12A|1\/2)(10D|1) N (12A|1\/2)(10D|1)(1A|1) N (10D|1)(1A|1)(2A|1) N (1A|1)(2A|1)(0D|1) N (2A|1)(0D|1)(7D|1) N (0D|1)(7D|1)(0D|1) N (7D|1)(0D|1)(1D|1) N (0D|1)(1D|1)(5A|3) N (1D|1)(5A|3)(0D|1\/3) N (5A|3)(0D|1\/3)(5D|1\/2) N (0D|1\/3)(5D|1\/2)(1A|1) N (5D|1\/2)(1A|1)(2A|2) N (1A|1)(2A|2)(2D|1) N (2A|2)(2D|1)(0D|1) N (2D|1)(0D|1)(7A|1) N (0D|1)(7A|1)(12D|1) N (7A|1)(12D|1)(5A|1) N (12D|1)(5A|1)(2A|1) N (5A|1)(2A|1)(2A|1) N (2A|1)(2A|1)(2D|1\/2) N (2A|1)(2D|1\/2)(2D|1) N (2D|1\/2)(2D|1)(1D|4) N (2D|1)(1D|4)(15A|1\/2) N (1D|4)(15A|1\/2)(10D|1) N (15A|1\/2)(10D|1)(0D|1\/2) N (10D|1)(0D|1\/2)(4D|1) N (0D|1\/2)(4D|1)(7A|2) N (4D|1)(7A|2)(0D|1\/2) N (7A|2)(0D|1\/2)(2D|1) N (0D|1\/2)(2D|1)(1D|2) N (2D|1)(1D|2)(5A|1) N (1D|2)(5A|1)(12D|1\/2) N (5A|1)(12D|1\/2)(2A|1) N (12D|1\/2)(2A|1)(1A|2) N (2A|1)(1A|2)(2A|1) N (1A|2)(2A|1)(1A|1\/2) N (2A|1)(1A|1\/2)(1D|1) N (1A|1\/2)(1D|1)(0D|2) N (1D|1)(0D|2)(2A|3) N (0D|2)(2A|3)(3A|1\/3) N (2A|3)(3A|1\/3)(0D|1\/2) N (3A|1\/3)(0D|1\/2)(2D|1) N (0D|1\/2)(2D|1)(1D|1) N (2D|1)(1D|1)(2D|1) N (1D|1)(2D|1)(2D|4) N (2D|1)(2D|4)(0D|3\/2) N (2D|4)(0D|3\/2)(2A|1\/3) N (0D|3\/2)(2A|1\/3)(2D|1\/2) N (2A|1\/3)(2D|1\/2)(2A|1) N (2D|1\/2)(2A|1)(2A|1) N (2A|1)(2A|1)(4D|1) N (2A|1)(4D|1)(7A|2) N (4D|1)(7A|2)(5D|1) N (7A|2)(5D|1)(2A|3) N ","lyricist":"","composer":"","corpus_ref":"all:composers:bach:bach:chorals","id":"all:composers:bach:bach:chorals:bwv59.3:P6-1","title":"Komm, heiliger Geist, Herre Gott","rhythm":"(1\/2)(1)(2) N (1)(2)(1) N (2)(1)(1) N (1)(1)(2) N (1)(2)(1\/2) N (2)(1\/2)(1) N (1\/2)(1)(3) N (1)(3)(1\/3) N (3)(1\/3)(1) N (1\/3)(1)(1) N (1)(1)(1) N (1)(1)(1\/2) N (1)(1\/2)(1\/2) N (1\/2)(1\/2)(1) N (1\/2)(1)(4) N (1)(4)(1\/2) N (4)(1\/2)(1) N (1\/2)(1)(4) N (1)(4)(-1) N (4)(-1)(1) N (-1)(1)(1) N (1)(1)(1) N (1)(1)(1\/2) N (1)(1\/2)(1) N (1\/2)(1)(1) N (1)(1)(1) N (1)(1)(2) N (1)(2)(1\/2) N (2)(1\/2)(1) N (1\/2)(1)(1) N (1)(1)(1\/2) N (1)(1\/2)(1) N (1\/2)(1)(4) N (1)(4)(2) N (4)(2)(3\/2) N (2)(3\/2)(1\/3) N (3\/2)(1\/3)(1) N (1\/3)(1)(1) N (1)(1)(1\/2) N (1)(1\/2)(1) N (1\/2)(1)(1) N (1)(1)(1) N (1)(1)(1) N (1)(1)(1) N (1)(1)(2) N (1)(2)(1) N (2)(1)(1) N (1)(1)(3) N (1)(3)(1\/3) N (3)(1\/3)(1) N (1\/3)(1)(1\/2) N (1)(1\/2)(1) N (1\/2)(1)(2) N (1)(2)(1\/2) N (2)(1\/2)(1) N (1\/2)(1)(1) N (1)(1)(1) N (1)(1)(2) N (1)(2)(2) N (2)(2)(-1) N (2)(-1)(1) N (-1)(1)(1) N (1)(1)(1) N (1)(1)(1) N (1)(1)(1) N (1)(1)(1) N (1)(1)(1) N (1)(1)(3) N (1)(3)(1\/3) N (3)(1\/3)(1\/2) N (1\/3)(1\/2)(1) N (1\/2)(1)(2) N (1)(2)(1) N (2)(1)(1) N (1)(1)(1) N (1)(1)(1) N (1)(1)(1) N (1)(1)(1) N (1)(1)(1) N (1)(1)(1\/2) N (1)(1\/2)(1) N (1\/2)(1)(4) N (1)(4)(-1) N (4)(-1)(1) N (-1)(1)(1\/2) N (1)(1\/2)(1) N (1\/2)(1)(2) N (1)(2)(1\/2) N (2)(1\/2)(1) N (1\/2)(1)(2) N (1)(2)(1) N (2)(1)(1\/2) N (1)(1\/2)(1) N (1\/2)(1)(2) N (1)(2)(1) N (2)(1)(1\/2) N (1)(1\/2)(1) N (1\/2)(1)(2) N (1)(2)(3) N (2)(3)(1\/3) N (3)(1\/3)(1\/2) N (1\/3)(1\/2)(1) N (1\/2)(1)(1) N (1)(1)(1) N (1)(1)(4) N (1)(4)(3\/2) N (4)(3\/2)(1\/3) N (3\/2)(1\/3)(1\/2) N (1\/3)(1\/2)(1) N (1\/2)(1)(1) N (1)(1)(1) N (1)(1)(2) N (1)(2)(1) N (2)(1)(3) N "}