{"voice":"P4-1","diatonic":"2A;2A;2D; N 2A;2D;2A; N 2D;2A;3D; N 2A;3D;2A; N 3D;2A;2D; N 2A;2D;2D; N 2D;2D;2D; N 2D;2D;2D; N 2D;2D;3A; N 2D;3A;2A; N 3A;2A;2A; N 2A;2A;5D; N 2A;5D;2A; N 5D;2A;5D; N 2A;5D;2A; N 5D;2A;2A; N 2A;2A;2D; N 2A;2D;2D; N 2D;2D;3D; N 2D;3D;4A; N 3D;4A;5D; N 4A;5D;7A; N 5D;7A;2D; N 7A;2D;2D; N 2D;2D;2A; N 2D;2A;2A; N 2A;2A;2D; N 2A;2D;2D; N 2D;2D;3D; N 2D;3D;4A; N 3D;4A;3D; N 4A;3D;6A; N 3D;6A;3D; N 6A;3D;2A; N 3D;2A;5D; N 2A;5D;2D; N 5D;2D;2D; N 2D;2D;2A; N 2D;2A;3D; N 2A;3D;2A; N 3D;2A;2A; N 2A;2A;2A; N 2A;2A;2D; N 2A;2D;2A; N 2D;2A;2A; N 2A;2A;2A; N 2A;2A;4D; N 2A;4D;2A; N 4D;2A;2A; N 2A;2A;2A; N 2A;2A;2A; N 2A;2A;2A; N 2A;2A;2A; N 2A;2A;2D; N 2A;2D;6D; N 2D;6D;2A; N 6D;2A;2A; N 2A;2A;6D; N 2A;6D;2A; N 6D;2A;2A; N 2A;2A;2A; N 2A;2A;2A; N 2A;2A;4D; N 2A;4D;5D; N ","ref":"all:composers:bach:bach:chorals:bwv382","melody":"2A;1A;1D; N 1A;1D;1A; N 1D;1A;3D; N 1A;3D;2A; N 3D;2A;2D; N 2A;2D;2D; N 2D;2D;1D; N 2D;1D;2D; N 1D;2D;3A; N 2D;3A;2A; N 3A;2A;2A; N 2A;2A;7D; N 2A;7D;12A; N 7D;12A;7D; N 12A;7D;2A; N 7D;2A;1A; N 2A;1A;1D; N 1A;1D;2D; N 1D;2D;3D; N 2D;3D;5A; N 3D;5A;7D; N 5A;7D;10A; N 7D;10A;2D; N 10A;2D;1D; N 2D;1D;1A; N 1D;1A;2A; N 1A;2A;2D; N 2A;2D;1D; N 2D;1D;4D; N 1D;4D;5A; N 4D;5A;3D; N 5A;3D;8A; N 3D;8A;3D; N 8A;3D;2A; N 3D;2A;7D; N 2A;7D;1D; N 7D;1D;2D; N 1D;2D;2A; N 2D;2A;4D; N 2A;4D;2A; N 4D;2A;2A; N 2A;2A;1A; N 2A;1A;2D; N 1A;2D;2A; N 2D;2A;2A; N 2A;2A;1A; N 2A;1A;4D; N 1A;4D;1A; N 4D;1A;2A; N 1A;2A;1A; N 2A;1A;2A; N 1A;2A;2A; N 2A;2A;1A; N 2A;1A;1D; N 1A;1D;8D; N 1D;8D;1A; N 8D;1A;2A; N 1A;2A;8D; N 2A;8D;1A; N 8D;1A;2A; N 1A;2A;2A; N 2A;2A;1A; N 2A;1A;5D; N 1A;5D;7D; N ","notes":"(2A|1)(1A|1)(1D|1) N (1A|1)(1D|1)(1A|1) N (1D|1)(1A|1)(3D|1) N (1A|1)(3D|1)(2A|1) N (3D|1)(2A|1)(2D|1) N (2A|1)(2D|1)(2D|1) N (2D|1)(2D|1)(1D|1) N (2D|1)(1D|1)(2D|1) N (1D|1)(2D|1)(3A|1) N (2D|1)(3A|1)(2A|1) N (3A|1)(2A|1)(2A|1) N (2A|1)(2A|1)(7D|2) N (2A|1)(7D|2)(12A|1) N (7D|2)(12A|1)(7D|1\/2) N (12A|1)(7D|1\/2)(2A|1) N (7D|1\/2)(2A|1)(1A|1) N (2A|1)(1A|1)(1D|1) N (1A|1)(1D|1)(2D|1) N (1D|1)(2D|1)(3D|1) N (2D|1)(3D|1)(5A|2) N (3D|1)(5A|2)(7D|3) N (5A|2)(7D|3)(10A|1\/6) N (7D|3)(10A|1\/6)(2D|1) N (10A|1\/6)(2D|1)(1D|1) N (2D|1)(1D|1)(1A|1) N (1D|1)(1A|1)(2A|1) N (1A|1)(2A|1)(2D|1) N (2A|1)(2D|1)(1D|1) N (2D|1)(1D|1)(4D|1) N (1D|1)(4D|1)(5A|1) N (4D|1)(5A|1)(3D|1) N (5A|1)(3D|1)(8A|1) N (3D|1)(8A|1)(3D|1) N (8A|1)(3D|1)(2A|2) N (3D|1)(2A|2)(7D|1) N (2A|2)(7D|1)(1D|1\/2) N (7D|1)(1D|1\/2)(2D|1) N (1D|1\/2)(2D|1)(2A|1) N (2D|1)(2A|1)(4D|1) N (2A|1)(4D|1)(2A|1) N (4D|1)(2A|1)(2A|1) N (2A|1)(2A|1)(1A|1) N (2A|1)(1A|1)(2D|1) N (1A|1)(2D|1)(2A|1) N (2D|1)(2A|1)(2A|1) N (2A|1)(2A|1)(1A|4) N (2A|1)(1A|4)(4D|1\/2) N (1A|4)(4D|1\/2)(1A|1) N (4D|1\/2)(1A|1)(2A|1) N (1A|1)(2A|1)(1A|1) N (2A|1)(1A|1)(2A|1\/2) N (1A|1)(2A|1\/2)(2A|1) N (2A|1\/2)(2A|1)(1A|2) N (2A|1)(1A|2)(1D|1) N (1A|2)(1D|1)(8D|1) N (1D|1)(8D|1)(1A|1\/2) N (8D|1)(1A|1\/2)(2A|1) N (1A|1\/2)(2A|1)(8D|2) N (2A|1)(8D|2)(1A|3\/2) N (8D|2)(1A|3\/2)(2A|1\/3) N (1A|3\/2)(2A|1\/3)(2A|1) N (2A|1\/3)(2A|1)(1A|1) N (2A|1)(1A|1)(5D|2) N (1A|1)(5D|2)(7D|4) N ","lyricist":"","composer":"","corpus_ref":"all:composers:bach:bach:chorals","id":"all:composers:bach:bach:chorals:bwv382:P4-1","title":"Mit Fried und Freud ich fahr dahin","rhythm":"(1)(1)(1) N (1)(1)(1) N (1)(1)(1) N (1)(1)(1) N (1)(1)(1) N (1)(1)(1) N (1)(1)(1) N (1)(1)(1) N (1)(1)(1) N (1)(1)(1) N (1)(1)(1) N (1)(1)(2) N (1)(2)(1) N (2)(1)(1\/2) N (1)(1\/2)(1) N (1\/2)(1)(1) N (1)(1)(1) N (1)(1)(1) N (1)(1)(1) N (1)(1)(2) N (1)(2)(3) N (2)(3)(1\/6) N (3)(1\/6)(1) N (1\/6)(1)(1) N (1)(1)(1) N (1)(1)(1) N (1)(1)(1) N (1)(1)(1) N (1)(1)(1) N (1)(1)(1) N (1)(1)(1) N (1)(1)(1) N (1)(1)(1) N (1)(1)(2) N (1)(2)(1) N (2)(1)(1\/2) N (1)(1\/2)(1) N (1\/2)(1)(1) N (1)(1)(1) N (1)(1)(1) N (1)(1)(1) N (1)(1)(1) N (1)(1)(1) N (1)(1)(1) N (1)(1)(1) N (1)(1)(4) N (1)(4)(1\/2) N (4)(1\/2)(1) N (1\/2)(1)(1) N (1)(1)(1) N (1)(1)(1\/2) N (1)(1\/2)(1) N (1\/2)(1)(2) N (1)(2)(1) N (2)(1)(1) N (1)(1)(1\/2) N (1)(1\/2)(1) N (1\/2)(1)(2) N (1)(2)(3\/2) N (2)(3\/2)(1\/3) N (3\/2)(1\/3)(1) N (1\/3)(1)(1) N (1)(1)(2) N (1)(2)(4) N "}