{"voice":"P4-1","diatonic":"2D;2A;2A; N 2A;2A;2A; N 2A;2A;2A; N 2A;2A;2A; N 2A;2A;4D; N 2A;4D;5D; N 4D;5D;5A; N 5D;5A;2A; N 5A;2A;2D; N 2A;2D;2D; N 2D;2D;2A; N 2D;2A;5D; N 2A;5D;4A; N 5D;4A;2D; N 4A;2D;2A; N 2D;2A;2A; N 2A;2A;2A; N 2A;2A;2A; N 2A;2A;2A; N 2A;2A;2A; N 2A;2A;2A; N 2A;2A;4D; N 2A;4D;5D; N 4D;5D;3D; N 5D;3D;4A; N 3D;4A;2A; N 4A;2A;2A; N 2A;2A;4D; N 2A;4D;2A; N 4D;2A;2A; N 2A;2A;2A; N 2A;2A;2A; N 2A;2A;2A; N 2A;2A;2A; N 2A;2A;2D; N 2A;2D;2D; N 2D;2D;4A; N 2D;4A;5D; N 4A;5D;2A; N 5D;2A;2D; N 2A;2D;2D; N 2D;2D;2D; N 2D;2D;2D; N 2D;2D;2A; N 2D;2A;4D; N 2A;4D;4A; N ","ref":"all:composers:bach:bach:chorals:bwv83.5","melody":"1D;1A;2A; N 1A;2A;2A; N 2A;2A;2A; N 2A;2A;1A; N 2A;1A;5D; N 1A;5D;7D; N 5D;7D;7A; N 7D;7A;1A; N 7A;1A;1D; N 1A;1D;2D; N 1D;2D;2A; N 2D;2A;7D; N 2A;7D;5A; N 7D;5A;2D; N 5A;2D;2A; N 2D;2A;2A; N 2A;2A;1A; N 2A;1A;2A; N 1A;2A;2A; N 2A;2A;2A; N 2A;2A;1A; N 2A;1A;5D; N 1A;5D;6D; N 5D;6D;4D; N 6D;4D;5A; N 4D;5A;2A; N 5A;2A;1A; N 2A;1A;4D; N 1A;4D;1A; N 4D;1A;2A; N 1A;2A;1A; N 2A;1A;2A; N 1A;2A;2A; N 2A;2A;1A; N 2A;1A;1D; N 1A;1D;12D; N 1D;12D;5A; N 12D;5A;7D; N 5A;7D;12A; N 7D;12A;2D; N 12A;2D;1D; N 2D;1D;2D; N 1D;2D;1D; N 2D;1D;1A; N 1D;1A;5D; N 1A;5D;5A; N ","notes":"(1D|1)(1A|1)(2A|1) N (1A|1)(2A|1)(2A|1\/2) N (2A|1)(2A|1\/2)(2A|1) N (2A|1\/2)(2A|1)(1A|2) N (2A|1)(1A|2)(5D|1) N (1A|2)(5D|1)(7D|1) N (5D|1)(7D|1)(7A|1) N (7D|1)(7A|1)(1A|1) N (7A|1)(1A|1)(1D|1\/2) N (1A|1)(1D|1\/2)(2D|1) N (1D|1\/2)(2D|1)(2A|4) N (2D|1)(2A|4)(7D|3\/2) N (2A|4)(7D|3\/2)(5A|1\/3) N (7D|3\/2)(5A|1\/3)(2D|1) N (5A|1\/3)(2D|1)(2A|1) N (2D|1)(2A|1)(2A|1) N (2A|1)(2A|1)(1A|1) N (2A|1)(1A|1)(2A|1) N (1A|1)(2A|1)(2A|1) N (2A|1)(2A|1)(2A|1) N (2A|1)(2A|1)(1A|1) N (2A|1)(1A|1)(5D|2) N (1A|1)(5D|2)(6D|3\/4) N (5D|2)(6D|3\/4)(4D|1\/3) N (6D|3\/4)(4D|1\/3)(5A|3) N (4D|1\/3)(5A|3)(2A|1\/3) N (5A|3)(2A|1\/3)(1A|4) N (2A|1\/3)(1A|4)(4D|1\/2) N (1A|4)(4D|1\/2)(1A|1) N (4D|1\/2)(1A|1)(2A|1) N (1A|1)(2A|1)(1A|1) N (2A|1)(1A|1)(2A|1\/2) N (1A|1)(2A|1\/2)(2A|1) N (2A|1\/2)(2A|1)(1A|2) N (2A|1)(1A|2)(1D|1) N (1A|2)(1D|1)(12D|1) N (1D|1)(12D|1)(5A|1) N (12D|1)(5A|1)(7D|1) N (5A|1)(7D|1)(12A|1\/2) N (7D|1)(12A|1\/2)(2D|1) N (12A|1\/2)(2D|1)(1D|1) N (2D|1)(1D|1)(2D|1) N (1D|1)(2D|1)(1D|1) N (2D|1)(1D|1)(1A|1) N (1D|1)(1A|1)(5D|2) N (1A|1)(5D|2)(5A|1) N ","lyricist":"","composer":"","corpus_ref":"all:composers:bach:bach:chorals","id":"all:composers:bach:bach:chorals:bwv83.5:P4-1","title":"Mit Fried und Freud ich fahr dahin","rhythm":"(1)(1)(1) N (1)(1)(1\/2) N (1)(1\/2)(1) N (1\/2)(1)(2) N (1)(2)(1) N (2)(1)(1) N (1)(1)(1) N (1)(1)(1) N (1)(1)(1\/2) N (1)(1\/2)(1) N (1\/2)(1)(4) N (1)(4)(3\/2) N (4)(3\/2)(1\/3) N (3\/2)(1\/3)(1) N (1\/3)(1)(1) N (1)(1)(1) N (1)(1)(1) N (1)(1)(1) N (1)(1)(1) N (1)(1)(1) N (1)(1)(1) N (1)(1)(2) N (1)(2)(3\/4) N (2)(3\/4)(1\/3) N (3\/4)(1\/3)(3) N (1\/3)(3)(1\/3) N (3)(1\/3)(4) N (1\/3)(4)(1\/2) N (4)(1\/2)(1) N (1\/2)(1)(1) N (1)(1)(1) N (1)(1)(1\/2) N (1)(1\/2)(1) N (1\/2)(1)(2) N (1)(2)(1) N (2)(1)(1) N (1)(1)(1) N (1)(1)(1) N (1)(1)(1\/2) N (1)(1\/2)(1) N (1\/2)(1)(1) N (1)(1)(1) N (1)(1)(1) N (1)(1)(1) N (1)(1)(2) N (1)(2)(1) N "}