{"voice":"P3-1","diatonic":"2A;2A;2D; N 2A;2D;2D; N 2D;2D;4A; N 2D;4A;2D; N 4A;2D;2D; N 2D;2D;2D; N 2D;2D;2D; N 2D;2D;2D; N 2D;2D;2D; N 2D;2D;2A; N 2D;2A;5A; N 2A;5A;3D; N 5A;3D;2A; N 3D;2A;2A; N 2A;2A;2D; N 2A;2D;2D; N 2D;2D;4A; N 2D;4A;2D; N 4A;2D;2D; N 2D;2D;2D; N 2D;2D;2D; N 2D;2D;2D; N 2D;2D;2D; N 2D;2D;2A; N 2D;2A;5A; N 2A;5A;4D; N 5A;4D;2D; N 4D;2D;5A; N 2D;5A;2D; N 5A;2D;2D; N 2D;2D;2A; N 2D;2A;2A; N 2A;2A;2D; N 2A;2D;5D; N 2D;5D;2A; N 5D;2A;2A; N 2A;2A;2A; N 2A;2A;5D; N 2A;5D;6A; N 5D;6A;2A; N 6A;2A;2A; N 2A;2A;2D; N 2A;2D;2D; N 2D;2D;2A; N 2D;2A;4D; N 2A;4D;4A; N 4D;4A;2D; N 4A;2D;2D; N 2D;2D;2A; N 2D;2A;2A; N 2A;2A;2D; N 2A;2D;2A; N 2D;2A;2A; N 2A;2A;2A; N 2A;2A;2D; N 2A;2D;2D; N ","ref":"all:composers:bach:bach:chorals:bwv31.9","melody":"2A;1A;2D; N 1A;2D;1D; N 2D;1D;5A; N 1D;5A;2D; N 5A;2D;2D; N 2D;2D;1D; N 2D;1D;2D; N 1D;2D;2D; N 2D;2D;1D; N 2D;1D;1A; N 1D;1A;7A; N 1A;7A;3D; N 7A;3D;2A; N 3D;2A;1A; N 2A;1A;2D; N 1A;2D;1D; N 2D;1D;5A; N 1D;5A;2D; N 5A;2D;2D; N 2D;2D;1D; N 2D;1D;2D; N 1D;2D;2D; N 2D;2D;1D; N 2D;1D;1A; N 1D;1A;7A; N 1A;7A;5D; N 7A;5D;2D; N 5D;2D;7A; N 2D;7A;2D; N 7A;2D;1D; N 2D;1D;1A; N 1D;1A;2A; N 1A;2A;2D; N 2A;2D;6D; N 2D;6D;1A; N 6D;1A;2A; N 1A;2A;2A; N 2A;2A;7D; N 2A;7D;9A; N 7D;9A;1A; N 9A;1A;2A; N 1A;2A;2D; N 2A;2D;1D; N 2D;1D;1A; N 1D;1A;5D; N 1A;5D;5A; N 5D;5A;2D; N 5A;2D;1D; N 2D;1D;1A; N 1D;1A;2A; N 1A;2A;2D; N 2A;2D;2A; N 2D;2A;2A; N 2A;2A;1A; N 2A;1A;1D; N 1A;1D;2D; N ","notes":"(0D|1)(2A|1)(1A|1) N (2A|1)(1A|1)(0D|1) N (1A|1)(0D|1)(2D|1) N (0D|1)(2D|1)(1D|1) N (2D|1)(1D|1)(5A|1) N (1D|1)(5A|1)(2D|1) N (5A|1)(2D|1)(0D|1\/2) N (2D|1)(0D|1\/2)(2D|1) N (0D|1\/2)(2D|1)(1D|1) N (2D|1)(1D|1)(2D|1) N (1D|1)(2D|1)(2D|2) N (2D|1)(2D|2)(1D|1) N (2D|2)(1D|1)(1A|1) N (1D|1)(1A|1)(7A|1) N (1A|1)(7A|1)(0D|1) N (7A|1)(0D|1)(3D|1) N (0D|1)(3D|1)(0D|1) N (3D|1)(0D|1)(2A|1) N (0D|1)(2A|1)(1A|1) N (2A|1)(1A|1)(0D|1) N (1A|1)(0D|1)(2D|1) N (0D|1)(2D|1)(1D|1) N (2D|1)(1D|1)(5A|1) N (1D|1)(5A|1)(2D|1) N (5A|1)(2D|1)(0D|1\/2) N (2D|1)(0D|1\/2)(2D|1) N (0D|1\/2)(2D|1)(1D|1) N (2D|1)(1D|1)(2D|1) N (1D|1)(2D|1)(2D|2) N (2D|1)(2D|2)(1D|1) N (2D|2)(1D|1)(1A|1) N (1D|1)(1A|1)(7A|1) N (1A|1)(7A|1)(0D|1) N (7A|1)(0D|1)(0D|1) N (0D|1)(0D|1)(5D|1) N (0D|1)(5D|1)(2D|1) N (5D|1)(2D|1)(7A|3\/2) N (2D|1)(7A|3\/2)(2D|1\/3) N (7A|3\/2)(2D|1\/3)(1D|1) N (2D|1\/3)(1D|1)(1A|1) N (1D|1)(1A|1)(2A|2) N (1A|1)(2A|2)(0D|1\/2) N (2A|2)(0D|1\/2)(2D|1) N (0D|1\/2)(2D|1)(6D|2) N (2D|1)(6D|2)(1A|1\/2) N (6D|2)(1A|1\/2)(2A|1) N (1A|1\/2)(2A|1)(2A|1) N (2A|1)(2A|1)(7D|1) N (2A|1)(7D|1)(9A|2) N (7D|1)(9A|2)(1A|1) N (9A|2)(1A|1)(2A|1\/2) N (1A|1)(2A|1\/2)(2D|1) N (2A|1\/2)(2D|1)(1D|2) N (2D|1)(1D|2)(1A|1) N (1D|2)(1A|1)(5D|1) N (1A|1)(5D|1)(5A|3\/2) N (5D|1)(5A|3\/2)(2D|1\/3) N (5A|3\/2)(2D|1\/3)(1D|1) N (2D|1\/3)(1D|1)(1A|1) N (1D|1)(1A|1)(2A|2) N (1A|1)(2A|2)(2D|1) N (2A|2)(2D|1)(2A|1\/2) N (2D|1)(2A|1\/2)(2A|1\/2) N (2A|1\/2)(2A|1\/2)(1A|1) N (2A|1\/2)(1A|1)(1D|4) N (1A|1)(1D|4)(2D|1) N (1D|4)(2D|1)(0D|3) N ","lyricist":"","composer":"","corpus_ref":"all:composers:bach:bach:chorals","id":"all:composers:bach:bach:chorals:bwv31.9:P3-1","title":"Wenn mein Stündlein vorhanden ist 1","rhythm":"(1)(1)(1) N (1)(1)(1) N (1)(1)(1) N (1)(1)(1) N (1)(1)(1) N (1)(1)(1) N (1)(1)(1\/2) N (1)(1\/2)(1) N (1\/2)(1)(1) N (1)(1)(1) N (1)(1)(2) N (1)(2)(1) N (2)(1)(1) N (1)(1)(1) N (1)(1)(1) N (1)(1)(1) N (1)(1)(1) N (1)(1)(1) N (1)(1)(1) N (1)(1)(1) N (1)(1)(1) N (1)(1)(1) N (1)(1)(1) N (1)(1)(1) N (1)(1)(1\/2) N (1)(1\/2)(1) N (1\/2)(1)(1) N (1)(1)(1) N (1)(1)(2) N (1)(2)(1) N (2)(1)(1) N (1)(1)(1) N (1)(1)(1) N (1)(1)(1) N (1)(1)(1) N (1)(1)(1) N (1)(1)(3\/2) N (1)(3\/2)(1\/3) N (3\/2)(1\/3)(1) N (1\/3)(1)(1) N (1)(1)(2) N (1)(2)(1\/2) N (2)(1\/2)(1) N (1\/2)(1)(2) N (1)(2)(1\/2) N (2)(1\/2)(1) N (1\/2)(1)(1) N (1)(1)(1) N (1)(1)(2) N (1)(2)(1) N (2)(1)(1\/2) N (1)(1\/2)(1) N (1\/2)(1)(2) N (1)(2)(1) N (2)(1)(1) N (1)(1)(3\/2) N (1)(3\/2)(1\/3) N (3\/2)(1\/3)(1) N (1\/3)(1)(1) N (1)(1)(2) N (1)(2)(1) N (2)(1)(1\/2) N (1)(1\/2)(1\/2) N (1\/2)(1\/2)(1) N (1\/2)(1)(4) N (1)(4)(1) N (4)(1)(3) N "}