{"voice":"P3-1","diatonic":"2A;3D;2D; N 3D;2D;4A; N 2D;4A;2D; N 4A;2D;2A; N 2D;2A;4A; N 2A;4A;5D; N 4A;5D;3D; N 5D;3D;2A; N 3D;2A;2A; N 2A;2A;2A; N 2A;2A;2A; N 2A;2A;2A; N 2A;2A;2D; N 2A;2D;2D; N 2D;2D;2D; N 2D;2D;2A; N 2D;2A;3D; N 2A;3D;2A; N 3D;2A;2A; N 2A;2A;2D; N 2A;2D;2A; N 2D;2A;2A; N 2A;2A;2A; N 2A;2A;2A; N 2A;2A;5D; N 2A;5D;2D; N 5D;2D;2A; N 2D;2A;2A; N 2A;2A;2A; N 2A;2A;2D; N 2A;2D;2D; N ","ref":"all:composers:bach:bach:chorals:bwv370","melody":"1A;3D;2D; N 3D;2D;5A; N 2D;5A;1D; N 5A;1D;1A; N 1D;1A;5A; N 1A;5A;6D; N 5A;6D;4D; N 6D;4D;2A; N 4D;2A;2A; N 2A;2A;1A; N 2A;1A;2A; N 1A;2A;2A; N 2A;2A;2D; N 2A;2D;2D; N 2D;2D;1D; N 2D;1D;1A; N 1D;1A;3D; N 1A;3D;2A; N 3D;2A;1A; N 2A;1A;1D; N 1A;1D;1A; N 1D;1A;2A; N 1A;2A;2A; N 2A;2A;1A; N 2A;1A;6D; N 1A;6D;2D; N 6D;2D;1A; N 2D;1A;2A; N 1A;2A;2A; N 2A;2A;2D; N 2A;2D;1D; N ","notes":"(1A|1)(0D|1)(3D|1) N (0D|1)(3D|1)(2D|1\/2) N (3D|1)(2D|1\/2)(5A|1\/2) N (2D|1\/2)(5A|1\/2)(1D|1) N (5A|1\/2)(1D|1)(1A|2) N (1D|1)(1A|2)(5A|1) N (1A|2)(5A|1)(6D|2) N (5A|1)(6D|2)(4D|1) N (6D|2)(4D|1)(2A|1) N (4D|1)(2A|1)(2A|1\/2) N (2A|1)(2A|1\/2)(1A|1) N (2A|1\/2)(1A|1)(2A|2) N (1A|1)(2A|2)(2A|1) N (2A|2)(2A|1)(2D|1) N (2A|1)(2D|1)(0D|1\/2) N (2D|1)(0D|1\/2)(2D|1\/2) N (0D|1\/2)(2D|1\/2)(1D|1) N (2D|1\/2)(1D|1)(1A|2) N (1D|1)(1A|2)(3D|1) N (1A|2)(3D|1)(2A|2) N (3D|1)(2A|2)(0D|1) N (2A|2)(0D|1)(1A|1\/2) N (0D|1)(1A|1\/2)(1D|1) N (1A|1\/2)(1D|1)(1A|2) N (1D|1)(1A|2)(0D|1) N (1A|2)(0D|1)(0D|1) N (0D|1)(0D|1)(2A|1) N (0D|1)(2A|1)(2A|1) N (2A|1)(2A|1)(1A|1) N (2A|1)(1A|1)(6D|1) N (1A|1)(6D|1)(2D|1) N (6D|1)(2D|1)(0D|1) N (2D|1)(0D|1)(0D|1\/2) N (0D|1)(0D|1\/2)(1A|1) N (0D|1\/2)(1A|1)(2A|2) N (1A|1)(2A|2)(2A|1) N (2A|2)(2A|1)(0D|1\/2) N (2A|1)(0D|1\/2)(2D|1) N (0D|1\/2)(2D|1)(0D|1) N (2D|1)(0D|1)(1D|1) N ","lyricist":"","composer":"","corpus_ref":"all:composers:bach:bach:chorals","id":"all:composers:bach:bach:chorals:bwv370:P3-1","title":"Komm, Gott Schöpfer, heiliger Geist","rhythm":"(1)(1)(1) N (1)(1)(1\/2) N (1)(1\/2)(1\/2) N (1\/2)(1\/2)(1) N (1\/2)(1)(2) N (1)(2)(1) N (2)(1)(2) N (1)(2)(1) N (2)(1)(1) N (1)(1)(1\/2) N (1)(1\/2)(1) N (1\/2)(1)(2) N (1)(2)(1) N (2)(1)(1) N (1)(1)(1\/2) N (1)(1\/2)(1\/2) N (1\/2)(1\/2)(1) N (1\/2)(1)(2) N (1)(2)(1) N (2)(1)(2) N (1)(2)(1) N (2)(1)(1\/2) N (1)(1\/2)(1) N (1\/2)(1)(2) N (1)(2)(1) N (2)(1)(1) N (1)(1)(1) N (1)(1)(1) N (1)(1)(1) N (1)(1)(1) N (1)(1)(1) N (1)(1)(1) N (1)(1)(1\/2) N (1)(1\/2)(1) N (1\/2)(1)(2) N (1)(2)(1) N (2)(1)(1\/2) N (1)(1\/2)(1) N (1\/2)(1)(1) N (1)(1)(1) N "}