{"voice":"P4-1","diatonic":"2D;2D;2A; N 2D;2A;2A; N 2A;2A;2A; N 2A;2A;2A; N 2A;2A;2D; N 2A;2D;2D; N 2D;2D;2A; N 2D;2A;2D; N 2A;2D;3A; N 2D;3A;2D; N 3A;2D;2A; N 2D;2A;2A; N 2A;2A;2A; N 2A;2A;6D; N 2A;6D;2A; N 6D;2A;4A; N 2A;4A;3D; N 4A;3D;2A; N 3D;2A;2D; N 2A;2D;2D; N 2D;2D;2D; N 2D;2D;5A; N 2D;5A;2D; N 5A;2D;3D; N 2D;3D;2D; N 3D;2D;2D; N 2D;2D;2A; N 2D;2A;2A; N 2A;2A;2A; N 2A;2A;2A; N 2A;2A;2D; N 2A;2D;2D; N 2D;2D;2A; N 2D;2A;2D; N 2A;2D;3A; N 2D;3A;2D; N 3A;2D;2A; N 2D;2A;2A; N 2A;2A;2A; N 2A;2A;6D; N 2A;6D;2A; N 6D;2A;4A; N 2A;4A;3D; N 4A;3D;2A; N 3D;2A;2D; N 2A;2D;2D; N 2D;2D;2D; N 2D;2D;5A; N 2D;5A;2D; N 5A;2D;2D; N 2D;2D;2D; N 2D;2D;2A; N 2D;2A;2A; N 2A;2A;2A; N 2A;2A;2D; N 2A;2D;2D; N 2D;2D;2D; N 2D;2D;4A; N 2D;4A;2D; N 4A;2D;2D; N 2D;2D;2D; N 2D;2D;2D; N 2D;2D;2D; N 2D;2D;2A; N 2D;2A;2A; N 2A;2A;3A; N 2A;3A;2D; N 3A;2D;2D; N 2D;2D;2D; N 2D;2D;2A; N ","ref":"all:composers:bach:bach:chorals:bwv172.6","melody":"2D;2D;2A; N 2D;2A;2A; N 2A;2A;1A; N 2A;1A;2A; N 1A;2A;2D; N 2A;2D;1D; N 2D;1D;1A; N 1D;1A;1D; N 1A;1D;3A; N 1D;3A;1D; N 3A;1D;1A; N 1D;1A;2A; N 1A;2A;2A; N 2A;2A;9D; N 2A;9D;2A; N 9D;2A;5A; N 2A;5A;3D; N 5A;3D;1A; N 3D;1A;2D; N 1A;2D;1D; N 2D;1D;2D; N 1D;2D;7A; N 2D;7A;2D; N 7A;2D;3D; N 2D;3D;2D; N 3D;2D;2D; N 2D;2D;2A; N 2D;2A;2A; N 2A;2A;1A; N 2A;1A;2A; N 1A;2A;2D; N 2A;2D;1D; N 2D;1D;1A; N 1D;1A;1D; N 1A;1D;3A; N 1D;3A;1D; N 3A;1D;1A; N 1D;1A;2A; N 1A;2A;2A; N 2A;2A;9D; N 2A;9D;2A; N 9D;2A;5A; N 2A;5A;3D; N 5A;3D;1A; N 3D;1A;2D; N 1A;2D;1D; N 2D;1D;2D; N 1D;2D;7A; N 2D;7A;2D; N 7A;2D;2D; N 2D;2D;1D; N 2D;1D;1A; N 1D;1A;2A; N 1A;2A;2A; N 2A;2A;2D; N 2A;2D;2D; N 2D;2D;1D; N 2D;1D;5A; N 1D;5A;2D; N 5A;2D;2D; N 2D;2D;1D; N 2D;1D;2D; N 1D;2D;2D; N 2D;2D;2A; N 2D;2A;2A; N 2A;2A;3A; N 2A;3A;2D; N 3A;2D;1D; N 2D;1D;2D; N 1D;2D;2A; N ","notes":"(2D|1)(2D|1\/2)(2A|1) N (2D|1\/2)(2A|1)(2A|1) N (2A|1)(2A|1)(1A|1) N (2A|1)(1A|1)(2A|2) N (1A|1)(2A|2)(0D|1\/2) N (2A|2)(0D|1\/2)(2D|1\/2) N (0D|1\/2)(2D|1\/2)(1D|1) N (2D|1\/2)(1D|1)(1A|2) N (1D|1)(1A|2)(0D|1) N (1A|2)(0D|1)(1D|2) N (0D|1)(1D|2)(3A|1) N (1D|2)(3A|1)(0D|1) N (3A|1)(0D|1)(1D|1) N (0D|1)(1D|1)(1A|1\/2) N (1D|1)(1A|1\/2)(2A|1) N (1A|1\/2)(2A|1)(2A|1) N (2A|1)(2A|1)(9D|1) N (2A|1)(9D|1)(2A|1) N (9D|1)(2A|1)(5A|1) N (2A|1)(5A|1)(3D|2) N (5A|1)(3D|2)(1A|1) N (3D|2)(1A|1)(0D|1) N (1A|1)(0D|1)(2D|1\/2) N (0D|1)(2D|1\/2)(1D|1) N (2D|1\/2)(1D|1)(2D|2) N (1D|1)(2D|2)(7A|1\/2) N (2D|2)(7A|1\/2)(2D|1) N (7A|1\/2)(2D|1)(0D|2) N (2D|1)(0D|2)(0D|2) N (0D|2)(0D|2)(0D|1\/2) N (0D|2)(0D|1\/2)(3D|1) N (0D|1\/2)(3D|1)(2D|1) N (3D|1)(2D|1)(2D|1\/2) N (2D|1)(2D|1\/2)(2A|1) N (2D|1\/2)(2A|1)(2A|1) N (2A|1)(2A|1)(1A|1) N (2A|1)(1A|1)(2A|2) N (1A|1)(2A|2)(0D|1\/2) N (2A|2)(0D|1\/2)(2D|1\/2) N (0D|1\/2)(2D|1\/2)(1D|1) N (2D|1\/2)(1D|1)(1A|2) N (1D|1)(1A|2)(0D|1) N (1A|2)(0D|1)(1D|2) N (0D|1)(1D|2)(3A|1) N (1D|2)(3A|1)(0D|1) N (3A|1)(0D|1)(1D|1) N (0D|1)(1D|1)(1A|1\/2) N (1D|1)(1A|1\/2)(2A|1) N (1A|1\/2)(2A|1)(2A|1) N (2A|1)(2A|1)(9D|1) N (2A|1)(9D|1)(2A|1) N (9D|1)(2A|1)(5A|1) N (2A|1)(5A|1)(3D|2) N (5A|1)(3D|2)(1A|1) N (3D|2)(1A|1)(0D|1) N (1A|1)(0D|1)(2D|1\/2) N (0D|1)(2D|1\/2)(1D|1) N (2D|1\/2)(1D|1)(2D|2) N (1D|1)(2D|2)(7A|1\/2) N (2D|2)(7A|1\/2)(2D|1) N (7A|1\/2)(2D|1)(0D|2) N (2D|1)(0D|2)(0D|2) N (0D|2)(0D|2)(0D|1\/2) N (0D|2)(0D|1\/2)(9A|1) N (0D|1\/2)(9A|1)(9D|2) N (9A|1)(9D|2)(0D|1) N (9D|2)(0D|1)(0D|1) N (0D|1)(0D|1)(0D|1) N (0D|1)(0D|1)(0D|1\/2) N (0D|1)(0D|1\/2)(0D|1) N (0D|1\/2)(0D|1)(0D|1) N (0D|1)(0D|1)(0D|1\/2) N (0D|1)(0D|1\/2)(2D|1) N (0D|1\/2)(2D|1)(1D|1) N (2D|1)(1D|1)(1A|1) N (1D|1)(1A|1)(2A|2) N (1A|1)(2A|2)(0D|1) N (2A|2)(0D|1)(0D|1) N (0D|1)(0D|1)(0D|1) N (0D|1)(0D|1)(2A|1) N (0D|1)(2A|1)(0D|1) N (2A|1)(0D|1)(2D|1\/2) N (0D|1)(2D|1\/2)(2D|1) N (2D|1\/2)(2D|1)(1D|4) N (2D|1)(1D|4)(5A|1\/4) N (1D|4)(5A|1\/4)(2D|1) N (5A|1\/4)(2D|1)(2D|2) N (2D|1)(2D|2)(0D|1\/2) N (2D|2)(0D|1\/2)(1D|1) N (0D|1\/2)(1D|1)(2D|2) N (1D|1)(2D|2)(2D|1\/2) N (2D|2)(2D|1\/2)(2A|1) N (2D|1\/2)(2A|1)(2A|1) N (2A|1)(2A|1)(3A|1) N (2A|1)(3A|1)(2D|3\/2) N (3A|1)(2D|3\/2)(1D|1\/3) N (2D|3\/2)(1D|1\/3)(2D|4) N (1D|1\/3)(2D|4)(2A|1) N ","lyricist":"","composer":"","corpus_ref":"all:composers:bach:bach:chorals","id":"all:composers:bach:bach:chorals:bwv172.6:P4-1","title":"Wie schön leuchtet der Morgenstern","rhythm":"(1)(1\/2)(1) N (1\/2)(1)(1) N (1)(1)(1) N (1)(1)(2) N (1)(2)(1\/2) N (2)(1\/2)(1\/2) N (1\/2)(1\/2)(1) N (1\/2)(1)(2) N (1)(2)(1) N (2)(1)(2) N (1)(2)(1) N (2)(1)(1) N (1)(1)(1) N (1)(1)(1\/2) N (1)(1\/2)(1) N (1\/2)(1)(1) N (1)(1)(1) N (1)(1)(1) N (1)(1)(1) N (1)(1)(2) N (1)(2)(1) N (2)(1)(1) N (1)(1)(1\/2) N (1)(1\/2)(1) N (1\/2)(1)(2) N (1)(2)(1\/2) N (2)(1\/2)(1) N (1\/2)(1)(2) N (1)(2)(2) N (2)(2)(1\/2) N (2)(1\/2)(1) N (1\/2)(1)(1) N (1)(1)(1\/2) N (1)(1\/2)(1) N (1\/2)(1)(1) N (1)(1)(1) N (1)(1)(2) N (1)(2)(1\/2) N (2)(1\/2)(1\/2) N (1\/2)(1\/2)(1) N (1\/2)(1)(2) N (1)(2)(1) N (2)(1)(2) N (1)(2)(1) N (2)(1)(1) N (1)(1)(1) N (1)(1)(1\/2) N (1)(1\/2)(1) N (1\/2)(1)(1) N (1)(1)(1) N (1)(1)(1) N (1)(1)(1) N (1)(1)(2) N (1)(2)(1) N (2)(1)(1) N (1)(1)(1\/2) N (1)(1\/2)(1) N (1\/2)(1)(2) N (1)(2)(1\/2) N (2)(1\/2)(1) N (1\/2)(1)(2) N (1)(2)(2) N (2)(2)(1\/2) N (2)(1\/2)(-1) N (1\/2)(-1)(2) N (-1)(2)(1) N (2)(1)(1) N (1)(1)(1) N (1)(1)(1\/2) N (1)(1\/2)(1) N (1\/2)(1)(1) N (1)(1)(1\/2) N (1)(1\/2)(1) N (1\/2)(1)(1) N (1)(1)(1) N (1)(1)(2) N (1)(2)(1) N (2)(1)(1) N (1)(1)(1) N (1)(1)(1) N (1)(1)(1) N (1)(1)(1\/2) N (1)(1\/2)(1) N (1\/2)(1)(4) N (1)(4)(1\/4) N (4)(1\/4)(1) N (1\/4)(1)(2) N (1)(2)(1\/2) N (2)(1\/2)(1) N (1\/2)(1)(2) N (1)(2)(1\/2) N (2)(1\/2)(1) N (1\/2)(1)(1) N (1)(1)(1) N (1)(1)(3\/2) N (1)(3\/2)(1\/3) N (3\/2)(1\/3)(4) N (1\/3)(4)(1) N "}