{"voice":"P3-1","diatonic":"4D;2D;2D; N 2D;2D;4A; N 2D;4A;2D; N 4A;2D;2D; N 2D;2D;2A; N 2D;2A;2A; N 2A;2A;2A; N 2A;2A;2D; N 2A;2D;2D; N 2D;2D;3A; N 2D;3A;2A; N 3A;2A;2D; N 2A;2D;2D; N 2D;2D;2D; N 2D;2D;2D; N 2D;2D;2D; N 2D;2D;2A; N 2D;2A;2A; N 2A;2A;2D; N 2A;2D;2D; N 2D;2D;2A; N 2D;2A;2D; N 2A;2D;2A; N 2D;2A;2D; N 2A;2D;2D; N 2D;2D;2D; N 2D;2D;2D; N 2D;2D;2A; N 2D;2A;2A; N 2A;2A;2A; N 2A;2A;2D; N 2A;2D;5D; N 2D;5D;2A; N 5D;2A;2D; N 2A;2D;2D; N 2D;2D;2D; N 2D;2D;2A; N 2D;2A;2D; N 2A;2D;2A; N 2D;2A;2D; N 2A;2D;2A; N 2D;2A;5D; N 2A;5D;2A; N 5D;2A;2D; N 2A;2D;2D; N 2D;2D;2A; N 2D;2A;2D; N ","ref":"all:composers:bach:bach:chorals:bwv245.14","melody":"5D;2D;2D; N 2D;2D;5A; N 2D;5A;1D; N 5A;1D;2D; N 1D;2D;2A; N 2D;2A;1A; N 2A;1A;2A; N 1A;2A;2D; N 2A;2D;1D; N 2D;1D;3A; N 1D;3A;2A; N 3A;2A;2D; N 2A;2D;2D; N 2D;2D;1D; N 2D;1D;2D; N 1D;2D;2D; N 2D;2D;2A; N 2D;2A;2A; N 2A;2A;2D; N 2A;2D;2D; N 2D;2D;2A; N 2D;2A;2D; N 2A;2D;12A; N 2D;12A;1D; N 12A;1D;2D; N 1D;2D;2D; N 2D;2D;1D; N 2D;1D;1A; N 1D;1A;2A; N 1A;2A;1A; N 2A;1A;1D; N 1A;1D;7D; N 1D;7D;2A; N 7D;2A;1D; N 2A;1D;1D; N 1D;1D;1D; N 1D;1D;1A; N 1D;1A;1D; N 1A;1D;1A; N 1D;1A;2D; N 1A;2D;2A; N 2D;2A;7D; N 2A;7D;12A; N 7D;12A;2D; N 12A;2D;1D; N 2D;1D;1A; N 1D;1A;1D; N ","notes":"(5D|1)(0D|1)(2D|1) N (0D|1)(2D|1)(2D|1) N (2D|1)(2D|1)(0D|1) N (2D|1)(0D|1)(0D|2) N (0D|1)(0D|2)(5A|1\/2) N (0D|2)(5A|1\/2)(1D|1) N (5A|1\/2)(1D|1)(0D|1\/2) N (1D|1)(0D|1\/2)(2D|1) N (0D|1\/2)(2D|1)(2A|1) N (2D|1)(2A|1)(1A|1) N (2A|1)(1A|1)(2A|2) N (1A|1)(2A|2)(2D|1\/2) N (2A|2)(2D|1\/2)(1D|1) N (2D|1\/2)(1D|1)(0D|4) N (1D|1)(0D|4)(3A|1\/2) N (0D|4)(3A|1\/2)(0D|1) N (3A|1\/2)(0D|1)(2A|1) N (0D|1)(2A|1)(2D|1) N (2A|1)(2D|1)(2D|1) N (2D|1)(2D|1)(1D|1) N (2D|1)(1D|1)(0D|2) N (1D|1)(0D|2)(0D|1\/2) N (0D|2)(0D|1\/2)(2D|1) N (0D|1\/2)(2D|1)(2D|1\/2) N (2D|1)(2D|1\/2)(2A|1) N (2D|1\/2)(2A|1)(2A|2) N (2A|1)(2A|2)(0D|1) N (2A|2)(0D|1)(2D|1\/2) N (0D|1)(2D|1\/2)(2D|1) N (2D|1\/2)(2D|1)(2A|4) N (2D|1)(2A|4)(2D|1\/2) N (2A|4)(2D|1\/2)(12A|1) N (2D|1\/2)(12A|1)(1D|1) N (12A|1)(1D|1)(2D|1) N (1D|1)(2D|1)(2D|1) N (2D|1)(2D|1)(0D|1) N (2D|1)(0D|1)(0D|2) N (0D|1)(0D|2)(1D|1\/2) N (0D|2)(1D|1\/2)(1A|1) N (1D|1\/2)(1A|1)(0D|1\/2) N (1A|1)(0D|1\/2)(2A|1) N (0D|1\/2)(2A|1)(1A|2) N (2A|1)(1A|2)(1D|1) N (1A|2)(1D|1)(7D|1) N (1D|1)(7D|1)(0D|2) N (7D|1)(0D|2)(2A|1\/2) N (0D|2)(2A|1\/2)(0D|1) N (2A|1\/2)(0D|1)(1D|1) N (0D|1)(1D|1)(1D|1\/2) N (1D|1)(1D|1\/2)(1D|1) N (1D|1\/2)(1D|1)(1A|2) N (1D|1)(1A|2)(1D|1) N (1A|2)(1D|1)(1A|2) N (1D|1)(1A|2)(2D|1\/2) N (1A|2)(2D|1\/2)(0D|1) N (2D|1\/2)(0D|1)(2A|1) N (0D|1)(2A|1)(7D|1) N (2A|1)(7D|1)(12A|1) N (7D|1)(12A|1)(2D|1\/4) N (12A|1)(2D|1\/4)(1D|1) N (2D|1\/4)(1D|1)(1A|2) N (1D|1)(1A|2)(1D|4) N ","lyricist":"","composer":"","corpus_ref":"all:composers:bach:bach:chorals","id":"all:composers:bach:bach:chorals:bwv245.14:P3-1","title":"Jesu Kreuz, Leiden und Pein","rhythm":"(1)(1)(1) N (1)(1)(1) N (1)(1)(1) N (1)(1)(2) N (1)(2)(1\/2) N (2)(1\/2)(1) N (1\/2)(1)(1\/2) N (1)(1\/2)(1) N (1\/2)(1)(1) N (1)(1)(1) N (1)(1)(2) N (1)(2)(1\/2) N (2)(1\/2)(1) N (1\/2)(1)(4) N (1)(4)(1\/2) N (4)(1\/2)(1) N (1\/2)(1)(1) N (1)(1)(1) N (1)(1)(1) N (1)(1)(1) N (1)(1)(2) N (1)(2)(1\/2) N (2)(1\/2)(1) N (1\/2)(1)(1\/2) N (1)(1\/2)(1) N (1\/2)(1)(2) N (1)(2)(1) N (2)(1)(1\/2) N (1)(1\/2)(1) N (1\/2)(1)(4) N (1)(4)(1\/2) N (4)(1\/2)(1) N (1\/2)(1)(1) N (1)(1)(1) N (1)(1)(1) N (1)(1)(1) N (1)(1)(2) N (1)(2)(1\/2) N (2)(1\/2)(1) N (1\/2)(1)(1\/2) N (1)(1\/2)(1) N (1\/2)(1)(2) N (1)(2)(1) N (2)(1)(1) N (1)(1)(2) N (1)(2)(1\/2) N (2)(1\/2)(1) N (1\/2)(1)(1) N (1)(1)(1\/2) N (1)(1\/2)(1) N (1\/2)(1)(2) N (1)(2)(1) N (2)(1)(2) N (1)(2)(1\/2) N (2)(1\/2)(1) N (1\/2)(1)(1) N (1)(1)(1) N (1)(1)(1) N (1)(1)(1\/4) N (1)(1\/4)(1) N (1\/4)(1)(2) N (1)(2)(4) N "}