{"voice":"P4-1","diatonic":"2D;2A;2A; N 2A;2A;2A; N 2A;2A;3D; N 2A;3D;4A; N 3D;4A;2D; N 4A;2D;5A; N 2D;5A;2A; N 5A;2A;2A; N 2A;2A;2A; N 2A;2A;2A; N 2A;2A;2D; N 2A;2D;4A; N 2D;4A;4D; N 4A;4D;2A; N 4D;2A;2A; N 2A;2A;3D; N 2A;3D;4A; N 3D;4A;2D; N 4A;2D;2A; N 2D;2A;2A; N 2A;2A;2D; N 2A;2D;2A; N 2D;2A;2D; N 2A;2D;2D; N 2D;2D;2D; N 2D;2D;2D; N 2D;2D;3D; N 2D;3D;3D; N 3D;3D;2A; N 3D;2A;4A; N 2A;4A;4A; N 4A;4A;2A; N 4A;2A;2A; N 2A;2A;2A; N 2A;2A;2D; N 2A;2D;2D; N 2D;2D;2D; N 2D;2D;2D; N 2D;2D;2D; N 2D;2D;2D; N 2D;2D;2A; N 2D;2A;2A; N 2A;2A;2A; N 2A;2A;4A; N 2A;4A;2D; N 4A;2D;2D; N 2D;2D;2D; N 2D;2D;2D; N 2D;2D;2A; N 2D;2A;2A; N 2A;2A;2A; N 2A;2A;2A; N 2A;2A;3D; N 2A;3D;3D; N 3D;3D;2A; N 3D;2A;2A; N 2A;2A;2A; N 2A;2A;2A; N 2A;2A;2A; N 2A;2A;2A; N 2A;2A;2A; N 2A;2A;2D; N 2A;2D;2A; N 2D;2A;5D; N 2A;5D;3A; N 5D;3A;3A; N 3A;3A;2D; N 3A;2D;2D; N 2D;2D;3D; N 2D;3D;4A; N 3D;4A;5D; N 4A;5D;2A; N 5D;2A;5D; N 2A;5D;2A; N 5D;2A;2A; N 2A;2A;2A; N 2A;2A;2A; N 2A;2A;3D; N 2A;3D;4A; N 3D;4A;5D; N 4A;5D;2A; N 5D;2A;2A; N 2A;2A;2A; N 2A;2A;2A; N 2A;2A;2A; N 2A;2A;2A; N 2A;2A;2A; N 2A;2A;5D; N 2A;5D;2D; N 5D;2D;6A; N 2D;6A;4D; N 6A;4D;2A; N 4D;2A;5D; N 2A;5D;2A; N 5D;2A;2A; N 2A;2A;5D; N ","ref":"all:composers:bach:bach:chorals:bwv407","melody":"1D;1A;2A; N 1A;2A;2A; N 2A;2A;4D; N 2A;4D;5A; N 4D;5A;12D; N 5A;12D;7A; N 12D;7A;2A; N 7A;2A;2A; N 2A;2A;1A; N 2A;1A;2A; N 1A;2A;12D; N 2A;12D;5A; N 12D;5A;5D; N 5A;5D;2A; N 5D;2A;2A; N 2A;2A;4D; N 2A;4D;5A; N 4D;5A;1D; N 5A;1D;2A; N 1D;2A;1A; N 2A;1A;1D; N 1A;1D;1A; N 1D;1A;2D; N 1A;2D;2D; N 2D;2D;1D; N 2D;1D;2D; N 1D;2D;4D; N 2D;4D;3D; N 4D;3D;2A; N 3D;2A;5A; N 2A;5A;5A; N 5A;5A;2A; N 5A;2A;2A; N 2A;2A;1A; N 2A;1A;1D; N 1A;1D;2D; N 1D;2D;2D; N 2D;2D;2D; N 2D;2D;1D; N 2D;1D;2D; N 1D;2D;2A; N 2D;2A;2A; N 2A;2A;1A; N 2A;1A;5A; N 1A;5A;1D; N 5A;1D;2D; N 1D;2D;2D; N 2D;2D;2D; N 2D;2D;1A; N 2D;1A;1A; N 1A;1A;1A; N 1A;1A;1A; N 1A;1A;3D; N 1A;3D;4D; N 3D;4D;2A; N 4D;2A;2A; N 2A;2A;1A; N 2A;1A;2A; N 1A;2A;2A; N 2A;2A;1A; N 2A;1A;2A; N 1A;2A;12D; N 2A;12D;2A; N 12D;2A;7D; N 2A;7D;3A; N 7D;3A;4A; N 3A;4A;2D; N 4A;2D;2D; N 2D;2D;3D; N 2D;3D;5A; N 3D;5A;7D; N 5A;7D;12A; N 7D;12A;6D; N 12A;6D;1A; N 6D;1A;2A; N 1A;2A;1A; N 2A;1A;2A; N 1A;2A;3D; N 2A;3D;5A; N 3D;5A;7D; N 5A;7D;2A; N 7D;2A;2A; N 2A;2A;1A; N 2A;1A;1A; N 1A;1A;1A; N 1A;1A;1A; N 1A;1A;1A; N 1A;1A;7D; N 1A;7D;2D; N 7D;2D;9A; N 2D;9A;5D; N 9A;5D;1A; N 5D;1A;7D; N 1A;7D;1A; N 7D;1A;1A; N 1A;1A;7D; N ","notes":"(1D|1\/3)(1A|1)(2A|1) N (1A|1)(2A|1)(2A|1) N (2A|1)(2A|1)(4D|1) N (2A|1)(4D|1)(5A|2) N (4D|1)(5A|2)(12D|1) N (5A|2)(12D|1)(7A|2) N (12D|1)(7A|2)(2A|1\/2) N (7A|2)(2A|1\/2)(2A|1) N (2A|1\/2)(2A|1)(1A|1) N (2A|1)(1A|1)(2A|1\/2) N (1A|1)(2A|1\/2)(12D|1) N (2A|1\/2)(12D|1)(5A|8) N (12D|1)(5A|8)(0D|1\/4) N (5A|8)(0D|1\/4)(5D|1\/2) N (0D|1\/4)(5D|1\/2)(2A|1) N (5D|1\/2)(2A|1)(2A|1) N (2A|1)(2A|1)(4D|1) N (2A|1)(4D|1)(5A|1) N (4D|1)(5A|1)(1D|1) N (5A|1)(1D|1)(2A|1) N (1D|1)(2A|1)(1A|2) N (2A|1)(1A|2)(1D|1\/2) N (1A|2)(1D|1\/2)(1A|4) N (1D|1\/2)(1A|4)(0D|1\/4) N (1A|4)(0D|1\/4)(2D|1) N (0D|1\/4)(2D|1)(2D|1) N (2D|1)(2D|1)(1D|1) N (2D|1)(1D|1)(2D|1) N (1D|1)(2D|1)(4D|1) N (2D|1)(4D|1)(3D|1) N (4D|1)(3D|1)(2A|1) N (3D|1)(2A|1)(5A|8) N (2A|1)(5A|8)(5A|1\/8) N (5A|8)(5A|1\/8)(2A|1) N (5A|1\/8)(2A|1)(2A|1) N (2A|1)(2A|1)(1A|1) N (2A|1)(1A|1)(1D|1) N (1A|1)(1D|1)(2D|1) N (1D|1)(2D|1)(2D|1) N (2D|1)(2D|1)(2D|1) N (2D|1)(2D|1)(1D|1) N (2D|1)(1D|1)(2D|1) N (1D|1)(2D|1)(2A|1) N (2D|1)(2A|1)(2A|1) N (2A|1)(2A|1)(1A|2) N (2A|1)(1A|2)(0D|1) N (1A|2)(0D|1)(5A|1\/2) N (0D|1)(5A|1\/2)(1D|1) N (5A|1\/2)(1D|1)(2D|1) N (1D|1)(2D|1)(2D|1) N (2D|1)(2D|1)(2D|1) N (2D|1)(2D|1)(1A|1) N (2D|1)(1A|1)(1A|1) N (1A|1)(1A|1)(1A|1) N (1A|1)(1A|1)(1A|8) N (1A|1)(1A|8)(3D|1\/8) N (1A|8)(3D|1\/8)(4D|1) N (3D|1\/8)(4D|1)(2A|1) N (4D|1)(2A|1)(2A|1) N (2A|1)(2A|1)(1A|1) N (2A|1)(1A|1)(2A|1) N (1A|1)(2A|1)(2A|1) N (2A|1)(2A|1)(1A|1) N (2A|1)(1A|1)(2A|2) N (1A|1)(2A|2)(12D|1) N (2A|2)(12D|1)(2A|2) N (12D|1)(2A|2)(7D|1\/4) N (2A|2)(7D|1\/4)(3A|1) N (7D|1\/4)(3A|1)(4A|1) N (3A|1)(4A|1)(2D|1) N (4A|1)(2D|1)(2D|1) N (2D|1)(2D|1)(3D|1) N (2D|1)(3D|1)(5A|2) N (3D|1)(5A|2)(7D|4) N (5A|2)(7D|4)(12A|1\/2) N (7D|4)(12A|1\/2)(6D|1) N (12A|1\/2)(6D|1)(1A|3\/2) N (6D|1)(1A|3\/2)(2A|1\/6) N (1A|3\/2)(2A|1\/6)(1A|1) N (2A|1\/6)(1A|1)(2A|2) N (1A|1)(2A|2)(3D|1) N (2A|2)(3D|1)(5A|2) N (3D|1)(5A|2)(7D|2) N (5A|2)(7D|2)(2A|3\/4) N (7D|2)(2A|3\/4)(2A|1\/3) N (2A|3\/4)(2A|1\/3)(1A|2) N (2A|1\/3)(1A|2)(1A|1) N (1A|2)(1A|1)(1A|1) N (1A|1)(1A|1)(1A|1) N (1A|1)(1A|1)(1A|1) N (1A|1)(1A|1)(7D|1) N (1A|1)(7D|1)(2D|2) N (7D|1)(2D|2)(9A|1\/4) N (2D|2)(9A|1\/4)(5D|1) N (9A|1\/4)(5D|1)(1A|1) N (5D|1)(1A|1)(7D|1) N (1A|1)(7D|1)(1A|1) N (7D|1)(1A|1)(1A|1) N (1A|1)(1A|1)(7D|2) N ","lyricist":"","composer":"","corpus_ref":"all:composers:bach:bach:chorals","id":"all:composers:bach:bach:chorals:bwv407:P4-1","title":"O wir armen Sünder","rhythm":"(1\/3)(1)(1) N (1)(1)(1) N (1)(1)(1) N (1)(1)(2) N (1)(2)(1) N (2)(1)(2) N (1)(2)(1\/2) N (2)(1\/2)(1) N (1\/2)(1)(1) N (1)(1)(1\/2) N (1)(1\/2)(1) N (1\/2)(1)(8) N (1)(8)(1\/4) N (8)(1\/4)(1\/2) N (1\/4)(1\/2)(1) N (1\/2)(1)(1) N (1)(1)(1) N (1)(1)(1) N (1)(1)(1) N (1)(1)(1) N (1)(1)(2) N (1)(2)(1\/2) N (2)(1\/2)(4) N (1\/2)(4)(1\/4) N (4)(1\/4)(1) N (1\/4)(1)(1) N (1)(1)(1) N (1)(1)(1) N (1)(1)(1) N (1)(1)(1) N (1)(1)(1) N (1)(1)(8) N (1)(8)(1\/8) N (8)(1\/8)(1) N (1\/8)(1)(1) N (1)(1)(1) N (1)(1)(1) N (1)(1)(1) N (1)(1)(1) N (1)(1)(1) N (1)(1)(1) N (1)(1)(1) N (1)(1)(1) N (1)(1)(1) N (1)(1)(2) N (1)(2)(1) N (2)(1)(1\/2) N (1)(1\/2)(1) N (1\/2)(1)(1) N (1)(1)(1) N (1)(1)(1) N (1)(1)(1) N (1)(1)(1) N (1)(1)(1) N (1)(1)(8) N (1)(8)(1\/8) N (8)(1\/8)(1) N (1\/8)(1)(1) N (1)(1)(1) N (1)(1)(1) N (1)(1)(1) N (1)(1)(1) N (1)(1)(1) N (1)(1)(2) N (1)(2)(1) N (2)(1)(2) N (1)(2)(1\/4) N (2)(1\/4)(1) N (1\/4)(1)(1) N (1)(1)(1) N (1)(1)(1) N (1)(1)(1) N (1)(1)(2) N (1)(2)(4) N (2)(4)(1\/2) N (4)(1\/2)(1) N (1\/2)(1)(3\/2) N (1)(3\/2)(1\/6) N (3\/2)(1\/6)(1) N (1\/6)(1)(2) N (1)(2)(1) N (2)(1)(2) N (1)(2)(2) N (2)(2)(3\/4) N (2)(3\/4)(1\/3) N (3\/4)(1\/3)(2) N (1\/3)(2)(1) N (2)(1)(1) N (1)(1)(1) N (1)(1)(1) N (1)(1)(1) N (1)(1)(2) N (1)(2)(1\/4) N (2)(1\/4)(1) N (1\/4)(1)(1) N (1)(1)(1) N (1)(1)(1) N (1)(1)(1) N (1)(1)(2) N "}