{"voice":"P3-1","diatonic":"2D;2A;3D; N 2A;3D;2D; N 3D;2D;3A; N 2D;3A;2A; N 3A;2A;2A; N 2A;2A;5D; N 2A;5D;4A; N 5D;4A;2D; N 4A;2D;2D; N 2D;2D;3A; N 2D;3A;2A; N 3A;2A;3D; N 2A;3D;4A; N 3D;4A;2D; N 4A;2D;2D; N 2D;2D;2A; N 2D;2A;2A; N 2A;2A;2A; N 2A;2A;2D; N 2A;2D;5D; N 2D;5D;4A; N 5D;4A;2D; N 4A;2D;3A; N 2D;3A;2D; N 3A;2D;2D; N 2D;2D;2D; N 2D;2D;2D; N 2D;2D;3A; N 2D;3A;2A; N 3A;2A;2A; N 2A;2A;2D; N 2A;2D;2D; N 2D;2D;3A; N 2D;3A;2D; N ","ref":"all:composers:bach:bach:chorals:bwv364","melody":"1D;1A;3D; N 1A;3D;2D; N 3D;2D;4A; N 2D;4A;1A; N 4A;1A;1A; N 1A;1A;7D; N 1A;7D;5A; N 7D;5A;2D; N 5A;2D;2D; N 2D;2D;4A; N 2D;4A;1A; N 4A;1A;3D; N 1A;3D;5A; N 3D;5A;2D; N 5A;2D;1D; N 2D;1D;1A; N 1D;1A;2A; N 1A;2A;2A; N 2A;2A;2D; N 2A;2D;6D; N 2D;6D;4A; N 6D;4A;1D; N 4A;1D;3A; N 1D;3A;2D; N 3A;2D;1D; N 2D;1D;2D; N 1D;2D;2D; N 2D;2D;4A; N 2D;4A;1A; N 4A;1A;2A; N 1A;2A;2D; N 2A;2D;1D; N 2D;1D;3A; N 1D;3A;1D; N ","notes":"(0D|1)(1D|1\/2)(1A|1) N (1D|1\/2)(1A|1)(3D|2) N (1A|1)(3D|2)(2D|1\/2) N (3D|2)(2D|1\/2)(4A|1) N (2D|1\/2)(4A|1)(1A|2) N (4A|1)(1A|2)(1A|1) N (1A|2)(1A|1)(7D|1\/2) N (1A|1)(7D|1\/2)(5A|1\/2) N (7D|1\/2)(5A|1\/2)(2D|1) N (5A|1\/2)(2D|1)(2D|8) N (2D|1)(2D|8)(16A|1\/2) N (2D|8)(16A|1\/2)(12D|1) N (16A|1\/2)(12D|1)(1A|1\/2) N (12D|1)(1A|1\/2)(3D|1) N (1A|1\/2)(3D|1)(5A|2) N (3D|1)(5A|2)(0D|1\/2) N (5A|2)(0D|1\/2)(2D|1) N (0D|1\/2)(2D|1)(1D|2) N (2D|1)(1D|2)(1A|2) N (1D|2)(1A|2)(11A|1\/2) N (1A|2)(11A|1\/2)(9D|1) N (11A|1\/2)(9D|1)(0D|1) N (9D|1)(0D|1)(2A|1) N (0D|1)(2A|1)(0D|3\/2) N (2A|1)(0D|3\/2)(2D|1\/3) N (0D|3\/2)(2D|1\/3)(6D|4) N (2D|1\/3)(6D|4)(15A|1\/2) N (6D|4)(15A|1\/2)(11D|1) N (15A|1\/2)(11D|1)(1D|1) N (11D|1)(1D|1)(3A|1) N (1D|1)(3A|1)(0D|1) N (3A|1)(0D|1)(2D|1) N (0D|1)(2D|1)(1D|1) N (2D|1)(1D|1)(0D|3\/4) N (1D|1)(0D|3\/4)(2D|1\/3) N (0D|3\/4)(2D|1\/3)(2D|4) N (2D|1\/3)(2D|4)(4A|1) N (2D|4)(4A|1)(1A|1) N (4A|1)(1A|1)(2A|1) N (1A|1)(2A|1)(0D|1\/2) N (2A|1)(0D|1\/2)(2D|1) N (0D|1\/2)(2D|1)(1D|1) N (2D|1)(1D|1)(3A|1) N (1D|1)(3A|1)(1D|8) N ","lyricist":"","composer":"","corpus_ref":"all:composers:bach:bach:chorals","id":"all:composers:bach:bach:chorals:bwv364:P3-1","title":"Jesus Christus, unser Heiland, der den Tod überwandt","rhythm":"(1)(1\/2)(1) N (1\/2)(1)(2) N (1)(2)(1\/2) N (2)(1\/2)(1) N (1\/2)(1)(2) N (1)(2)(1) N (2)(1)(1\/2) N (1)(1\/2)(1\/2) N (1\/2)(1\/2)(1) N (1\/2)(1)(8) N (1)(8)(-1) N (8)(-1)(1) N (-1)(1)(1\/2) N (1)(1\/2)(1) N (1\/2)(1)(2) N (1)(2)(1\/2) N (2)(1\/2)(1) N (1\/2)(1)(2) N (1)(2)(2) N (2)(2)(-1) N (2)(-1)(1) N (-1)(1)(1) N (1)(1)(1) N (1)(1)(3\/2) N (1)(3\/2)(1\/3) N (3\/2)(1\/3)(4) N (1\/3)(4)(-1) N (4)(-1)(1) N (-1)(1)(1) N (1)(1)(1) N (1)(1)(1) N (1)(1)(1) N (1)(1)(1) N (1)(1)(3\/4) N (1)(3\/4)(1\/3) N (3\/4)(1\/3)(4) N (1\/3)(4)(1) N (4)(1)(1) N (1)(1)(1) N (1)(1)(1\/2) N (1)(1\/2)(1) N (1\/2)(1)(1) N (1)(1)(1) N (1)(1)(8) N "}