{"voice":"P1-1","diatonic":"2A;2A;2A; N 2A;2A;2A; N 2A;2A;2A; N 2A;2A;2A; N 2A;2A;2A; N 2A;2A;2D; N 2A;2D;2A; N 2D;2A;4D; N 2A;4D;2D; N 4D;2D;2D; N 2D;2D;2D; N 2D;2D;2D; N 2D;2D;2D; N 2D;2D;6A; N 2D;6A;2D; N 6A;2D;2A; N 2D;2A;4A; N 2A;4A;2D; N 4A;2D;2A; N 2D;2A;2A; N 2A;2A;2A; N 2A;2A;2D; N 2A;2D;2D; N 2D;2D;2D; N 2D;2D;2D; N 2D;2D;2D; N 2D;2D;2D; N 2D;2D;2D; N 2D;2D;5D; N 2D;5D;4A; N 5D;4A;2D; N 4A;2D;2D; N 2D;2D;2A; N 2D;2A;2A; N 2A;2A;2A; N 2A;2A;2A; N 2A;2A;3A; N 2A;3A;2D; N 3A;2D;2D; N 2D;2D;2A; N 2D;2A;2D; N 2A;2D;2D; N 2D;2D;2D; N 2D;2D;6A; N 2D;6A;2D; N 6A;2D;2D; N 2D;2D;2D; N 2D;2D;2A; N 2D;2A;2A; N 2A;2A;2A; N 2A;2A;2D; N 2A;2D;2A; N ","ref":"all:composers:bach:bach:chorals:bwv97.9","melody":"2A;2A;1A; N 2A;1A;2A; N 1A;2A;2A; N 2A;2A;2A; N 2A;2A;1A; N 2A;1A;1D; N 1A;1D;1A; N 1D;1A;5D; N 1A;5D;2D; N 5D;2D;1D; N 2D;1D;2D; N 1D;2D;2D; N 2D;2D;1D; N 2D;1D;8A; N 1D;8A;1D; N 8A;1D;1A; N 1D;1A;5A; N 1A;5A;1D; N 5A;1D;1A; N 1D;1A;2A; N 1A;2A;2A; N 2A;2A;2D; N 2A;2D;2D; N 2D;2D;1D; N 2D;1D;2D; N 1D;2D;2D; N 2D;2D;2D; N 2D;2D;1D; N 2D;1D;7D; N 1D;7D;5A; N 7D;5A;1D; N 5A;1D;1D; N 1D;1D;2A; N 1D;2A;2A; N 2A;2A;2A; N 2A;2A;1A; N 2A;1A;4A; N 1A;4A;2D; N 4A;2D;2D; N 2D;2D;2A; N 2D;2A;2D; N 2A;2D;2D; N 2D;2D;1D; N 2D;1D;8A; N 1D;8A;1D; N 8A;1D;2D; N 1D;2D;2D; N 2D;2D;2A; N 2D;2A;2A; N 2A;2A;1A; N 2A;1A;1D; N 1A;1D;1A; N ","notes":"(2A|1)(2A|1)(1A|1) N (2A|1)(1A|1)(2A|2) N (1A|1)(2A|2)(2A|1\/2) N (2A|2)(2A|1\/2)(2A|1) N (2A|1\/2)(2A|1)(1A|2) N (2A|1)(1A|2)(0D|1) N (1A|2)(0D|1)(1D|1) N (0D|1)(1D|1)(1A|1) N (1D|1)(1A|1)(5D|1\/2) N (1A|1)(5D|1\/2)(2D|1) N (5D|1\/2)(2D|1)(1D|1) N (2D|1)(1D|1)(2D|1) N (1D|1)(2D|1)(2D|2) N (2D|1)(2D|2)(0D|1\/2) N (2D|2)(0D|1\/2)(1D|1) N (0D|1\/2)(1D|1)(8A|2) N (1D|1)(8A|2)(0D|1) N (8A|2)(0D|1)(1D|1) N (0D|1)(1D|1)(1A|1) N (1D|1)(1A|1)(0D|1) N (1A|1)(0D|1)(0D|1\/2) N (0D|1)(0D|1\/2)(5A|2) N (0D|1\/2)(5A|2)(1D|1\/2) N (5A|2)(1D|1\/2)(1A|1) N (1D|1\/2)(1A|1)(2A|1\/2) N (1A|1)(2A|1\/2)(2A|1) N (2A|1\/2)(2A|1)(2D|2) N (2A|1)(2D|2)(2D|1) N (2D|2)(2D|1)(1D|6) N (2D|1)(1D|6)(0D|1\/3) N (1D|6)(0D|1\/3)(2D|1) N (0D|1\/3)(2D|1)(2D|1\/2) N (2D|1)(2D|1\/2)(2D|1) N (2D|1\/2)(2D|1)(1D|4) N (2D|1)(1D|4)(0D|1\/4) N (1D|4)(0D|1\/4)(7D|1) N (0D|1\/4)(7D|1)(5A|2) N (7D|1)(5A|2)(0D|1\/2) N (5A|2)(0D|1\/2)(1D|1) N (0D|1\/2)(1D|1)(1D|2) N (1D|1)(1D|2)(2A|1) N (1D|2)(2A|1)(2A|1\/2) N (2A|1)(2A|1\/2)(2A|1) N (2A|1\/2)(2A|1)(1A|3) N (2A|1)(1A|3)(4A|1\/3) N (1A|3)(4A|1\/3)(2D|1) N (4A|1\/3)(2D|1)(2D|1) N (2D|1)(2D|1)(2A|2) N (2D|1)(2A|2)(2D|1) N (2A|2)(2D|1)(0D|1\/2) N (2D|1)(0D|1\/2)(2D|1) N (0D|1\/2)(2D|1)(1D|1) N (2D|1)(1D|1)(8A|1) N (1D|1)(8A|1)(1D|1) N (8A|1)(1D|1)(2D|1) N (1D|1)(2D|1)(2D|2) N (2D|1)(2D|2)(2A|1\/2) N (2D|2)(2A|1\/2)(2A|1) N (2A|1\/2)(2A|1)(1A|3) N (2A|1)(1A|3)(1D|1\/3) N (1A|3)(1D|1\/3)(1A|2) N ","lyricist":"","composer":"","corpus_ref":"all:composers:bach:bach:chorals","id":"all:composers:bach:bach:chorals:bwv97.9:P1-1","title":"O Welt, ich muß dich lassen","rhythm":"(1)(1)(1) N (1)(1)(2) N (1)(2)(1\/2) N (2)(1\/2)(1) N (1\/2)(1)(2) N (1)(2)(1) N (2)(1)(1) N (1)(1)(1) N (1)(1)(1\/2) N (1)(1\/2)(1) N (1\/2)(1)(1) N (1)(1)(1) N (1)(1)(2) N (1)(2)(1\/2) N (2)(1\/2)(1) N (1\/2)(1)(2) N (1)(2)(1) N (2)(1)(1) N (1)(1)(1) N (1)(1)(1) N (1)(1)(1\/2) N (1)(1\/2)(2) N (1\/2)(2)(1\/2) N (2)(1\/2)(1) N (1\/2)(1)(1\/2) N (1)(1\/2)(1) N (1\/2)(1)(2) N (1)(2)(1) N (2)(1)(6) N (1)(6)(1\/3) N (6)(1\/3)(1) N (1\/3)(1)(1\/2) N (1)(1\/2)(1) N (1\/2)(1)(4) N (1)(4)(1\/4) N (4)(1\/4)(1) N (1\/4)(1)(2) N (1)(2)(1\/2) N (2)(1\/2)(1) N (1\/2)(1)(2) N (1)(2)(1) N (2)(1)(1\/2) N (1)(1\/2)(1) N (1\/2)(1)(3) N (1)(3)(1\/3) N (3)(1\/3)(1) N (1\/3)(1)(1) N (1)(1)(2) N (1)(2)(1) N (2)(1)(1\/2) N (1)(1\/2)(1) N (1\/2)(1)(1) N (1)(1)(1) N (1)(1)(1) N (1)(1)(1) N (1)(1)(2) N (1)(2)(1\/2) N (2)(1\/2)(1) N (1\/2)(1)(3) N (1)(3)(1\/3) N (3)(1\/3)(2) N "}