{"voice":"P3-1","melody":"ccmc cmcc mccb cbc bcc ccc ccb cbmb bmbb mbbmb bmbmc mbmcmb mcmbb mbbc bcmc cmcmc mcmcmc mcmcmb mcmbf mbfmc fmcmc mcmcmb mcmbme mbmec mecc ccmc cmcc mccb cbc bcc ccc ccb cbmb bmbb mbbmb bmbmc mbmcmb mcmbb mbbc bcmc cmcmc mcmcmc mcmcmb mcmbf mbfmc fmcmc mcmcmb mcmbd mbdmc dmcmb mcmbf mbfmc fmcf mcfmc fmcmb mcmbmc mbmcmc mcmcb mcbmc ","ref":"composers:bach:chorals:bwv366","lyricist":"","composer":"","corpus_ref":"all:chorals","id":"composers:bach:chorals:bwv366:P3-1","title":"Ihr Gestirn, ihr hohen Lüfte"}