{"voice":"P4-1","melody":"ccb cbc bcmc cmcmb mcmbmc mbmcc mccmc cmcc mccb cbmb bmbmc mbmcmc mcmcc mccmc cmcc mccc ccb cbc bcmc cmcmb mcmbmc mbmcc mccmc cmcc mccb cbmb bmbmc mbmcmc mcmcc mccmc cmcc mccc ccb cbmb bmbmc mbmcmb mcmbb mbbc bcb cbc bcmc cmcmb mcmbmc mbmcc mccmc cmcc mccb cbmb bmbmc mbmcmc mcmcc mccmc ","ref":"composers:bach:chorals:bwv112.5-sc","lyricist":"","composer":"","corpus_ref":"all:chorals","id":"composers:bach:chorals:bwv112.5-sc:P4-1","title":"Allein Gott in der Höh sei Ehr"}