{"voice":"P4-1","melody":"hfmb fmbmc mbmcmc mcmcmf mcmff mffmd fmdmc mdmcmc mcmcmb mcmbb mbbmf bmff mffh fhf hfmb fmbmc mbmcmc mcmcmf mcmff mffmd fmdmc mdmcmc mcmcmb mcmbb mbbmf bmff mffbc fbcmd bcmdmf mdmfb mfbme bmeb mebmf bmfh mfhme hmef mefc fcc ccc ccb cbmf bmff mffmbc fmbcc mbccc ccb cbb bbb bbb bbb bbmc bmcmh mcmhc mhcc ccb cbc bcmc cmcmb mcmbme mbmemf memff ","ref":"composers:bach:chorals:bwv25.6","lyricist":"","composer":"","corpus_ref":"all:chorals","id":"composers:bach:chorals:bwv25.6:P4-1","title":"Wie nach einer Wasserquelle"}