{"voice":"P6-1","melody":"mbbmh bmhc mhcc ccme cmeh mehmb hmbb mbbmf bmfmc mfmcmb mcmbf mbfme fmemb membb mbbc bcmh cmhbc mhbcmb bcmbb mbbmh bmhc mhcc ccme cmeh mehmb hmbb mbbmf bmfmc mfmcmb mcmbf mbfme fmemb membb mbbc bcmh cmhh mhhc hcc ccmc cmcc mccme cmemh memhc mhcc ccb cbc bcf cfmb fmbf mbfme fmemd memdf mdfmbc fmbcf mbcff ffmh fmhh mhhmc hmcmb mcmbb mbbmd bmdc mdcmh cmhc mhcme cmeh mehe heb ebmh bmhc mhcmbc cmbcf ","ref":"composers:bach:chorals:bwv252","lyricist":"","composer":"","corpus_ref":"all:chorals","id":"composers:bach:chorals:bwv252:P6-1","title":"Nun danket alle Gott"}