{"voice":"P4-1","melody":"mcmcmb mcmbmc mbmcmc mcmcmh mcmhc mhcf cfme fmeb mebc bcb cbc bcc ccmbc cmbcf mbcfbc fbcmc bcmcmc mcmcmb mcmbmc mbmcmc mcmcmh mcmhc mhcf cfme fmeb mebc bcb cbc bcc ccmbc cmbcf mbcff ffc fcb cbmb bmbmc mbmcmc mcmcf mcfme fmeb mebmbc bmbch mbchmd hmdb mdbbc bbcmb bcmbmc mbmcmc mcmcmc mcmcc mccmh cmhf mhfc fcc ccb cbc bcmbc cmbcf ","ref":"composers:bach:chorals:bwv244.54","lyricist":"","composer":"","corpus_ref":"all:chorals","id":"composers:bach:chorals:bwv244.54:P4-1","title":"Herzlich tut mich verlangen"}