{"voice":"P5-1","melody":"mbbmb bmbb mbbmb bmbb mbbmb bmbb mbbc bcmc cmcmb mcmbme mbmef mefmb fmbb mbbmb bmbmc mbmcmc mcmcmb mcmbme mbmef mefc fcc ccb cbc bcc ccmc cmcmc mcmcmb mcmbmc mbmcmb mcmbb mbbc bcc ccb cbmc bmcmb mcmbmc mbmcmc mcmcc mccc ccb cbmb bmbmc mbmcmc mcmcmc mcmcc mccc ccmc cmcc mccc ccb cbmb bmbmc mbmcmc mcmcmb mcmbme mbmef mefc fcc ccb cbc bcc ccmc cmcmc mcmcmb mcmbmc mbmcmc mcmce mceb ebmf bmfmc mfmcmb mcmbb mbbmb bmbe mbeb ebc bcb cbmb bmbme ","ref":"composers:bach:chorals:bwv175.7","lyricist":"","composer":"","corpus_ref":"all:chorals","id":"composers:bach:chorals:bwv175.7:P5-1","title":"Komm, heiliger Geist, Herre Gott"}