{"voice":"P4-1","melody":"mbmcmb mcmbb mbbc bcb cbc bcc ccb cbmb bmbmf mbmfme mfmef mefmd fmdc mdcb cbmh bmhc mhcmh cmhbc mhbcmb bcmbmc mbmcmb mcmbb mbbc bcb cbc bcc ccb cbmb bmbmf mbmfme mfmef mefmd fmdc mdcb cbmh bmhc mhcmh cmhbc mhbcmbc bcmbcbc mbcbcmb bcmbb mbbf bfmd fmdmd mdmdf mdfmh fmhk mhkmc kmcmb mcmbmc mbmcmc mcmcmb mcmbb mbbe beb ebmd bmdf mdfmh ","ref":"composers:bach:chorals:bwv365","lyricist":"","composer":"","corpus_ref":"all:chorals","id":"composers:bach:chorals:bwv365:P4-1","title":"Jesus, meine Zuversicht"}