{"voice":"P3-1","melody":"mbmch mchc hcc ccb cbmj bmjc mjcc ccb cbc bcmf cmfc mfcmh cmhmf mhmfbc mfbcme bcmemb membmc mbmch mchc hcc ccb cbmj bmjc mjcc ccb cbc bcmf cmfc mfcmh cmhmf mhmfbc mfbcmj bcmjc mjcc ccb cbc bcc ccmc cmcmc mcmcc mccmc cmcmb mcmbmc mbmcmc mcmcf mcfmb fmbmc mbmcmc mcmcc mccmc cmcc mccc ccb cbmb bmbf mbfmc fmcc mccb cbmb bmbmc mbmcmb ","ref":"composers:bach:chorals:bwv48.7","lyricist":"","composer":"","corpus_ref":"all:chorals","id":"composers:bach:chorals:bwv48.7:P3-1","title":"Wenn mein Stündlein vorhanden ist 2"}