{"voice":"P4-1","melody":"fcmh cmhc mhcc ccb cbc bcc ccb cbc bcmbc cmbcf mbcfmf fmfc mfcme cmec mecmh cmhh mhhf hfc fcmh cmhc mhcc ccb cbc bcc ccb cbc bcmbc cmbcf mbcfmf fmfc mfcme cmec mecmh cmhbc mhbcmb bcmbmc mbmcmc mcmch mchc hcb cbmb bmbmc mbmcmc mcmcmh mcmhc mhcf cfc fcc ccmc cmcmc mcmcmb mcmbmc mbmcc mccb cbc bcmd cmdmc mdmcmc mcmcc mccc ccb cbc bcmh cmhf mhfc fcc ccb cbmb bmbmc mbmcc mccb cbmb ","ref":"composers:bach:chorals:bwv31.9","lyricist":"","composer":"","corpus_ref":"all:chorals","id":"composers:bach:chorals:bwv31.9:P4-1","title":"Wenn mein Stündlein vorhanden ist 1"}