{"voice":"P2-1","melody":"mccb cbmd bmdc mdcme cmec mecmh cmhf mhfh fhmc hmcc mccmbc cmbcf mbcff ffmb fmbb mbbmk bmkmd mkmdi mdimf imfmd mfmdi mdif ifmb fmbb mbbmbd bmbdd mbddh dhmc hmce mcemc emcc mccb cbmd bmdc mdcme cmec mecmh cmhf mhfh fhmc hmcc mccmbc cmbcf mbcff ffmb fmbb mbbmk bmkmd mkmdi mdimf imfmd mfmdi mdif ifmb fmbb mbbmbd bmbdd mbddh dhmc hmcmb mcmbb mbbe bemc emcmc mcmcc mccmh cmhmd mhmdme mdmebg mebgmc bgmcc mccb cbmd bmdc mdcme cmec mecmh cmhf mhfh fhmc hmcc mccmbc cmbcf mbcff ffmb fmbb mbbmk bmkmd ","ref":"composers:bach:chorals:bwv248.42-4","lyricist":"","composer":"","corpus_ref":"all:chorals","id":"composers:bach:chorals:bwv248.42-4:P2-1","title":"score.xml"}