{"voice":"P4-1","melody":"mcmcmb mcmbb mbbc bcmc cmcmb mcmbme mbmeh mehmh hmhmd mhmdf mdfc fcb cbmb bmbb mbbmd bmdmf mdmfd mfdc dcmd cmdf mdfmh fmhbc mhbcmc bcmcmc mcmcmb mcmbb mbbc bcmc cmcmb mcmbme mbmeh mehmh hmhmd mhmdf mdfc fcb cbmb bmbb mbbmd bmdmf mdmfd mfdc dcmd cmdf mdfmh fmhbb mhbbb bbbc bcb cbmf bmfc mfcc ccb cbmd bmdmf mdmff mffmf fmfb mfbc bcb cbb bbmj bmjc mjcc ccb cbmb bmbmh mbmhh mhhb hbmj bmjb mjbd bdc dcmd cmdf mdfmh ","ref":"composers:bach:chorals:bwv333","lyricist":"","composer":"","corpus_ref":"all:chorals","id":"composers:bach:chorals:bwv333:P4-1","title":"Herr Jesu Christ, du hast bereit"}