{"voice":"P8-1","melody":"mbcbcmbc bcmbcf mbcfe fed ede demd emdme mdmef mefmd fmdb mdbmbc bmbcmb mbcmbb mbbh bhf hfmf fmfmbc mfmbcf mbcfe feb ebmd bmdf mdfmd fmdf mdfme fmec mecmbc cmbcf mbcfbc fbcmbc bcmbcf mbcfe fed ede demd emdme mdmef mefmd fmdb mdbmbc bmbcmb mbcmbb mbbh bhf hfmf fmfmbc mfmbcf mbcfe feb ebmd bmdf mdfmd fmdf mdfme fmec mecmbc cmbcf mbcfmd fmdmc mdmcbc mcbcmbc bcmbcbc mbcbcmh bcmhe mhed ede demd emdme mdmef mefmd fmdf mdfme fmeh mehmd hmdb mdbmf bmfh mfhmbc hmbcf mbcfe fed edmd dmdb mdbmbc bmbch mbchmbc hmbcbc mbcbcmc bcmcmb mcmbme mbmef mefc fcc ccd cdf dfmi fmib mibmd bmdf mdfmd fmdf mdfme fmec mecmbc cmbcf mbcfmf fmfh mfhf hfmf fmfmbc mfmbcf mbcfbc fbcmbc bcmbcbc mbcbcmh bcmhe mhed edmi dmib mibmd bmdf mdfmd fmdf mdfme fmec mecmbc cmbcf ","ref":"composers:bach:chorals:bwv79.3","lyricist":"","composer":"","corpus_ref":"all:chorals","id":"composers:bach:chorals:bwv79.3:P8-1","title":"Nun danket alle Gott"}