{"voice":"P4-1","melody":"mfmdd mddmh dmhc mhcf cfh fhmd hmdme mdmef mefmh fmhc mhcmh cmhbc mhbcmb bcmbmc mbmcmc mcmcmc mcmcmb mcmbmc mbmcc mccf cfmc fmcf mcfmb fmbmc mbmcc mccb cbmd bmdmf mdmfb mfbc bcmh cmhh mhhc hcc ccmc cmcmc mcmcf mcfc fcmh cmhd mhdc dcmh cmhmb mhmbmc mbmcmc mcmch mchf hfmb fmbmc mbmcmc mcmcmb mcmbb mbbmh ","ref":"composers:bach:chorals:bwv245.28","lyricist":"","composer":"","corpus_ref":"all:chorals","id":"composers:bach:chorals:bwv245.28:P4-1","title":"Jesu Kreuz, Leiden und Pein"}