{"voice":"P3-1","melody":"bcmf cmff mffmc fmcmb mcmbd mbdmb dmbf mbfmh fmhf mhfmc fmcmb mcmbb mbbmb bmbmc mbmcc mccme cmec mecb cbmb bmbmc mbmcmc mcmcc mccc ccd cdc dcc ccb cbmb bmbb mbbmd bmdmc mdmcmc mcmce mcemc emcmc mcmcmb mcmbd mbdmc dmcmb mcmbmc mbmch mchmc hmcc mccmc cmcmb mcmbmc mbmcc mccme cmec mecb cbmb bmbmc mbmcmc mcmce mcef efme fmemd memdf mdfmc fmcmb ","ref":"composers:bach:chorals:bwv325","lyricist":"","composer":"","corpus_ref":"all:chorals","id":"composers:bach:chorals:bwv325:voice_P3-1","title":"Heilig, heilig, heilig"}