{"voice":"P1-1","melody":"cmcf mcfc fcmc cmcmb mcmbmc mbmcmc mcmcc mccc ccb cbmf bmfmc mfmcmb mcmbb mbbmb bmbmc mbmcmc mcmch mchc hcmc cmcf mcfc fcmc cmcmb mcmbmc mbmcmc mcmcc mccc ccb cbmf bmfmc mfmcmb mcmbb mbbmb bmbmc mbmcmc mcmch mchc hcmc cmcmb mcmbb mbbc bcmc cmcc mccc ccb cbmb bmbmc mbmcmc mcmce mceb ebc bcmf cmfmc mfmcmd mcmdmc mdmcc mccc ccb cbmc bmcmb mcmbc mbcb cbmf bmfc mfcb cbmb bmbmc mbmcc mccmc cmcmc mcmch mchc hcmc cmcmb mcmbb mbbc bcmc ","ref":"composers:bach:chorals:bwv322","lyricist":"","composer":"","corpus_ref":"all:chorals","id":"composers:bach:chorals:bwv322:P1-1","title":"Gott sei gelobet und gebenedeiet"}