{"voice":"P4-1","melody":"mbbmd bmdh mdhme hmec mecmh cmhf mhff ffmb fmbmc mbmcc mccc ccb cbmf bmfmbc mfmbcf mbcff ffmh fmhc mhcc ccc ccb cbmf bmff mffmb fmbb mbbmd bmdh mdhme hmec mecmh cmhf mhff ffmb fmbmc mbmcc mccc ccb cbmf bmfmbc mfmbcf mbcff ffmh fmhc mhcc ccc ccb cbmf bmff mffmb fmbb mbbmf bmfc mfcf cfc fcb cbmb bmbmc mbmcmc mcmcmb mcmbb mbbmf bmfbc mfbcmc bcmcmb mcmbmc mbmcmf mcmfmc mfmcmc mcmcc mccf cfmd fmdc mdcc ccc ccb cbmh bmhc mhcb cbmg bmgb mgbf ","ref":"composers:bach:chorals:bwv436","lyricist":"","composer":"","corpus_ref":"all:chorals","id":"composers:bach:chorals:bwv436:P4-1","title":"Wie schön leuchtet der Morgenstern"}