{"voice":"P1-1","melody":"ccmc cmcmc mcmcmb mcmbmc mbmcmc mcmcf mcfc fcc ccb cbmb bmbmc mbmcmc mcmcc mccc ccmc cmcmc mcmcmb mcmbmc mbmcmc mcmcf mcfc fcc ccb cbmb bmbmc mbmcmc mcmce mceb ebc bcmc cmcmb mcmbmc mbmcc mccd cdc dcmc cmcmc mcmcmb mcmbmc mbmcc mccd cdmc dmcmb mcmbmc mbmcmc mcmcc mccc ccme cmee meeb ebc bcmc cmcmb mcmbmc mbmcc mccmc cmcmc ","ref":"composers:bach:chorals:bwv32.6","lyricist":"","composer":"","corpus_ref":"all:chorals","id":"composers:bach:chorals:bwv32.6:P1-1","title":"Wie nach einer Wasserquelle"}