{"voice":"P5-1","melody":"ccmc cmcmc mcmcmb mcmbmc mbmcmc mcmcf mcfc fcc ccb cbmb bmbmc mbmcmc mcmcc mccc ccmc cmcmc mcmcmb mcmbmc mbmcmc mcmcf mcfc fcc ccb cbmb bmbmc mbmcmc mcmce mceb ebc bcmc cmcmb mcmbmc mbmcc mccd cdc dcmc cmcmc mcmcmb mcmbmc mbmcc mccd cdmc dmcmb mcmbme mbmec mecc ccme cmee meed edmc dmcmb mcmbmc mbmcc mccmc cmcmc ","ref":"composers:bach:chorals:bwv19.7","lyricist":"","composer":"","corpus_ref":"all:chorals","id":"composers:bach:chorals:bwv19.7:P5-1","title":"Wie nach einer Wasserquelle"}