{"voice":"P3-1","melody":"bmbmc mbmch mchb hbmd bmdmd mdmdf mdfmc fmcmc mcmcc mccc ccb cbmb bmbmc mbmcmc mcmcmc mcmcmb mcmbc mbcmc cmcmb mcmbd mbdb dbmb bmbmc mbmch mchb hbmd bmdmd mdmdf mdfmc fmcmc mcmcc mccc ccb cbmb bmbmc mbmcmc mcmcmc mcmcmb mcmbc mbcmc cmcmb mcmbmb mbmbf mbfmd fmdc mdcb cbmf bmfmc mfmcmb mcmbd mbdf dfc fcmc cmcc mccc ccmf cmff mffmc fmcmc mcmce mcemc emcmc mcmcmc mcmcmb mcmbd mbdmb dmbmc mbmcmc mcmce mceb ebmb bmbme mbmemc memcmb mcmbmc mbmcf mcff ffmb fmbb mbbmb bmbmc mbmcf mcfmh fmhf mhfmb fmbmc mbmcc mccmc cmcmb mcmbmb mbmbc mbcf cfmd fmdb mdbmf bmff mffmc fmcmb mcmbmc mbmcmc mcmcc mccj cjmh jmhf mhfmc fmcmb mcmbf mbfmc fmcc mccb cbmb bmbmc mbmcmc mcmcmb mcmbc mbcb cbmf bmfmc mfmcmc mcmcmb mcmbb mbbmb bmbf mbfc fcmc cmcmb ","ref":"composers:bach:chorals:bwv383","lyricist":"","composer":"","corpus_ref":"all:chorals","id":"composers:bach:chorals:bwv383:P3-1","title":"Mitten wir im Leben sind"}