{"voice":"P3-1","melody":"bbc bcb cbmb bmbmc mbmcmc mcmce mcemc emcf mcfc fcmc cmcmc mcmcmb mcmbb mbbmg bmgmc mgmcd mcdf dfmb fmbmc mbmcmc mcmcb mcbb bbc bcmd cmdb mdbf bfmc fmce mceb ebmb bmbmc mbmcmc mcmcmb mcmbmc mbmcc mccb cbmb bmbmc mbmcmc mcmce mcemb embb mbbmf bmfc mfcb cbmh bmhbc mhbcmc bcmcmb mcmbb mbbe bemc emce mcemc emcmf mcmfmh mfmhh ","ref":"composers:bach:chorals:bwv40.8","lyricist":"","composer":"","corpus_ref":"all:chorals","id":"composers:bach:chorals:bwv40.8:P3-1","title":"Freuet euch, ihr Christen alle"}