{"voice":"P3-1","melody":"mbbc bcmc cmce mceb ebmb bmbmc mbmcmc mcmcmb mcmbb mbbc bcmc cmce mceb ebmb bmbmc mbmcmc mcmce mcemc emcmc mcmcc mccc ccmc cmcmc mcmcmb mcmbme mbmef mefmb fmbb mbbc bcmc cmce mced edmc dmcmd mcmdc mdcme cmemb membmc mbmcc mccb cbe bemc emcmc mcmcmb mcmbb mbbmb bmbb mbbmb bmbme mbmec mecmb cmbb mbbc bcb cbmb bmbmc mbmcmb mcmbb mbbd bdmb dmbd mbdmb ","ref":"composers:bach:chorals:bwv372","lyricist":"","composer":"","corpus_ref":"all:chorals","id":"composers:bach:chorals:bwv372:P3-1","title":"Herr, dein Ohren zu mir neige"}