{"voice":"P7-1","melody":"mfbmb bmbmc mbmch mchmc hmcmc mcmcmd mcmdc mdcme cmee meeb ebmb bmbme mbmej mejmf jmfb mfbmb bmbmc mbmch mchmc hmcmc mcmcmd mcmdc mdcme cmee meeb ebmb bmbme mbmef mefmf fmff mffmb fmbme mbmej mejme jmec mecc ccme cmemb membb mbbmb bmbb mbbmb bmbb mbbmc bmcmb mcmbd mbde demc emcmc mcmcmd mcmdmc mdmch mchd hdmb dmbb mbbmb ","ref":"composers:bach:chorals:bwv19.7","lyricist":"","composer":"","corpus_ref":"all:chorals","id":"composers:bach:chorals:bwv19.7:P7-1","title":"Wie nach einer Wasserquelle"}