{"voice":"P3-1","melody":"ccmc cmcmc mcmcmb mcmbb mbbe bemc emcc mccb cbmb bmbb mbbmb bmbmc mbmcmc mcmcb mcbb bbd bdmb dmbb mbbmd bmdmd mdmdf mdfmc fmcmc mcmcc mccc ccmc cmcmc mcmcmb mcmbb mbbe bemc emcc mccb cbmb bmbb mbbmb bmbmc mbmcmc mcmcb mcbb bbd bdmb dmbb mbbmd bmdmd mdmdf mdfmc fmcmc mcmce mcemc emcmc mcmcmb mcmbb mbbc bcc ccmc cmcmc mcmce mceb ebmb bmbmc mbmcmd mcmdf mdfmc fmcmc mcmcmb mcmbmc mbmcc mccmc cmcmb mcmbmc mbmcc mccme ","ref":"composers:bach:chorals:bwv333","lyricist":"","composer":"","corpus_ref":"all:chorals","id":"composers:bach:chorals:bwv333:voice_P3-1","title":"Herr Jesu Christ, du hast bereit"}