{"voice":"P3-1","melody":"bmbmc mbmcc mccmc cmcmc mcmcmb mcmbmc mbmcc mccb cbc bcmc cmcmc mcmcmb mcmbc mbcc ccb cbmc bmcmb mcmbb mbbe beb ebmb bmbmc mbmcc mccmc cmcmc mcmcmb mcmbmc mbmcc mccb cbc bcmc cmcmc mcmcmb mcmbc mbcc ccb cbmc bmcmb mcmbb mbbf bfmb fmbmc mbmcc mccb cbc bcc ccmc cmcmc mcmcmb mcmbme mbmemb membmc mbmcf mcfc fcb cbmb bmbmc mbmcmc mcmcc mccc ccmc cmcmc mcmcmb mcmbb mbbmc bmcmb mcmbd mbdf dfe femh emhmb mhmbb mbbmc bmcmb mcmbmc mbmch mchb hbmb bmbmc mbmcmb ","ref":"composers:bach:chorals:bwv177.5","lyricist":"","composer":"","corpus_ref":"all:chorals","id":"composers:bach:chorals:bwv177.5:P3-1","title":"Ich ruf zu dir, Herr Jesu Christ"}