{"voice":"P3-1","melody":"mcmcmb mcmbmc mbmcf mcfmc fmcmb mcmbi mbimb imbmc mbmcmc mcmcmc mcmcmb mcmbf mbfmc fmcmc mcmcmb mcmbmc mbmcf mcfmc fmcmb mcmbi mbimb imbmc mbmcmc mcmcmc mcmcmb mcmbb mbbc bcc ccb cbc bcmc cmcc mccc ccmh cmhmb mhmbb mbbc bcb cbmg bmgb mgbmb bmbmc mbmcmc mcmcbc mcbcmc bcmcmb mcmbb mbbc bcc ccc ccmc cmcmc mcmcmc mcmcmb mcmbmc mbmcc mccb cbc bcmc cmcmb mcmbf mbfmh fmhf mhfmc fmcmb ","ref":"composers:bach:chorals:bwv347","lyricist":"","composer":"","corpus_ref":"all:chorals","id":"composers:bach:chorals:bwv347:P3-1","title":"Ich dank dir, lieber Herre"}