{"voice":"P3-1","melody":"cdf dfmb fmbb mbbc bcc ccmc cmcmf mcmfc mfcmc cmcmc mcmcmb mcmbb mbbc bcmh cmhf mhfmb fmbme mbmec mecd cdf dfmb fmbb mbbc bcc ccmc cmcmf mcmfc mfcmc cmcmc mcmcmb mcmbb mbbc bcmh cmhf mhfmb fmbme mbmeh mehmc hmcmb mcmbmc mbmcc mccb cbmb bmbb mbbmb bmbb mbbc bcmc cmcmb mcmbmc mbmcc mccb cbe bemc emcmc mcmcmb mcmbme mbmef mefmb fmbme ","ref":"composers:bach:chorals:bwv1.6","lyricist":"","composer":"","corpus_ref":"all:chorals","id":"composers:bach:chorals:bwv1.6:P3-1","title":"bwv1.6"}