{"voice":"P1-1","melody":"hmcc mccme cmemb membmc mbmcc mccb cbmb bmbb mbbc bcc ccmc cmcmc mcmcmb mcmbb mbbmb bmbmc mbmcf mcfmc fmcmb mcmbb mbbmd bmdmc mdmcf mcfmb fmbb mbbc bcc ccmc cmcmc mcmcmb mcmbmc mbmcc mccb cbmb bmbb mbbc bcc ccmc cmcmc mcmcmb mcmbf mbfmc fmcmc mcmcmb mcmbb mbbmb bmbmd mbmdb mdbc bcmc ","ref":"composers:bach:chorals:bwv74.8","lyricist":"","composer":"","corpus_ref":"all:chorals","id":"composers:bach:chorals:bwv74.8:voice_P1-1","title":"Kommt her zu mir, spricht Gottes Söhn"}