{"voice":"P1-1","melody":"mfcc ccb cbmb bmbmc mbmcmc mcmcf mcfmb fmbmc mbmcmc mcmcc mccmc cmcmc mcmcmb mcmbmc mbmcmc mcmcbc mcbcmf bcmfc mfcc ccb cbmb bmbmc mbmcmc mcmcf mcfmb fmbmc mbmcmc mcmcc mccmc cmcmc mcmcmb mcmbmc mbmcmc mcmch mchc hcmc cmcmb mcmbb mbbmh bmhh mhhc hcc ccb cbmb bmbb mbbmb bmbmc mbmcmc mcmcc mccmc cmcc mccmc cmcmc mcmcmb mcmbi mbimb imbmc mbmcmc mcmcc mccmc cmcmc mcmcmb mcmbmc mbmcmc ","ref":"composers:bach:chorals:bwv303","lyricist":"","composer":"","corpus_ref":"all:chorals","id":"composers:bach:chorals:bwv303:P1-1","title":"Ein feste Burg ist unser Gott"}