{"voice":"P3-1","melody":"mbbc bcmc cmcmb mcmbmc mbmcd mcdmb dmbmc mbmcc mccf cfme fmef mefmb fmbmc mbmcmd mcmdmc mdmcc mccb cbc bcc ccb cbmg bmgd mgdmc dmcmb mcmbb mbbc bcmc cmcmb mcmbmc mbmcd mcdmb dmbmc mbmcc mccf cfme fmef mefmb fmbmc mbmcmd mcmdmc mdmcc mccb cbc bcc ccb cbmg bmgd mgdmc dmcmb mcmbf mbfb fbmg bmgf mgfmh fmhh mhhmc hmcmc mcmcc mccc ccmh cmhf mhfc fcmf cmfb mfbmb bmbmc mbmch mchmc hmcmf mcmfh mfhmh hmhf mhfc fcb cbmd bmdc mdcmc cmcmb ","ref":"composers:bach:chorals:bwv183.5","lyricist":"","composer":"","corpus_ref":"all:chorals","id":"composers:bach:chorals:bwv183.5:P3-1","title":"Helft mir Gotts Güte preisen"}