{"voice":"P15-1","melody":"bcmcmb mcmbmc mbmcmc mcmcmh mcmhmb mhmbmb mbmbb mbbmd bmdb mdbmh bmht mhtmb tmbme mbmef mefmd fmdf mdfmh fmhmc mhmch mchmbc hmbcf mbcfbc fbcmc bcmcmb mcmbmc mbmcmc mcmcmh mcmhmb mhmbmb mbmbb mbbmd bmdb mdbmh bmht mhtmb tmbme mbmef mefmd fmdf mdfmh fmhmc mhmch mchmbc hmbcf mbcfmf fmfbc mfbcmc bcmcmb mcmbd mbdmh dmhmf mhmfbc mfbcmc bcmcmb mcmbd mbdmh dmhbc mhbcmc bcmcmb mcmbmc mbmcc mccc ccb cbmbb bmbbb mbbbf bfc fcmbc cmbcf mbcfmc fmcbc mcbcmc bcmcmb mcmbmc mbmcc mccc ccb cbmbb bmbbb mbbbf bfc fcmbc cmbcf mbcfg fgb gbmc bmcmc mcmcmb mcmbmc mbmcmc mcmcmb mcmbmc mbmcmb mcmbb mbbmd bmdb mdbf ","ref":"composers:bach:chorals:bwv190.7-inst","lyricist":"","composer":"","corpus_ref":"all:chorals","id":"composers:bach:chorals:bwv190.7-inst:P15-1","title":"Jesu, nun sei gepreiset"}