{"voice":"P4-1","melody":"cbmd bmdc mdcb cbmb bmbmc mbmcmb mcmbb mbbf bfc fcmh cmhh mhhb hbmg bmgme mgmef meff ffmb fmbmc mbmcb mcbb bbmh bmhc mhcb cbc bcc ccb cbb bbc bcb cbmf bmfb mfbmg bmgme mgmef mefmd fmdc mdcb cbc bcc ccb cbmb bmbmc mbmcmc mcmcc mccmc cmcmb mcmbmc mbmcc mccmc cmcmb mcmbb mbbc bcb cbmd bmdh mdhmh hmhh mhhb hbmg bmgb mgbc bcc ccb cbmf bmfc mfcc ccb cbmd bmdh mdhmbc hmbcc mbccb cbc bcc ccmc cmcmc mcmcmb mcmbmc mbmcmb mcmbb mbbf bfc fcmh ","ref":"composers:bach:chorals:bwv350","lyricist":"","composer":"","corpus_ref":"all:chorals","id":"composers:bach:chorals:bwv350:P4-1","title":"Mein Hüter und mein Hirt ist Gott der Herre"}