{"voice":"P3-1","melody":"bcc ccmh cmhf mhfc fcmc cmcc mccmc cmcmc mcmcmb mcmbf mbfmc fmcmc mcmcmb mcmbb mbbc bcc ccmh cmhf mhfc fcmc cmcc mccmc cmcmc mcmcmb mcmbf mbfmc fmcmc mcmcmb mcmbmc mbmcmc mcmcb mcbb bbf bfmc fmcmd mcmdf mdfmc fmcmb mcmbb mbbc bcc ccmbc cmbcc mbccb cbc bcc ccb cbc bcmh cmhmb mhmbb mbbmb bmbmc mbmcc mccb cbmb bmbf ","ref":"composers:bach:chorals:bwv112.5","lyricist":"","composer":"","corpus_ref":"all:chorals","id":"composers:bach:chorals:bwv112.5:P3-1","title":"score.xml"}