{"voice":"P4-1","melody":"mdmcf mcfc fcc ccme cmec mecmbc cmbcf mbcff ffmh fmhmf mhmfh mfhc hcmc cmcmh mcmhbc mhbcmd bcmdmc mdmcf mcfc fcc ccme cmec mecmbc cmbcf mbcff ffmh fmhmf mhmfh mfhc hcmc cmcmh mcmhh mhhmd hmdmc mdmcd mcde demh emhh mhhf hfc fcb cbmd bmdc mdcmh cmhmc mhmcf mcfmh fmhmf mhmfh mfhmd hmdb mdbc bcc ccd cdmf dmfmh ","ref":"composers:bach:chorals:bwv43.11","lyricist":"","composer":"","corpus_ref":"all:chorals","id":"composers:bach:chorals:bwv43.11:voice_P4-1","title":"Ermuntre dich, mein schwacher Geist"}