{"voice":"P2-1","melody":"ccmc cmcmc mcmcc mccmd cmdb mdbmd bmdmc mdmch mchmc hmcmb mcmbmc mbmch mchmc hmcmc mcmce mcemb embb mbbmc bmcmd mcmdb mdbmb bmbme mbmej mejmc jmcmc mcmcc mccc ccb cbmb bmbmc mbmcmc mcmcc mccmd cmdb mdbmb bmbc mbcb cbmd bmdf mdfmc fmcmd mcmdb mdbe bemb embb mbbmc bmcc mccb cbmb bmbb mbbmb bmbmc mbmcmc mcmcf mcfmb fmbmc mbmcmd mcmdb mdbc bcc ","ref":"composers:bach:chorals:bwv85.6","lyricist":"","composer":"","corpus_ref":"all:chorals","id":"composers:bach:chorals:bwv85.6:P2-1","title":"Ist Gott mein Schild und Helfersmann"}