{"voice":"P3-1","melody":"bmbmc mbmcmc mcmch mchmh hmhc mhcmc cmcf mcfmb fmbmc mbmcmc mcmcmb mcmbb mbbmh bmhc mhcbc cbcmc bcmcmb mcmbmc mbmcmc mcmcc mccc ccmc cmcmc mcmcc mccf cfmf fmfmc mfmcmb mcmbb mbbf bfc fcmc cmcmb mcmbmc mbmcmb mcmbmc mbmcmc mcmcmb mcmbb mbbc bcb cbc bcc ccc ccb cbmc bmcmb mcmbmc mbmcmc mcmcc mccc ccb cbc bcmh cmhc mhcc ccme cmeh mehmc hmcmb mcmbb mbbmb bmbmc mbmcc mccmc cmcmc mcmcc mccc ccc ccb cbmf bmfmc mfmcmb mcmbb mbbf bfmb fmbmc mbmcmc mcmcc mccc ccmc cmcmc mcmcmb mcmbmc mbmcf mcfmc fmcmb mcmbb mbbmb bmbb mbbc bcmc cmcmb mcmbmc mbmcc mccme ","ref":"composers:bach:chorals:bwv226.2","lyricist":"","composer":"","corpus_ref":"all:chorals","id":"composers:bach:chorals:bwv226.2:P3-1","title":"Komm, heiliger Geist, Herre Gott"}