{"voice":"P4-1","melody":"fmcmc mcmcmb mcmbmc mbmcmb mcmbb mbbmf bmfh mfhmc hmch mchmc hmcmc mcmcmb mcmbb mbbmb bmbmc mbmcmb mcmbb mbbc bcf cfmc fmcmc mcmcmb mcmbmc mbmcmb mcmbb mbbmf bmfh mfhmc hmch mchmc hmcmc mcmcmb mcmbb mbbmb bmbmc mbmcmb mcmbb mbbc bcmh cmhc mhcb cbmb bmbb mbbmb bmbmc mbmcmc mcmcmc mcmcmb mcmbbc mbbcmh bcmhc mhcb cbmb bmbmc mbmcbc mcbcme bcmemd memdc mdcme cmeh mehmbc hmbcc mbccc ccb cbc bcmb cmbb mbbmf bmff mffmc fmcmb mcmbmc mbmch mchc hcc ccb cbmj bmjc mjcc ccb cbmb bmbc mbcb cbmc bmcmb mcmbmc mbmcmc mcmcmd mcmdc mdcc ccb cbmg bmgb mgbc bcb cbc bcc ","ref":"composers:bach:chorals:bwv312","lyricist":"","composer":"","corpus_ref":"all:chorals","id":"composers:bach:chorals:bwv312:P4-1","title":"Es woll uns Gott genädig sein 2"}