{"voice":"P1-1","melody":"dmdmb mdmbb mbbc bcb cbmb bmbb mbbc bcmd cmdb mdbmb bmbb mbbmb bmbmc mbmcmb mcmbb mbbd bdmd dmdmb mdmbb mbbc bcb cbmb bmbb mbbc bcmd cmdb mdbmb bmbb mbbmb bmbmc mbmcmb mcmbb mbbd bdmb dmbb mbbmd bmdmb mdmbe mbemb embb mbbmd bmdmb mdmbb mbbc bcc ccb cbmb bmbb mbbmd bmdb mdbmb bmbmc mbmcmb mcmbb ","ref":"composers:bach:chorals:bwv309","lyricist":"","composer":"","corpus_ref":"all:chorals","id":"composers:bach:chorals:bwv309:voice_P1-1","title":"Es stehn vor Gottes Throne"}