{"voice":"P7-1","melody":"mcmcmf mcmff mffh fhmbc hmbch mbchmc hmcmh mcmhh mhhc hcmd cmdme mdmej mejmc jmcmc mcmcmf mcmff mffh fhmbc hmbch mbchmc hmcmh mcmhh mhhc hcmd cmdme mdmej mejmc jmcmc mcmcmf mcmff mffh fhmbc hmbch mbchmc hmcmh mcmhh mhhc hcmd cmdme mdmej mejmc jmcmc mcmcmf mcmff mffh fhmbc hmbch mbchmc hmcmh mcmhh mhhc hcmd cmdme mdmej mejmd jmdb mdbc bcme cmemb membmc mbmcmc mcmce mceb ebmb bmbd mbdmh dmhf mhfmb fmbme ","ref":"composers:bach:chorals:bwv120.8-a","lyricist":"","composer":"","corpus_ref":"all:chorals","id":"composers:bach:chorals:bwv120.8-a:P7-1","title":"score.xml"}