{"voice":"P2-1","melody":"mbeb ebc bcmc cmcmb mcmbme mbmemc memcmc mcmcc mccmb cmbme mbmei meimb imbe mbeb ebc bcmc cmcmb mcmbme mbmemc memcmc mcmcc mccmb cmbme mbmef mefmc fmcc mccme cmemb membmc mbmcmc mcmch mchf hfmb fmbmc mbmch mchmb hmbme mbmeb mebc bcmh cmhmc mhmcmb mcmbf mbfmc fmcmc mcmcmb mcmbc mbcc ccb cbi bimj imjme ","ref":"composers:bach:chorals:bwv279","lyricist":"","composer":"","corpus_ref":"all:chorals","id":"composers:bach:chorals:bwv279:P2-1","title":"Christ lag in Todesbanden"}