{"voice":"P3-1","melody":"ccd cdc dcc ccme cmef mefmb fmbme mbmemb membmc mbmcc mccc ccb cbc bcmh cmhmc mhmcmc mcmcc mccc ccd cdc dcc ccme cmef mefmb fmbme mbmemb membmc mbmcc mccc ccb cbc bcmh cmhmc mhmcmc mcmcc mccmc cmcmb mcmbb mbbc bcc ccc ccmc cmcmb mcmbme mbmee meeb ebmc bmcmc mcmcc mccc ccc ccb cbmc bmcmb mcmbme mbmef mefc fcmb cmbc mbcb cbmf bmfme mfmee meec ecb cbmb bmbmc mbmcmb mcmbb mbbh bhmc hmcmb ","ref":"composers:bach:chorals:bwv7.7","lyricist":"","composer":"","corpus_ref":"all:chorals","id":"composers:bach:chorals:bwv7.7:P3-1","title":"Es woll uns Gott genädig sein 1"}