{"voice":"P8-1","melody":"bcmbb mbbmb bmbmc mbmcmc mcmcmbc mcmbck mbckmb kmbmc mbmcmc mcmch mchmbc hmbcf mbcfbc fbcmb bcmbb mbbmb bmbmc mbmcmc mcmcmbc mcmbck mbckmb kmbmc mbmcmc mcmch mchmbc hmbcf mbcfe fef efmh fmhh mhhmc hmcmc mcmcmb mcmbmc mbmcmc mcmcmf mcmfbc mfbcmc bcmcmb mcmbb mbbmd bmdc mdcmf cmfb mfbh bhmbc hmbcf ","ref":"composers:bach:chorals:bwv137.5","lyricist":"","composer":"","corpus_ref":"all:chorals","id":"composers:bach:chorals:bwv137.5:P8-1","title":"Hast du denn, Liebster, dein Angesicht gänzlich verborgen"}