{"voice":"P1-1","melody":"ccb cbmb bmbmc mbmcd mcdmf dmfmd mfmdb mdbmb bmbmc mbmcmc mcmch mchc hcc ccb cbmb bmbmc mbmcd mcdmf dmfmd mfmdb mdbmb bmbmc mbmcmc mcmcc mccc ccmc cmcmc mcmcc mccc cci cimb imbb mbbc bcmc cmcmb mcmbmc mbmcmc mcmcf mcfmb fmbme mbmec mecmc cmcmc mcmcmb mcmbmc mbmcc mccb cbc bcmc cmcmb mcmbmc mbmcmc mcmcc mccc ccmc cmcmc mcmcc mccc cci cimb imbb mbbc bcmc cmcmb mcmbmc mbmcmc mcmcf mcfmb fmbme mbmec mecmc cmcmc mcmcmb mcmbmc mbmcc mccb cbc bcmc cmcmb mcmbmc mbmcmc mcmcc mccc ccmc cmcmc mcmcc mccc ccd cdmd dmdb mdbmb bmbmc mbmcmc ","ref":"composers:bach:chorals:bwv317","lyricist":"","composer":"","corpus_ref":"all:chorals","id":"composers:bach:chorals:bwv317:P1-1","title":"Gott der Vater wohn uns bei"}