{"voice":"P4-1","melody":"ccme cmef mefmb fmbb mbbmd bmdf mdfmbc fmbcf mbcfmf fmfc mfcc ccme cmec mecc ccb cbc bcc ccmc cmcmc mcmcmd mcmdf mdfmbc fmbcf mbcff ffc fcc ccme cmef mefmb fmbmc mbmcmc mcmcmb mcmbc mbcb cbmf bmfh mfhmc hmcmb mcmbme mbmef mefmc fmcmb mcmbme mbmef mefe feb ebmd bmdf mdfmbc fmbcf mbcfbc fbcmc bcmcmb mcmbmc mbmcmc mcmcmb mcmbmc mbmcmc mcmcmb mcmbmc mbmcmb mcmbme mbmef mefd fdmc dmcmb mcmbmc mbmcmc mcmcc mccc ccmc cmcmc mcmcc mccf ","ref":"composers:bach:chorals:bwv380","lyricist":"","composer":"","corpus_ref":"all:chorals","id":"composers:bach:chorals:bwv380:P4-1","title":"Meinen Jesum laß ich nicht"}