{"voice":"P3-1","melody":"mcmcmb mcmbb mbbmc bmcmb mcmbc mbcb cbf bfmb fmbmc mbmcmc mcmcmb mcmbmc mbmcc mccf cfmc fmcmc mcmcmb mcmbb mbbmc bmcmb mcmbc mbcb cbf bfmb fmbmc mbmcmc mcmcmb mcmbmc mbmcc mccf cfmc fmcc mccmh cmhc mhcb cbc bcmc cmcmb mcmbmc mbmcc mccb cbmb bmbb mbbf bfc fcc ccmc cmcmc mcmcmb mcmbmc mbmcmc mcmcc mccmc cmcmb mcmbmc mbmcc mccf ","ref":"composers:bach:chorals:bwv308","lyricist":"","composer":"","corpus_ref":"all:chorals","id":"composers:bach:chorals:bwv308:P3-1","title":"Es spricht der Unweisen Mund"}