{"voice":"P2-1","melody":"fdmb dmbmc mbmcc mccmc cmcmb mcmbb mbbmb bmbb mbbc bcmc cmcmb mcmbb mbbmc bmcmc mcmcmb mcmbi mbimb imbmc mbmcc mccb cbmb bmbmc mbmcc mccb cbmb bmbmc mbmcmc mcmce mceb ebc bcmd cmdme mdmec mecc ccmc cmcc mccmd cmdme mdmec mecc ccb cbmb bmbmc mbmcc mccb cbmb bmbme mbmeb mebc bcc ccmc cmcb mcbb bbc bcmc cmcmb mcmbme mbmec mecb cbc bcmd cmdb mdbc bcf cfc fcb cbmd bmdc mdcmd cmdb mdbmb bmbmc mbmcc mccmc cmcc mccc ccme cmef mefmi fmib mibmb bmbb mbbmb bmbmc mbmcc mccd cdb dbb bbb bbb bbb bbmbc bmbcc mbccd cdmc dmcmb mcmbb mbbh bhmc hmcmb mcmbd mbdmc dmcmb mcmbb mbbmb bmbmc mbmcmb mcmbb mbbc bcmh cmhf mhfmc fmcmc mcmcc mccmd cmdb mdbmd bmdj mdjmc jmcmb mcmbb mbbmb bmbme mbmef mefmc fmcf mcfmd fmdc mdcb cbc bcmd cmdb mdbmb bmbmc mbmcmb mcmbb mbbmb bmbb mbbc bcmc cmcmb mcmbd mbdmh dmhb mhbmb bmbc mbcmc ","ref":"composers:bach:chorals:bwv437","lyricist":"","composer":"","corpus_ref":"all:chorals","id":"composers:bach:chorals:bwv437:P2-1","title":"Wir glauben all an einen Gott, Schöpfer Himmels und der Erden"}