{"voice":"P4-1","melody":"bcc ccme cmef mefb fbb bbmc bmcmb mcmbmc mbmcmc mcmcmb mcmbb mbbmf bmff mffe feb ebmd bmdf mdfmbc fmbcf mbcfmb fmbb mbbmb bmbmc mbmch mchmc hmcmc mcmcc mccmh cmhbc mhbcf bcfmbc fmbcc mbccc ccme cmef mefme fmeb mebc bcmc cmcmc mcmcmb mcmbb mbbc bcmh cmhj mhjb jbmb bmbmc mbmcmg mcmgb mgbc bcb cbmb bmbmc mbmcmc mcmcmc mcmcc mccf ","ref":"composers:bach:chorals:bwv94.8","lyricist":"","composer":"","corpus_ref":"all:chorals","id":"composers:bach:chorals:bwv94.8:P4-1","title":"Die Wollust dieser Welt"}