{"voice":"P3-1","melody":"mbbmf bmfb mfbmb bmbmc mbmcmc mcmcj mcjmd jmdf mdfmc fmcc mccb cbmb bmbmc mbmcc mccmh cmhf mhfmb fmbme mbmef mefmb fmbb mbbmf bmfb mfbmb bmbmc mbmcmc mcmcj mcjmd jmdf mdfmc fmcc mccb cbmb bmbmc mbmcc mccmh cmhf mhfmb fmbme mbmef mefmc fmcmd mcmdb mdbmd bmdc mdcd cdc dcc ccmd cmdme mdmec mecb cbmd bmdmb mdmbb mbbme bmec mecc ccme cmec mecc ccb cbmb bmbmf mbmff mffmc fmcmb ","ref":"composers:bach:chorals:bwv87.7","lyricist":"","composer":"","corpus_ref":"all:chorals","id":"composers:bach:chorals:bwv87.7:P3-1","title":"Jesu, meine Freude"}