{"voice":"P2-1","melody":"fmbmc mbmcc mccb cbmb bmbmc mbmcmb mcmbb mbbmc bmcc mccc ccb cbmb bmbb mbbmf bmff mffmb fmbmc mbmcc mccb cbmb bmbmc mbmcmb mcmbb mbbmc bmcc mccc ccb cbmb bmbb mbbmf bmfc mfcc ccc ccb cbmbc bmbcf mbcfc fcmh cmhbc mhbcmb bcmbme mbmemc memcf mcfmb fmbc mbcb cbmc bmcmb mcmbmc mbmcmb mcmbme mbmec mecb cbc bcc ccmc cmcmc mcmcmc mcmch mchmf ","ref":"composers:bach:chorals:bwv260","lyricist":"","composer":"","corpus_ref":"all:chorals","id":"composers:bach:chorals:bwv260:P2-1","title":"Allein Gott in der Höh sei Ehr"}