{"voice":"P3-1","melody":"mcmcc mccc ccc ccb cbmb bmbf mbfb fbc bcmh cmhc mhcc ccmh cmhbc mhbcmc bcmcmc mcmcmb mcmbme mbmemc memcc mccc ccme cmec mecmc cmcmb mcmbmc mbmcmc mcmcc mccc ccc ccb cbmb bmbf mbfb fbc bcmh cmhc mhcc ccmh cmhbc mhbcmc bcmcmc mcmcmb mcmbme mbmemc memcc mccc ccme cmec mecmc cmcmb mcmbd mbde deme emec mecc ccb cbmb bmbmc mbmcmc mcmcmc mcmcmb mcmbc mbcc ccb cbc bcb cbc bcmh cmhc mhcmc cmcmc mcmcmb ","ref":"composers:bach:chorals:bwv36.4-2","lyricist":"","composer":"","corpus_ref":"all:chorals","id":"composers:bach:chorals:bwv36.4-2:P3-1","title":"score.xml"}