{"voice":"P4-1","melody":"bcmbmc mbmcmc mcmcc mccc ccme cmef mefmb fmbmc mbmcmc mcmce mceb ebmb bmbmc mbmcc mccc ccb cbmf bmfmc mfmcmc mcmcmb mcmbf mbfh fhmbc hmbcbc mbcbcmc bcmcmc mcmcmb mcmbb mbbmbc bmbcbc mbcbcmb bcmbmc mbmcmb mcmbb mbbme bmec mecc ccmc cmcmc mcmcmb mcmbmc mbmcmc mcmcc mccc ccb cbc bcc ccmc cmcmc mcmcc mccmh ","ref":"composers:bach:chorals:bwv306","lyricist":"","composer":"","corpus_ref":"all:chorals","id":"composers:bach:chorals:bwv306:P4-1","title":"Erstanden ist der heilig Christ"}