{"voice":"P3-1","melody":"bcmc cmcmb mcmbmc mbmcmc mcmcc mccmc cmce mceb ebc bcc ccmc cmcmc mcmcmb mcmbb mbbc bcmc cmcmb mcmbmc mbmcmc mcmcc mccmc cmce mceb ebc bcc ccmc cmcmc mcmcmb mcmbd mbdc dcmc cmcmc mcmcc mccc ccmb cmbb mbbmc bmcmc mcmcmb mcmbmc mbmcmc mcmce mcemc emcmc mcmcc mccd cdmb dmbb mbbc bcc ccmc cmcmc mcmcmb ","ref":"composers:bach:chorals:bwv262","lyricist":"","composer":"","corpus_ref":"all:chorals","id":"composers:bach:chorals:bwv262:P3-1","title":"Alle Menschen müssen sterben 1"}