{"voice":"P2-1","melody":"dfmb fmbb mbbmd bmdmc mdmcc mccc ccb cbmb bmbme mbmec mecc ccb cbmb bmbb mbbmh bmhc mhcmc cmcc mccmb cmbb mbbmd bmdd mddf dfmb fmbb mbbmd bmdmc mdmcc mccc ccb cbmb bmbme mbmec mecc ccb cbmb bmbb mbbmh bmhc mhcmc cmcc mccmb cmbb mbbmc bmce mceme ememb membb mbbf bfmb fmbmc mbmcc mccc ccb cbmb bmbme ","ref":"composers:bach:chorals:bwv299","lyricist":"","composer":"","corpus_ref":"all:chorals","id":"composers:bach:chorals:bwv299:voice_P2-1","title":"Dir, dir, Jehova, will ich singen"}