{"voice":"P2-1","melody":"cbmb bmbmc mbmcmb mcmbb mbbmb bmbb mbbmf bmff mffmb fmbme mbmef mefc fcmc cmcc mccmc cmcmb mcmbb mbbmb bmbb mbbmf bmff mffmb fmbme mbmek mekmb kmbmc mbmcmc mcmcc mccc ccb cbmc bmcmb mcmbmc mbmcmc mcmcf mcfmb fmbmc mbmcc mccmh cmhf mhfc fcc ccb cbmb bmbmc mbmcmc mcmcc mccc ccb cbmc bmcmb mcmbmc mbmcc mccmc cmcmc mcmcmb ","ref":"composers:bach:chorals:bwv348","lyricist":"","composer":"","corpus_ref":"all:chorals","id":"composers:bach:chorals:bwv348:P2-1","title":"Ich dank dir, lieber Herre"}