{"voice":"P2-1","melody":"cmbb mbbc bcmc cmcc mccb cbmb bmbf mbfmc fmcmc mcmcmb mcmbmc mbmcc mccb cbmb bmbd mbdmc dmcmb mcmbb mbbmf bmff mffmb fmbb mbbmb bmbmc mbmcc mccme cmec mecmb cmbb mbbc bcmc cmcc mccb cbmb bmbf mbfmc fmcmc mcmcmb mcmbmc mbmcc mccb cbmb bmbd mbdmc dmcmb mcmbb mbbmf bmff mffmb fmbb mbbmb bmbmc mbmcc mccme cmebc mebcmc bcmcmb mcmbmc mbmcmc mcmcmc mcmcc mcce cemc emcc mccmc cmcmc mcmcmb mcmbb mbbc bcc ccb cbmb bmbmc mbmcmc mcmcc mccmd cmdb mdbc bcmc cmcc mccc ccmh cmhc mhcb cbmb bmbd mbdc dcc ccb cbmb bmbmc mbmcme mcmemb membb mbbc bcmd cmdme mdmef mefmb fmbmc mbmcc mccme ","ref":"composers:bach:chorals:bwv402","lyricist":"","composer":"","corpus_ref":"all:chorals","id":"composers:bach:chorals:bwv402:P2-1","title":"Es sind doch selig alle, die im rechten Glauben wandeln"}