{"voice":"P4-1","melody":"mfmbb mbbf bfmd fmdb mdbmh bmhmd mhmdmc mdmcbc mcbcmc bcmcmb mcmbmc mbmch mchmf hmfmc mfmcmc mcmcc mccc ccmh cmhbc mhbcmf bcmfmb mfmbb mbbf bfmd fmdb mdbmh bmhmd mhmdmc mdmcbc mcbcmc bcmcmb mcmbmc mbmch mchmf hmfmc mfmcmc mcmcc mccc ccmh cmhf mhfc fcc ccme cmef mefmb fmbmc mbmcmc mcmcmc mcmcmd mcmdf mdfmh fmhf mhfmg fmgc mgcb cbc bcb cbc bcc ccb cbmb bmbf mbfmf fmfmb mfmbb mbbf bfmd fmdb mdbmh bmhmd mhmdmc mdmcbc mcbcmc bcmcmb mcmbmc mbmch mchmf hmfmc mfmcmc mcmcc mccc ccmh ","ref":"composers:bach:chorals:bwv92.9","lyricist":"","composer":"","corpus_ref":"all:chorals","id":"composers:bach:chorals:bwv92.9:P4-1","title":"Was mein Gott will, das gscheh allzeit"}