{"voice":"P2-1","melody":"dmbmc mbmcmc mcmch mchmc hmcc mccc ccmc cmcmc mcmcmb mcmbmc mbmcd mcdmb dmbmc mbmcmc mcmch mchmc hmcc mccc ccmc cmcmc mcmcmb mcmbmc mbmcd mcdmb dmbmc mbmcmc mcmch mchmc hmcc mccc ccmc cmcmc mcmcmb mcmbmc mbmcd mcdmb dmbmc mbmcmc mcmch mchmc hmcc mccc ccmc cmcmc mcmcmb mcmbmc mbmcd mcdmb dmbmc mbmcmc mcmch mchmc hmcc mccc ccmc cmcmc mcmcmb mcmbmc mbmcd mcdmb dmbmc mbmcmc mcmch mchmc hmcc mccc ccmc cmcmc mcmcmb mcmbd mbdmc dmcmb mcmbmc mbmch mchmc hmcc mccc ccmc cmcmc mcmcmc mcmcmb mcmbd mbdmc dmcmb mcmbmc mbmch mchmc hmcc mccb cbmb bmbmc mbmcmc mcmcmd mcmdd mddmb dmbmc mbmcmc mcmch mchmc hmcc mccc ccmc cmcmc mcmcmb ","ref":"composers:bach:chorals:bwv190.7-inst","lyricist":"","composer":"","corpus_ref":"all:chorals","id":"composers:bach:chorals:bwv190.7-inst:P2-1","title":"Jesu, nun sei gepreiset"}