{"voice":"P4-1","melody":"fmbmc mbmcmc mcmcmi mcmimc mimcf mcfmh fmhbc mhbcc bccc ccmbc cmbcb mbcbc bcf cfmb fmbmc mbmcmh mcmhf mhfmc fmcmb mcmbb mbbmb bmbmc mbmcmc mcmcbc mcbcmh bcmhc mhcmd cmdf mdfc fcb cbc bcmc cmcmb mcmbmc mbmcc mccb cbmd bmdc mdcb cbmb bmbmc mbmcmc mcmcc mccmc cmcmb mcmbmc mbmcc mccb cbmd bmdf mdfmc fmcmc mcmcmb mcmbmc mbmcc mccb cbc bcmc cmcc mccmh ","ref":"composers:bach:chorals:bwv394","lyricist":"","composer":"","corpus_ref":"all:chorals","id":"composers:bach:chorals:bwv394:P4-1","title":"O Welt, ich muß dich lassen"}