{"voice":"P4-1","melody":"cbmd bmdmb mdmbmc mbmcmc mcmcf mcfmb fmbb mbbmf bmfme mfmebc mebcmb bcmbmc mbmcc mccb cbmh bmhc mhcmbc cmbcf mbcfe femc emcmc mcmcmb mcmbmc mbmcmb mcmbb mbbbc bbcmh bcmhc mhcc ccc ccb cbc bcmh cmhf mhfmh fmhmd mhmdf mdfmh fmhbc mhbcmc bcmcmbe mcmbebc mbebcmb bcmbmbe mbmbebc mbebcmc bcmcmf mcmfbc mfbcmc bcmcmb mcmbf mbfmc fmcmc mcmcmb mcmbmc mbmcmd mcmdf mdfmh ","ref":"composers:bach:chorals:bwv344","lyricist":"","composer":"","corpus_ref":"all:chorals","id":"composers:bach:chorals:bwv344:P4-1","title":"Hilf, Herr Jesu, laß gelingen 1"}