{"voice":"P2-1","melody":"bmbf mbfmb fmbb mbbmf bmfe mfeb ebmc bmcf mcfc fcmi cmib mibc bcmc cmcmb mcmbmc mbmcc mccb cbc bcmb cmbme mbmeb mebmb bmbf mbfmb fmbb mbbmf bmfe mfeb ebmc bmcf mcfc fcmi cmib mibc bcmc cmcmb mcmbmc mbmcc mccb cbc bcmb cmbd mbdmc dmcme mcmef mefmb fmbmb mbmbb mbbmc bmcmb mcmbc mbcb cbc bcmc cmcmb mcmbme ","ref":"composers:bach:chorals:bwv345","lyricist":"","composer":"","corpus_ref":"all:chorals","id":"composers:bach:chorals:bwv345:P2-1","title":"Ich bin ja, Herr, in deiner Macht"}