{"voice":"P3-1","melody":"mfbmb bmbmc mbmcmc mcmcc mccc ccb cbc bcmf cmfc mfcb cbmb bmbb mbbc bcmc cmcmb mcmbf mbfmf fmfb mfbmb bmbmc mbmcmc mcmcc mccc ccb cbc bcmf cmfc mfcb cbmb bmbb mbbc bcmc cmcmb mcmbf mbfd fdc dcmh cmhc mhcb cbc bcmd cmdb mdbmd bmdmc mdmcmb mcmbb mbbc bcc ccmc cmcmc mcmcmb mcmbmc mbmcc mccb cbmb bmbmc mbmcc mccmc cmcd mcdmb dmbb mbbmb bmbmc mbmcc mccf ","ref":"composers:bach:chorals:bwv194.6","lyricist":"","composer":"","corpus_ref":"all:chorals","id":"composers:bach:chorals:bwv194.6:P3-1","title":"Wie nach einer Wasserquelle"}