{"voice":"P3-1","melody":"ebc bcmc cmce mceb ebmb bmbmc mbmcmc mcmcmb mcmbf mbfb fbmb bmbmc mbmcmc mcmcmc mcmcmb mcmbc mbcmc cmcmb mcmbmb mbmbe mbeb ebc bcmc cmce mceb ebmb bmbmc mbmcmc mcmcmb mcmbf mbfb fbmb bmbmc mbmcmc mcmcmc mcmcmb mcmbc mbcmc cmcmb mcmbb mbbd bdc dcmc cmcmf mcmfc mfcmh cmhbc mhbcc bccmc cmcmc mcmcmb mcmbb mbbmc bmcmb mcmbd mbdmb dmbmc mbmcc mccb cbmb bmbmc mbmcmc mcmcmc mcmcmb mcmbd mbdf dfc fcc ccb cbc bcmbc cmbcf mbcfmc fmcmb mcmbc mbcb cbmb bmbmc mbmcmb ","ref":"composers:bach:chorals:bwv305","lyricist":"","composer":"","corpus_ref":"all:chorals","id":"composers:bach:chorals:bwv305:P3-1","title":"Erbarm dich mein, o Herre Gott"}