{"voice":"P3-1","melody":"mbmcmf mcmfbc mfbcmc bcmcmc mcmcmb mcmbmd mbmdb mdbmb bmbe mbee eemc emcmc mcmcmh mcmhmb mhmbf mbfmb fmbb mbbc bcb cbmb bmbmc mbmcmf mcmfbc mfbcmc bcmcmc mcmcmb mcmbmd mbmdb mdbmb bmbe mbee eemc emcmc mcmcmh mcmhmb mhmbf mbfmb fmbb mbbc bcb cbc bcmc cmcmb mcmbb mbbmb bmbme mbmee meed edf dfmc fmcmb mcmbmc mbmcmc mcmcmb mcmbmc mbmcmb mcmbme ","ref":"composers:bach:chorals:bwv330","lyricist":"","composer":"","corpus_ref":"all:chorals","id":"composers:bach:chorals:bwv330:P3-1","title":"Herr, ich habe mißgehandelt"}