{"voice":"P4-1","melody":"cbmd bmdf mdfc fcb cbmd bmdmc mdmcmb mcmbmc mbmcbc mcbcmb bcmbb mbbmc bmcmb mcmbmc mbmcmb mcmbb mbbmh bmhc mhcmh cmhbc mhbcmc bcmcmc mcmcmd mcmdc mdcb cbc bcc ccmf cmfb mfbc bcmd cmdb mdbf bfmb fmbb mbbmb bmbmbc mbmbcbc mbcbcb bcbmb bmbmc mbmcmc mcmcmb mcmbmc mbmcmb mcmbb mbbc bcb cbc bcc ccc ccc ccmc cmcc mccme cmef mefmb fmbb mbbc bcmc cmcmc mcmcmc mcmcmb mcmbb mbbc bcmc cmcmb mcmbmc mbmcc mccf cfmbc fmbcc mbccb cbc bcc ccb cbmb bmbmc mbmcc mccmh ","ref":"composers:bach:chorals:bwv403","lyricist":"","composer":"","corpus_ref":"all:chorals","id":"composers:bach:chorals:bwv403:P4-1","title":"O Mensch, schau Jesum Christum an"}