{"voice":"P4-1","melody":"mcmcmb mcmbb mbbc bcmh cmhc mhcc ccb cbmb bmbmc mbmcmc mcmch mchmh hmhj mhjmc jmcmc mcmcmb mcmbb mbbc bcmh cmhc mhcc ccb cbmb bmbmc mbmcmc mcmch mchmh hmhbc mhbcmb bcmbmc mbmcmc mcmcc mccc ccb cbmbc bmbcbc mbcbcmb bcmbf mbfmc fmcmc mcmcmd mcmdf mdfmh fmhbc mhbcmc bcmcmb mcmbmc mbmcmc mcmcmc mcmcmb mcmbmc mbmcmc mcmcmb mcmbb mbbc bcmh cmhc mhcc ccb cbc bcmh ","ref":"composers:bach:chorals:bwv399","lyricist":"","composer":"","corpus_ref":"all:chorals","id":"composers:bach:chorals:bwv399:P4-1","title":"O Gott, du frommer Gott"}