{"voice":"P1-1","melody":"mbmcmc mcmcf mcfc fcc ccmc cmcc mccb cbc bcmc cmcmb mcmbmc mbmcc mccb cbmb bmbmc mbmcmc mcmcmb mcmbmc mbmcmc mcmcf mcfc fcc ccmc cmcc mccb cbc bcmc cmcmb mcmbmc mbmcc mccb cbmb bmbmc mbmcmc mcmcc mccc ccme cmec mecc ccme cmemd memdf mdfmc fmcmb mcmbb mbbmb bmbmc mbmcmc mcmcf mcfmb fmbmc mbmcmc mcmcf mcfc fcc ccmc cmcc mccb cbc bcmc cmcmb mcmbmc mbmcc mccb cbmb bmbmc mbmcmc ","ref":"composers:bach:chorals:bwv184.5","lyricist":"","composer":"","corpus_ref":"all:chorals","id":"composers:bach:chorals:bwv184.5:voice_P1-1","title":"O Herre Gott, dein göttlich Wort"}