{"voice":"P3-1","melody":"ccb cbmb bmbb mbbmb bmbmc mbmcmc mcmcbc mcbcmb bcmbmc mbmcmc mcmcb mcbb bbc bcb cbmb bmbmc mbmcmb mcmbme mbmeme memec mecc ccb cbmb bmbb mbbmb bmbmc mbmcmc mcmcbc mcbcmb bcmbmc mbmcmc mcmcb mcbb bbc bcb cbmb bmbmc mbmcmb mcmbme mbmef mefmc fmcmc mcmcc mccc ccmc cmcmc mcmcmb mcmbmc mbmcmc mcmcc mccc ccmb cmbb mbbmb bmbb mbbme bmec mecc ccmh cmhh mhhc hcmh cmhf mhfmc fmcmb ","ref":"composers:bach:chorals:bwv358","lyricist":"","composer":"","corpus_ref":"all:chorals","id":"composers:bach:chorals:bwv358:P3-1","title":"Jesu, meine Freude"}