{"voice":"P3-1","melody":"bcc ccmc cmcf mcfc fcmg cmgb mgbmf bmfb mfbmf bmfj mfjb jbmb bmbmc mbmcc mccc ccb cbmc bmcmb mcmbmc mbmcmc mcmcc mccc ccmc cmcmc mcmcmb mcmbb mbbc bcc ccmc cmcf mcfc fcmg cmgb mgbmf bmfb mfbmf bmfj mfjb jbmb bmbmc mbmcc mccc ccb cbmc bmcmb mcmbmc mbmcmc mcmcc mccc ccmc cmcmc mcmcmb mcmbb mbbc bcmc cmcf mcfmb fmbmc mbmcmc mcmcmb mcmbd mbdf dfc fcmc cmcmb mcmbmc mbmcmc mcmcmc mcmcmb ","ref":"composers:bach:chorals:bwv397","lyricist":"","composer":"","corpus_ref":"all:chorals","id":"composers:bach:chorals:bwv397:P3-1","title":"O Ewigkeit, du Donnerwort"}