{"voice":"P4-1","melody":"mbcc ccme cmef mefmc fmcmc mcmcmb mcmbmc mbmcmc mcmcmc mcmcmb mcmbmc mbmcmc mcmch mchf hfb fbb bbmbc bmbcf mbcff ffmb fmbmb mbmbmb mbmbmh mbmhf mhfc fcc ccmc cmcmc mcmcf mcfmc fmcmb mcmbmc mbmch mchmbc hmbcf mbcfc fcc ccmc cmcc mccme cmef mefc fcmc cmcmb mcmbmc mbmcc mccb cbmf bmff mffmb fmbmb mbmbmb mbmbmb mbmbmb mbmbmb mbmbb mbbe beb ebmi bmic micc ccb cbc bcb cbmf bmfmh ","ref":"composers:bach:chorals:bwv60.5","lyricist":"","composer":"","corpus_ref":"all:chorals","id":"composers:bach:chorals:bwv60.5:P4-1","title":"Es ist genug"}