{"voice":"P4-1","melody":"mfbc bcc ccc ccb cbmh bmhc mhcmh cmhmd mhmdh mdhc hcc ccb cbmc bmcmc mcmcmb mcmbmc mbmcc mccmh cmhbc mhbcmf bcmfb mfbc bcc ccc ccb cbmh bmhc mhcmh cmhmd mhmdh mdhc hcc ccb cbmc bmcmc mcmcmb mcmbmc mbmcc mccmh cmhc mhcb cbc bcc ccb cbc bcc ccc ccmd cmdb mdbc bcb cbc bcc ccmh cmhmc mhmcmc mcmcmb mcmbmc mbmcmf mcmfc mfcb cbc bcmc cmcc mccmh cmhj mhjc jcb cbmf bmfh mfhmc hmcmc mcmcmb mcmbmc mbmcc mccmh ","ref":"composers:bach:chorals:bwv114.7","lyricist":"","composer":"","corpus_ref":"all:chorals","id":"composers:bach:chorals:bwv114.7:P4-1","title":"Wo Gott, der Herr, nicht bei uns hält"}