{"voice":"P4-1","melody":"ccme cmef mefmb fmbmc mbmcc mccb cbc bcmh cmhh mhhb hbb bbmf bmfmf mfmfb mfbc bcmd cmdf mdfc fcb cbmi bmib mibmd bmdf mdfmh fmhj mhjmc jmcc mccc ccb cbmc bmcmb mcmbme mbmef mefmb fmbb mbbmd bmdf mdfmd fmdf mdfmbc fmbcf mbcff ffmh fmhf mhfmb fmbmf mbmfb mfbc bcmd cmdf mdfmh fmhc mhcb cbc bcmh ","ref":"composers:bach:chorals:bwv422","lyricist":"","composer":"","corpus_ref":"all:chorals","id":"composers:bach:chorals:bwv422:P4-1","title":"Warum sollt ich mich denn grämen"}