{"voice":"P3-1","melody":"ccb cbmb bmbmc mbmcmc mcmcmb mcmbb mbbmb bmbi mbimb imbmc mbmcmc mcmcmc mcmcc mccc ccmc cmcmc mcmcmb mcmbb mbbmb bmbb mbbmc bmcmb mcmbmc mbmcc mccc ccb cbc bcmc cmcmb mcmbd mbdmc dmcc mccc ccmc cmce mceb ebmf bmfmd mfmdf mdfme fmec mecc ccb cbc bcmc cmcmb mcmbb mbbc bcc ccmc cmcc mccmc cmcmc mcmcmb mcmbb mbbmg bmgmc mgmcc mccb cbc bcc ccmc cmcmc mcmch mchmh hmhc mhcc ccb cbc bcmf cmfmc mfmcmb mcmbme ","ref":"composers:bach:chorals:bwv37.6","lyricist":"","composer":"","corpus_ref":"all:chorals","id":"composers:bach:chorals:bwv37.6:P3-1","title":"Ich dank dir, lieber Herre"}