{"voice":"P2-1","melody":"mcmcc mccmc cmcmb mcmbmc mbmcc mccb cbc bcmc cmcc mccc ccb cbc bcmc cmcmb mcmbmc mbmcmc mcmcc mccc ccb cbmb bmbmc mbmcmc mcmcc mccmc cmcmb mcmbmc mbmcc mccb cbc bcmc cmcc mccc ccb cbc bcmc cmcmb mcmbmc mbmcmc mcmcc mccc ccb cbmb bmbd mbdc dcmc cmcmc mcmcmb mcmbmc mbmcmc mcmcc mccc ccb cbc bcmf cmfmc mfmce mcemc emcmc mcmcmb mcmbmc mbmcd mcdmb dmbmc mbmcmc mcmcf mcfc fcc ccb cbmb bmbmc mbmcmc mcmcmb mcmbmc mbmcc mccb cbmb bmbmc ","ref":"composers:bach:chorals:bwv185.6","lyricist":"","composer":"","corpus_ref":"all:chorals","id":"composers:bach:chorals:bwv185.6:P2-1","title":"Ich ruf zu dir, Herr Jesu Christ"}