{"voice":"P2-1","melody":"mcmcc mccc ccb cbc bcmb cmbb mbbmc bmcmb mcmbc mbcc ccb cbc bcmc cmcmb mcmbme mbmemc memcmc mcmcc mccc ccb cbc bcmb cmbb mbbmc bmcmb mcmbc mbcc ccb cbc bcmc cmcmb mcmbme mbmef mefmb fmbme mbmef mefmc fmcmc mcmcmb mcmbf mbfmc fmcc mccc ccmh cmhd mhdmb dmbmc mbmcd mcdmc dmcmb mcmbmc mbmcmb mcmbb mbbmb bmbmb mbmbc mbcf cfmc fmcmb mcmbmc mbmcc mccc ccc ccb cbmf bmff mffmb fmbme ","ref":"composers:bach:chorals:bwv33.6","lyricist":"","composer":"","corpus_ref":"all:chorals","id":"composers:bach:chorals:bwv33.6:P2-1","title":"Allein zu dir, Herr Jesu Christ"}