{"voice":"P3-1","melody":"mbbmf bmfc mfcc ccme cmemc memcc mccmc cmcc mccmd cmdmc mdmcmc mcmcc mccc ccb cbc bcc ccc ccmc cmcmc mcmcmf mcmfmd mfmdf mdfmc fmcmc mcmcmb mcmbmc mbmcmc mcmcj mcjf jfc fcb cbc bcmg cmgb mgbc bcc ccb cbmc bmcmb mcmbmc mbmcmc mcmcc mccmh cmhc mhcmc cmcmc mcmcc mccc ccmc cmch mchmc hmcc mccc ccmh cmhmc mhmcc mccmc cmcmc mcmcmb mcmbmc mbmcc mccb cbc bcc ccmc cmcmc mcmcmb mcmbb mbbc bcc ccb cbmd bmdf mdfmc fmcmb mcmbb mbbc bcmc cmcc mccc ccmh cmhc mhcd cdmc dmcmb mcmbmc mbmcmc mcmcc mccmc cmcc mccc ccme cmeh mehmf hmfc ","ref":"composers:bach:chorals:bwv59.3","lyricist":"","composer":"","corpus_ref":"all:chorals","id":"composers:bach:chorals:bwv59.3:P3-1","title":"Komm, heiliger Geist, Herre Gott"}