{"voice":"P1-1","melody":"mbmcmc mcmcf mcfc fcc ccme cmemf memff mffc fcc ccb cbmd bmdmc mdmcc mccmc cmcmb mcmbmc mbmcmc mcmcf mcfc fcc ccme cmemf memff mffc fcc ccb cbmd bmdmc mdmcc mccmc cmcmd mcmdc mdcb cbmb bmbmc mbmcmc mcmcmb mcmbb mbbf bfc fcc ccb cbmb bmbmc mbmcc mccmc cmcc mccb cbc bcmc cmcmb mcmbmc mbmcmc mcmcc mccmc ","ref":"composers:bach:chorals:bwv308","lyricist":"","composer":"","corpus_ref":"all:chorals","id":"composers:bach:chorals:bwv308:P1-1","title":"Es spricht der Unweisen Mund"}