{"voice":"P4-1","melody":"mhbcmc bcmcmc mcmcmb mcmbmc mbmcmb mcmbb mbbmf bmfmf mfmfb mfbc bcc ccb cbmb bmbmc mbmcc mccmh cmhh mhhf hfh fhmc hmcmc mcmcmb mcmbmc mbmcmb mcmbb mbbmf bmfmf mfmfb mfbc bcc ccb cbmb bmbmc mbmcc mccmh cmhbc mhbcmg bcmgb mgbmf bmfb mfbmb bmbmc mbmcmc mcmch mchmf hmfh mfhme hmef mefmb fmbmh mbmhbc mhbcmb bcmbb mbbc bcb cbc bcb cbb ","ref":"composers:bach:chorals:bwv77.6","lyricist":"","composer":"","corpus_ref":"all:chorals","id":"composers:bach:chorals:bwv77.6:P4-1","title":"Ach Gott, vom Himmel sieh darein"}