{"voice":"P2-1","melody":"bcmc cmcc mccc ccmc cmcmc mcmcmb mcmbc mbcb cbmc bmcmb mcmbmc mbmcc mccb cbmb bmbb mbbc bcmc cmcc mccc ccmc cmcmc mcmcmb mcmbc mbcb cbmc bmcmb mcmbmc mbmcc mccb cbmb bmbd mbdmf dmfc mfcb cbmb bmbc mbcc ccb cbmc bmcmb mcmbmc mbmcmc mcmcf mcfmb fmbme mbmee meeb ebmb bmbc mbcb cbmf bmfb mfbmb bmbmc mbmcmc ","ref":"composers:bach:chorals:bwv258","lyricist":"","composer":"","corpus_ref":"all:chorals","id":"composers:bach:chorals:bwv258:P2-1","title":"Wo Gott, der Herr, nicht bei uns hält"}