{"voice":"P1-1","melody":"cbmb bmbmc mbmcmc mcmcc mccmc cmcmb mcmbmc mbmcmc mcmcc mccc ccc ccb cbc bcmc cmcc mccb cbmb bmbmc mbmcmc mcmcc mccmc cmcmb mcmbmc mbmcmc mcmcc mccc ccc ccb cbc bcmc cmcf mcfmb fmbmc mbmcc mccb cbmb bmbmc mbmcmc mcmcf mcfmf fmfc mfcmf cmfb mfbc bcmc cmcmb mcmbmc mbmcc mccb cbmb bmbmc mbmcmc mcmcc mccmc ","ref":"composers:bach:chorals:bwv251","lyricist":"","composer":"","corpus_ref":"all:chorals","id":"composers:bach:chorals:bwv251:P1-1","title":"Es ist das Heil uns kommen Her"}