{"voice":"P2-1","melody":"cbmb bmbmc mbmcmb mcmbme mbmef mefmc fmcmc mcmcmb mcmbmf mbmfb mfbc bcc ccmh cmhbc mhbcc bccmc cmcmb mcmbb mbbc bcmc cmcmb mcmbb mbbmc bmcmb mcmbmc mbmcmf mcmfb mfbe bed edc dcmc cmcmc mcmcmb mcmbd mbdc dcmc cmcc mccmc cmcmc mcmcmd mcmdf mdfc fcmb cmbb mbbmb bmbb mbbmc bmcmf mcmfj mfjmc jmcc mccmc cmcmb mcmbb mbbmb bmbb mbbmb bmbb mbbmb bmbmc mbmcc mccme ","ref":"composers:bach:chorals:bwv423","lyricist":"","composer":"","corpus_ref":"all:chorals","id":"composers:bach:chorals:bwv423:P2-1","title":"Was betrübst du dich, mein Herze"}