{"voice":"P4-1","melody":"mfbmb bmbmc mbmcmc mcmcbc mcbcmb bcmbmc mbmcmf mcmfb mfbmb bmbb mbbc bcmh cmhbc mhbcmf bcmfmc mfmcmb mcmbf mbfmh fmhc mhcf cfmc fmcmc mcmcc mccmc cmcmb mcmbmc mbmcb mcbb bbf bfmf fmfc mfcb cbme bmeb mebf bfmc fmcbc mcbcmc bcmcmb mcmbmc mbmcmh mcmhf mhfmb fmbmc mbmcmc mcmcmc mcmcmb mcmbmc mbmcmc mcmch mchb hbmc bmcc mccme cmef mefmf fmfmh ","ref":"composers:bach:chorals:bwv300","lyricist":"","composer":"","corpus_ref":"all:chorals","id":"composers:bach:chorals:bwv300:P4-1","title":"Du großer Schmerzensmann, vom Vater so geschlagen"}