{"voice":"P4-1","melody":"bcmcmb mcmbmc mbmcmc mcmcmh mcmhbb mhbbmb bbmbb mbbmd bmdb mdbmh bmhh mhhmb hmbme mbmef mefmd fmdf mdfmh fmhmc mhmch mchmbc hmbcf mbcfbc fbcmc bcmcmb mcmbmc mbmcmc mcmcmh mcmhbb mhbbmb bbmbb mbbmd bmdb mdbmh bmhh mhhmb hmbme mbmef mefmd fmdf mdfmh fmhmc mhmch mchmbc hmbcf mbcfmf fmfbc mfbcmc bcmcmb mcmbd mbdmh dmhmf mhmfbc mfbcmc bcmcmb mcmbd mbdmh dmhbc mhbcmc bcmcmb mcmbmc mbmcc mccc ccb cbmbb bmbbb mbbbf bfc fcmbc cmbcf mbcfmc fmcbc mcbcmc bcmcmb mcmbmc mbmcc mccc ccb cbmbb bmbbb mbbbf bfc fcmbc cmbcf mbcfg fgb gbmc bmcmc mcmcmb mcmbmc mbmcmc mcmcmb mcmbmc mbmcmb mcmbb mbbmd bmdb mdbmh ","ref":"composers:bach:chorals:bwv190.7","lyricist":"","composer":"","corpus_ref":"all:chorals","id":"composers:bach:chorals:bwv190.7:P4-1","title":"score.xml"}