{"voice":"P4-1","melody":"mdmcmc mcmcmb mcmbb mbbmb bmbmc mbmcc mccme cmebc mebcmc bcmcmb mcmbmc mbmcmc mcmch mchmd hmdmc mdmcmc mcmch mchmb hmbmc mbmcc mccme cmemf memff mfff fff ffmb fmbmc mbmcmc mcmcmb mcmbmc mbmcmf mcmfb mfbmd bmdf mdfmh fmhc mhcc ccb cbc bcmc cmcmb mcmbme mbmemf memff mffbc fbcmb bcmbmc mbmcc mccmc cmcmc mcmcf mcfc fcc ccmbc cmbcf mbcfmf fmfb mfbmd bmdf mdfmh fmhc mhcc ccb cbc bcmd cmdf mdfmc fmcmc mcmcmb mcmbb mbbmb bmbmc mbmcf mcfmc fmcmb mcmbf mbfmc fmcc mccc ccb cbmd bmdc mdcmbb cmbbc mbbcc ccb cbmd bmdf mdfmd fmdb mdbmf ","ref":"composers:bach:chorals:bwv368","lyricist":"","composer":"","corpus_ref":"all:chorals","id":"composers:bach:chorals:bwv368:P4-1","title":"In dulci jubilo"}