{"voice":"P2-1","melody":"mbbb bbme bmeme memeh mehmc hmcmb mcmbb mbbmb bmbmc mbmcf mcfc fcmc cmcmc mcmcmb mcmbd mbdmb dmbb mbbb bbme bmeme memeh mehmc hmcmb mcmbb mbbmb bmbmc mbmcf mcfc fcmc cmcmc mcmcmb mcmbd mbdc dcc ccmc cmcmc mcmcmb mcmbmc mbmcc mccb cbmd bmdmc mdmcc mccd cdmc dmcc mccc ccme cmec mecc ccmc cmcmc mcmcmb ","ref":"composers:bach:chorals:bwv156.6","lyricist":"","composer":"","corpus_ref":"all:chorals","id":"composers:bach:chorals:bwv156.6:P2-1","title":"Aus tiefer Not schrei ich zu dir 2"}