{"voice":"P3-1","melody":"mcmbb mbbc bcc ccb cbmb bmbmc mbmcmf mcmfb mfbmf bmfc mfcc ccmc cmcmc mcmce mcemf emfb mfbc bcmf cmfc mfcb cbc bcc ccme cmef mefc fcmd cmdmc mdmcd mcdmb dmbmc mbmcc mccmc cmcmc mcmcc mccmc cmcmb mcmbb mbbmb bmbf mbfmc fmcc mccmd cmdb mdbmf bmff mffmb fmbmc mbmcc mcci cimc imcmb mcmbb mbbmc bmcc mccc ccc ccmh cmhmc mhmcmc mcmcc mccc ccmc cmcmc mcmce mcemc emcmc mcmcc mccmc cmcmb mcmbf mbfmc fmcmc mcmce mcemc emcmc mcmcmb mcmbmc mbmcc mccb cbc bcc ccmf cmfb mfbc bcc ccmc cmcmb mcmbb mbbmf bmff mffmb fmbmc mbmcc mccd cdb dbmb bmbmc mbmcmc mcmch mchmc hmcmb mcmbmc mbmcc mccmh cmhh mhhme hmemd memdc mdcb cbmb bmbc mbcc ccb cbmc bmcmc mcmcmb mcmbb mbbmb bmbb mbbh bhmc hmcmb mcmbmc mbmcmc mcmcmb mcmbb mbbf bfmb fmbmb mbmbb mbbf bfmbc fmbch mbchme hmec mecc ccmc cmcmb mcmbb mbbmb bmbb mbbmd bmdc ","ref":"composers:bach:chorals:bwv276","lyricist":"","composer":"","corpus_ref":"all:chorals","id":"composers:bach:chorals:bwv276:P3-1","title":"Christ ist erstanden"}