{"voice":"P4-1","melody":"bcmbmc mbmcmc mcmcmf mcmfh mfhmc hmcmc mcmcmb mcmbf mbfc fcb cbmb bmbmc mbmcmc mcmcmc mcmcmd mcmdc mdcb cbc bcmh cmhbc mhbcmb bcmbmc mbmcmc mcmcmf mcmfh mfhmc hmcmc mcmcmb mcmbf mbfc fcb cbmb bmbmc mbmcmc mcmcmc mcmcmd mcmdc mdcb cbc bcmh cmhbc mhbcmf bcmfbc mfbcmc bcmcmb mcmbmc mbmcmc mcmcmc mcmcmf mcmfc mfcc ccmh cmhj mhjb jbmb bmbmc mbmcmf mcmfb mfbc bcc ccmc cmcmc mcmcmb mcmbf mbfmc fmcb mcbb bbmc bmcmc mcmcmd mcmdc mdcb cbc bcmh ","ref":"composers:bach:chorals:bwv260","lyricist":"","composer":"","corpus_ref":"all:chorals","id":"composers:bach:chorals:bwv260:voice_P4-1","title":"Allein Gott in der Höh sei Ehr"}