{"voice":"P4-1","melody":"mcmbmc mbmcc mccb cbmf bmfh mfhmbc hmbcf mbcfc fcb cbmb bmbmc mbmcc mccb cbc bcmh cmhmd mhmdc mdcme cmef mefmb fmbb mbbmb bmbmc mbmcmc mcmcf mcfc fcc ccme cmef meff ffmb fmbmc mbmcmf mcmfmf mfmfbc mfbcmc bcmcmf mcmfc mfcb cbc bcmc cmcc mccmh cmhmb mhmbb mbbmc bmcmb mcmbmc mbmcmc mcmcbc mcbcmb bcmbmc mbmcmb mcmbb mbbmf bmff mffmf fmfc mfcb cbh bhmc hmcc mccmh cmhmb mhmbb mbbc bcc ccme cmef mefc fcc ccmc cmcmbc mcmbcf ","ref":"composers:bach:chorals:bwv120.6","lyricist":"","composer":"","corpus_ref":"all:chorals","id":"composers:bach:chorals:bwv120.6:P4-1","title":"Herr Gott, dich loben wir, Herr Gott, wir danken dir"}