{"voice":"P4-1","melody":"mcmcc mccmh cmhh mhhmf hmfc mfcb cbc bcc ccmc cmcmc mcmcmd mcmdf mdfmh fmhh mhhc hcb cbmb bmbb mbbf bfmd fmdmd mdmdf mdfmbc fmbcf mbcfmb fmbb mbbd bdmb dmbb mbbe bemb embb mbbmf bmfmc mfmcmc mcmcmd mcmdf mdfmh fmhf mhfc fcc ccb cbmf bmfb mfbb bbc bcmc cmcmc mcmcmb mcmbmc mbmcc mccf cfmc fmcc mccb cbmf bmfmd mfmdf mdfmh fmhbc mhbcmc bcmcmb mcmbb mbbb bbb bbmi bmib mibc bcb cbb bbme bmeh mehmc hmcmb mcmbmc mbmcmc mcmcmb mcmbmc mbmcc mccb cbmd bmdc mdcb cbc bcc ccmf cmfb mfbc bcmh cmhh mhhc hcb cbmi bmic micc ccb cbmj bmjc mjcc ccmh cmhbc mhbcc bccb cbmd bmdme mdmeb mebb bbb bbb bbb bbb bbc bcb cbmd bmdme mdmemd memdf mdfmh fmhf mhfmc fmcmb mcmbmc mbmcmc mcmce mceb ebb bbb bbb bbb bbmc bmcmb mcmbb mbbc bcc ccmbc cmbcbc mbcbcmc bcmcmc mcmch mchmbc hmbcc mbccc ccmh cmhc mhcb cbe beb ebc bcmh cmhmd mhmdbc mdbcmc bcmcmc mcmcmb mcmbbc mbbcmc bcmcmc mcmcmb mcmbmc mbmcmf mcmfb mfbc bcmh cmhh mhhc hcb cbb bbb bbb bbb bbmbc bmbcf mbcfmh fmhbc mhbcmb bcmbmc mbmcc mccf cfmh fmhmb mhmbmc mbmcc mccme cmef mefc fcb cbmd bmdme mdmemd memdf mdfmh fmhbc mhbcmg bcmgb mgbmc bmcmb mcmbmb mbmbmb mbmbmb mbmbb mbbc bcb cbc bcc ","ref":"composers:bach:chorals:bwv371","lyricist":"","composer":"","corpus_ref":"all:chorals","id":"composers:bach:chorals:bwv371:P4-1","title":"Kyrie, Gott Vater in Ewigkeit"}