{"voice":"P4-1","melody":"mcmbmc mbmcbc mcbcmb bcmbb mbbme bmemd memdc mdcmh cmhe mheb ebc bcb cbmb bmbb mbbc bcc ccmbc cmbcf mbcfmc fmcmb mcmbmc mbmcbc mcbcmb bcmbb mbbme bmemd memdc mdcmh cmhe mheb ebc bcb cbmb bmbb mbbc bcc ccmbc cmbcf mbcfmc fmcmc mcmcmb mcmbc mbcc ccb cbmc bmcmc mcmcmb mcmbbc mbbcmc bcmcmc mcmcmb mcmbmc mbmcc mccd cdmb dmbf mbfmd fmdme mdmef mefme fmemd memdc mdcmh cmhf mhfmc fmcmh mcmhc mhcc ccb cbc bcmb cmbb mbbe bed edmc dmcmb mcmbmc mbmcme mcmemd memdc mdcf ","ref":"composers:bach:chorals:bwv278","lyricist":"","composer":"","corpus_ref":"all:chorals","id":"composers:bach:chorals:bwv278:P4-1","title":"Christ lag in Todesbanden"}