{"voice":"P5-1","melody":"ccme cmef mefmb fmbmc mbmcf mcfmc fmcmb mcmbmc mbmcmc mcmcmb mcmbb mbbc bcc ccc ccme cmef mefmbc fmbcf mbcfmb fmbmc mbmcmc mcmcf mcfmd fmdf mdfmh fmhf mhfc fcc ccme cmef mefmb fmbmc mbmcmc mcmcmb mcmbme mbmec mecc ccb cbe bemc emcmb mcmbme mbmef mefmbc fmbch mbchmc hmcmc mcmcmb mcmbmc mbmcmc mcmcf mcfmd fmdf mdfmh fmhbc mhbcc bccc ccme cmef mefc fcmc cmcmb mcmbmc mbmcmd mcmdf mdfmbc fmbcf mbcfh fhmc hmcmc mcmcmb mcmbmc mbmcc mccb cbmd bmdme mdmemd memdf mdfmh ","ref":"composers:bach:chorals:bwv124.6","lyricist":"","composer":"","corpus_ref":"all:chorals","id":"composers:bach:chorals:bwv124.6:P5-1","title":"Meinen Jesum laß ich nicht, weil er sich für mich gegeben"}