{"voice":"P4-1","melody":"ccb cbmb bmbc mbcc ccb cbmc bmcmb mcmbb mbbmh bmhbc mhbcmf bcmfc mfcmh cmhc mhcmc cmcmc mcmcmb mcmbmc mbmcmb mcmbd mbdf dfb fbmb bmbmc mbmcc mccmh cmhd mhdc dcc ccb cbmb bmbc mbcc ccb cbmc bmcmb mcmbb mbbmh bmhbc mhbcmf bcmfc mfcmh cmhc mhcmc cmcmc mcmcmb mcmbmc mbmcmb mcmbd mbdf dfb fbmb bmbmc mbmcc mccmh cmhbc mhbcmh bcmhf mhfmh fmhf mhfmb fmbmc mbmcmg mcmgb mgbbf bbfmb bfmbmc mbmcmc mcmcmc mcmcmb mcmbmc mbmcmb mcmbb mbbmf bmfc mfcc ccc ccb cbmd bmdb mdbc bcb cbc bcc ccme cmemb membb mbbc bcmbc cmbcf mbcfbc fbcmb bcmbmc mbmcmc mcmcmc mcmcmb mcmbb mbbmd bmdc mdcb cbmb bmbmc mbmcc mccmh ","ref":"composers:bach:chorals:bwv261","lyricist":"","composer":"","corpus_ref":"all:chorals","id":"composers:bach:chorals:bwv261:P4-1","title":"Allein zu dir, Herr Jesu Christ"}