{"voice":"P4-1","melody":"mfbmb bmbmc mbmcmc mcmcf mcfc fcmh cmhmd mhmdh mdhb hbmb bmbmc mbmcc mccmh cmhbc mhbcmf bcmfb mfbmb bmbmc mbmcmc mcmcf mcfc fcmh cmhmd mhmdh mdhb hbmb bmbmc mbmcc mccmh cmhk mhkmh kmhc mhcc ccb cbc bcb cbb bbmj bmjc mjcc ccf cfmc fmcmc mcmcmb mcmbmc mbmcc mccc ccb cbmh bmhc mhcmh cmhj mhjc jcb cbmb bmbc mbcb cbmc bmcmc mcmcmb mcmbmc mbmcc mccmh ","ref":"composers:bach:chorals:bwv178.7","lyricist":"","composer":"","corpus_ref":"all:chorals","id":"composers:bach:chorals:bwv178.7:P4-1","title":"Wo Gott, der Herr, nicht bei uns hält"}