{"voice":"P2-1","melody":"bmbmc mbmcc mcce ceb ebmb bmbme mbmed medc dcmb cmbb mbbmf bmff mffmb fmbme mbmeb mebc bcmc cmcmb mcmbf mbfmc fmcmc mcmcmb mcmbd mbdmc dmcmb mcmbb mbbmb bmbd mbdmc dmcmf mcmfc mfcc ccf cfmb fmbme mbmec mecmc cmcc mccb cbc bcmc cmcmc mcmcc mccc ccmc cmcmd mcmdb mdbmb bmbd mbdc dcc ccmc cmcmc mcmcmh mcmhc mhcc ccb cbc bcc ccmc cmcmc mcmcmb mcmbb mbbc bcmc cmcmb mcmbd mbdc dcc ccmh cmhmc mhmch mchmb hmbb mbbmf bmfmc mfmcmc mcmcc mccc ccmc cmcc mccmc cmcmd mcmdb mdbc bcc ccb cbmb bmbb mbbc bcc ccmc cmcmc mcmcmb ","ref":"composers:bach:chorals:bwv126.6","lyricist":"","composer":"","corpus_ref":"all:chorals","id":"composers:bach:chorals:bwv126.6:P2-1","title":"score.xml"}