{"voice":"P4-1","melody":"mbmcmc mcmcmc mcmcmb mcmbb mbbmf bmfbc mfbcmc bcmcmb mcmbmc mbmcmh mcmhc mhcmh cmhbc mhbcmb bcmbb mbbmh bmhc mhcmbc cmbcf mbcff ffc fcc ccb cbc bcmbc cmbcf mbcff ffc fcmc cmcmb mcmbmc mbmcc mccb cbc bcc ccme cmec mecmh cmhf mhfh fhmc hmcmb mcmbmc mbmcmj mcmjc mjcc ccb cbe bemc emcf mcfmb fmbmc mbmcmc mcmcmc mcmcmd mcmdf mdfmh fmhbc mhbcmf bcmff mffmb fmbmc mbmcmb mcmbb mbbc bcb cbc bcmh cmhc mhcmh ","ref":"composers:bach:chorals:bwv284","lyricist":"","composer":"","corpus_ref":"all:chorals","id":"composers:bach:chorals:bwv284:P4-1","title":"Christus ist erstanden, hat überwunden"}