{"voice":"P2-1","melody":"mbbmb bmbmc mbmcmb mcmbb mbbmb bmbe mbec ecc ccmc cmcc mccmh cmhmc mhmcf mcfmb fmbb mbbmd bmdc mdcmc cmcmb mcmbme mbmei meic icmc cmcmb mcmbb mbbmb bmbme mbmef mefc fcc ccmc cmcmc mcmcmb mcmbmc mbmcc mccb cbc bcmc cmcc mccmc cmcc mccmc cmcmb mcmbmc mbmcc mccb cbb bbmc bmcc mccd cdmc dmcmc mcmcmb mcmbmc mbmcmb mcmbme ","ref":"composers:bach:chorals:bwv381","lyricist":"","composer":"","corpus_ref":"all:chorals","id":"composers:bach:chorals:bwv381:P2-1","title":"Meines Lebens letzte Zeit"}