{"voice":"P1-1","melody":"cmcmc mcmcmb mcmbb mbbc bcmf cmfc mfcc ccb cbc bcmc cmcmf mcmfc mfcb cbmb bmbmc mbmcmc mcmcc mccc ccb cbmb bmbb mbbc bcmf cmfmc mfmcmb mcmbmc mbmcmc mcmcf mcfc fcc ccb cbc bcmc cmcmb mcmbmc mbmcc mccb cbc bcc ccmc cmcmf mcmfc mfcc ccb cbc bcmc cmcmf mcmfc mfcb cbmb bmbmc mbmcmc mcmcc mccc ccb cbmb bmbb mbbc bcmf cmfmc mfmcmb mcmbmc mbmcmc mcmcf mcfc fcc ccb cbc bcmc cmcmb mcmbmc mbmcmf mcmfc mfcb cbc bcc ccmc cmcmc mcmcmb mcmbmc mbmcmc mcmch mchc hcmc cmcmc ","ref":"composers:bach:chorals:bwv59.3","lyricist":"","composer":"","corpus_ref":"all:chorals","id":"composers:bach:chorals:bwv59.3:P1-1","title":"Komm, heiliger Geist, Herre Gott"}