{"voice":"P3-1","melody":"bcb cbc bcmh cmhc mhcc ccb cbc bcc ccmc cmcmc mcmcc mccmh cmhc mhcb cbmb bmbmb mbmbb mbbc bcb cbc bcmh cmhc mhcc ccb cbc bcc ccmc cmcmc mcmcc mccmh cmhc mhcb cbmb bmbmb mbmbmb mbmbc mbcmc cmcmc mcmcmb mcmbf mbfmb fmbb mbbf bfc fcmc cmcmc mcmcmb mcmbmc mbmcmb mcmbb mbbmc bmcc mccmc cmcmb mcmbb mbbmb bmbc mbcb cbc bcmc cmcf mcfmh fmhc mhcc ccb cbmf bmfc mfcc ccmc cmcmb mcmbmc mbmcc ","ref":"composers:bach:chorals:bwv311","lyricist":"","composer":"","corpus_ref":"all:chorals","id":"composers:bach:chorals:bwv311:P3-1","title":"Es woll uns Gott genädig sein 2"}