{"voice":"P4-1","melody":"cbmb bmbmc mbmcmc mcmcmc mcmcmb mcmbmc mbmcmc mcmcmb mcmbme mbmef mefbc fbcmbc bcmbcc mbccc ccf cfmh fmhf mhfmh fmhe mheb ebmd bmdf mdfmh fmhbb mhbbmc bbmcmc mcmcmc mcmcmb mcmbe mbeb ebme bmemd memdmd mdmdf mdfmh fmhc mhcb cbc bcc ccc ccb cbmd bmdf mdfmd fmdf mdfmh fmhbc mhbcmc bcmcmc mcmcmb mcmbmc mbmcc mccb cbmd bmdme mdmemd memdf mdfmh fmhbc mhbcmb bcmbmc mbmcmb mcmbb mbbme bmemd memdmd mdmdf mdfmh ","ref":"composers:bach:chorals:bwv259","lyricist":"","composer":"","corpus_ref":"all:chorals","id":"composers:bach:chorals:bwv259:P4-1","title":"Ach, was soll ich Sünder machen"}