{"voice":"P4-1","melody":"fcb cbmb bmbmc mbmcmb mcmbb mbbmf bmfmf mfmfb mfbc bcc ccb cbmb bmbmc mbmcc mccmh cmhh mhhf hfc fcb cbmb bmbmc mbmcmb mcmbb mbbmf bmfmf mfmfb mfbc bcc ccb cbmb bmbmc mbmcc mccmh cmhj mhjb jbmb bmbmc mbmch mchmc hmcmc mcmcmb mcmbmc mbmcmc mcmcmc mcmcmb mcmbf mbfb fbmf bmfc mfcc ccmh cmhc mhcb cbc bcc ccmh cmhbc mhbcmb bcmbb mbbmc bmcmc mcmcmb mcmbmc mbmcmb mcmbb mbbb bbb ","ref":"composers:bach:chorals:bwv153.1","lyricist":"","composer":"","corpus_ref":"all:chorals","id":"composers:bach:chorals:bwv153.1:P4-1","title":"Ach Gott, vom Himmel sieh darein"}