{"voice":"P4-1","melody":"fmcmb mcmbmc mbmcmc mcmcc mccc ccb cbmf bmff mffmd fmdmf mdmfmc mfmcmc mcmcf mcfc fcmh cmhbc mhbcc bccmc cmcmb mcmbmc mbmcmc mcmcc mccc ccb cbmf bmff mffmd fmdmf mdmfmc mfmcmc mcmcf mcfc fcmh cmhh mhhmc hmcmb mcmbmc mbmci mcimd imdc mdcmh cmhc mhcb cbf bfc fcmbc cmbcf mbcfh fhmb hmbmc mbmcc mccmh cmhf mhfmc fmcmb mcmbb mbbmh bmhmb mhmbb mbbc bcc ccmc cmcc mccb cbc bcmh ","ref":"composers:bach:chorals:bwv244.40","lyricist":"","composer":"","corpus_ref":"all:chorals","id":"composers:bach:chorals:bwv244.40:P4-1","title":"Werde munter, mein Gemüte"}