{"voice":"P1-1","melody":"ccb cbmb bmbmc mbmcmc mcmcc mccc ccmc cmcmc mcmcc mccc ccmc cmcmc mcmcmb mcmbb mbbc bcc ccb cbmb bmbmc mbmcmc mcmcc mccc ccmc cmcmc mcmcc mccc ccmc cmcmc mcmcmb mcmbb mbbe beb ebmb bmbmc mbmcmc mcmcmb mcmbb mbbmb bmbmc mbmcmb mcmbb mbbd bdmb dmbb mbbe beb ebmb bmbmc mbmcmc mcmcc mccc ccmc cmcmc mcmcc mccc ccmc cmcmc mcmcmb mcmbb ","ref":"composers:bach:chorals:bwv433","lyricist":"","composer":"","corpus_ref":"all:chorals","id":"composers:bach:chorals:bwv433:P1-1","title":"Wer Gott vertraut, hat wohl gebaut"}