{"voice":"P4-1","melody":"mcmcmb mcmbmc mbmcmc mcmcmb mcmbi mbimh imhc mhcc ccmh cmhbc mhbcmc bcmcmc mcmce mceb ebmj bmjb mjbh bhmc hmcmc mcmcmb mcmbmc mbmcmc mcmcmb mcmbi mbimh imhc mhcc ccmh cmhbc mhbcmc bcmcmc mcmce mceb ebmj bmjb mjbmc bmcmc mcmcbc mcbcmb bcmbmc mbmcf mcfmbc fmbcf mbcfh fhmc hmcmb mcmbmc mbmcmc mcmcmb mcmbb mbbc bcc ccmh cmhc mhcb cbc bcmh cmhb mhbb bbbc bbcmc bcmcmc mcmcc mccc ccmh cmhb mhbb bbc bcmh cmhf mhfmh fmhc mhcb cbmb bmbb mbbc bcc ccmc cmcc mccmh ","ref":"composers:bach:chorals:bwv417","lyricist":"","composer":"","corpus_ref":"all:chorals","id":"composers:bach:chorals:bwv417:P4-1","title":"Von Gott will ich nicht lassen"}