{"voice":"P4-1","melody":"mfbc bcf cfmb fmbmc mbmcmh mcmhc mhcb cbc bcmh cmhbc mhbcmb bcmbmc mbmcmc mcmcmc mcmcmb mcmbmc mbmcmc mcmcmb mcmbb mbbc bcc ccb cbc bcc ccmh cmhc mhcmh cmhk mhkc kcmh cmhc mhcd cdmb dmbb mbbmc bmcmb mcmbme mbmej mejmc jmcmc mcmcmb mcmbmc mbmcf mcff ffmb fmbmc mbmcmb mcmbb mbbmh bmhc mhcmh ","ref":"composers:bach:chorals:bwv254","lyricist":"","composer":"","corpus_ref":"all:chorals","id":"composers:bach:chorals:bwv254:P4-1","title":"Ach Gott, erhör mein Seufzen und Wehklagen"}