{"voice":"P3-1","melody":"mcmbmc mbmcmc mcmcbc mcbcmc bcmcmb mcmbc mbcb cbmb bmbb mbbmd bmdmc mdmcmc mcmcmb mcmbd mbdc dcc ccb cbmd bmdme mdmemb membd mbdc dcme cmemd memdf mdfc fcmc cmcc mccmc cmcmc mcmcmb mcmbb mbbc bcc ccmc cmcc mccb cbmb bmbc mbcme cmef mefmb fmbme mbmec mecc ccb cbmf bmfmc mfmcmb mcmbmc mbmcmc mcmcmb mcmbb mbbh bhmc hmcmb ","ref":"composers:bach:chorals:bwv159.5","lyricist":"","composer":"","corpus_ref":"all:chorals","id":"composers:bach:chorals:bwv159.5:P3-1","title":"Jesu Kreuz, Leiden und Pein"}