{"voice":"P2-1","melody":"mbbmb bmbb mbbc bcmc cmcmb mcmbb mbbmb bmbb mbbmb bmbmb mbmbc mbcmc cmch mchmc hmcmb mcmbb mbbmd bmdmb mdmbb mbbmb bmbb mbbc bcmc cmcmb mcmbb mbbmb bmbb mbbmb bmbmb mbmbc mbcmc cmch mchmc hmcmb mcmbb mbbmb bmbmc mbmcmb mcmbb mbbmh bmhj mhjmh jmhc mhcc ccd cdmc dmcmc mcmcmc mcmcf mcfmb fmbc mbcmc cmcmb mcmbb mbbmb bmbb ","ref":"composers:bach:chorals:bwv313","lyricist":"","composer":"","corpus_ref":"all:chorals","id":"composers:bach:chorals:bwv313:P2-1","title":"Für Freuden laßt uns springen"}