{"voice":"P4-1","melody":"cbc bcc ccf cfmc fmcmc mcmcmb mcmbe mbeb ebmf bmfb mfbmf bmfc mfcmd cmdf mdfmh fmhc mhcb cbc bcc ccf cfmc fmcmc mcmcmb mcmbe mbeb ebmf bmfb mfbmf bmfc mfcmd cmdf mdfmh fmhbc mhbcmh bcmhc mhcb cbmb bmbmc mbmcmc mcmcf mcfmb fmbmc mbmcmb mcmbb mbbc bcb cbc bcc ccmf cmfc mfcb cbc bcc ccme cmemd memdc mdcb cbmd bmdme mdmemd memdf mdfmh fmhb mhbb bbc bcb cbmb bmbb mbbmb bmbmc mbmch ","ref":"composers:bach:chorals:bwv135.6","lyricist":"","composer":"","corpus_ref":"all:chorals","id":"composers:bach:chorals:bwv135.6:P4-1","title":"Herzlich tut mich verlangen"}