{"voice":"P4-1","melody":"mcmcmd mcmdmd mdmdb mdbmd bmdme mdmeh mehb hbb bbmc bmcmc mcmcb mcbb bbmg bmgb mgbmg bmgb mgbbc bbcmh bcmhbc mhbcmb bcmbmb mbmbmb mbmbmc mbmcc mccmh cmhmb mhmbb mbbh bhb hbmb bmbmc mbmcmc mcmcmc mcmcc mccmh cmhg mhgb gbmh bmhc mhcc ccmh cmhc mhcb cbc bcc ccmb cmbb mbbf bfmc fmcmb mcmbmc mbmcmc mcmcmb mcmbf mbfmh ","ref":"composers:bach:chorals:bwv289","lyricist":"","composer":"","corpus_ref":"all:chorals","id":"composers:bach:chorals:bwv289:P4-1","title":"Das alte Jahr vergangen ist"}