{"voice":"P4-1","melody":"cbme bmeb mebme bmemd memdc mdcmh cmhbc mhbcmc bcmcmc mcmcmb mcmbmc mbmcc mccb cbmg bmgmc mgmch mchmh hmhc mhcb cbc bcc ccf cfme fmemd memdc mdcmh cmhbc mhbcmc bcmcmc mcmcmb mcmbmc mbmcc mccb cbmg bmgmc mgmch mchf hfmc fmcmb mcmbb mbbmd bmdme mdmec mecf cfmd fmdmc mdmcmc mcmcbc mcbcmb bcmbmc mbmcme mcmec mecmh cmhc mhcc ccb cbc bcb cbb bbmc bmcmc mcmcmb mcmbf mbfc fcb cbme bmeb mebmh bmhc mhcmh ","ref":"composers:bach:chorals:bwv78.7","lyricist":"","composer":"","corpus_ref":"all:chorals","id":"composers:bach:chorals:bwv78.7:P4-1","title":"Wachet doch, erwacht, ihr Schläfer"}