{"voice":"P3-1","melody":"ccmc cmcc mccb cbmb bmbmc mbmcmc mcmce mcemh emhmb mhmbb mbbc bcd cdmc dmcmd mcmdmb mdmbe mbec ecc ccmc cmcc mccb cbmb bmbmc mbmcmc mcmce mcemh emhmb mhmbb mbbc bcd cdmc dmcmd mcmdmb mdmbi mbimc imcmc mcmcc mccc ccmc cmcmc mcmcmb mcmbf mbfmf fmfb mfbc bcc ccme cmemd memdi mdimg imgb mgbc bcmc cmch mchmc hmcmb mcmbmc mbmcc mccb cbmd bmdmd mdmdf mdfmd ","ref":"composers:bach:chorals:bwv353","lyricist":"","composer":"","corpus_ref":"all:chorals","id":"composers:bach:chorals:bwv353:P3-1","title":"Wachet doch, erwacht, ihr Schläfer"}